{"datetime": "2021-10-13T01:13:25Z", "opt_score": 2.7776585357236736, "opt_settings": [[[[]]], [[[-2.71680401615352], [1.6199117866677273]], [[2.6144474585131463], [-2.1496183796193895]]]], "scores": [0.881342705637998, 1.9495108487446693, 2.3896848277386438, 2.573791542759843, 2.6817893795895076, 2.714497211531168, 2.7349520183401865, 2.7455607191283464, 2.749644480484458, 2.772240591698019, 2.780865902438783, 2.7660979736505604, 2.781338785026682, 2.7935395890020467, 2.78533392523695, 2.7776585357236736], "samples": [0, 1, 2, 3, 4, 5, 6, 7, 8, 9, 10, 11, 12, 13, 14, 14], "settings_history": [[[[[]]], [[[-2.6010117168406017], [0.1763735816500307]], [[2.4402412812188023], [-1.8667448323317126]]]], [[[[]]], [[[-2.600262896958837], [0.5869634980349934]], [[2.487787280635857], [-2.271605764743142]]]], [[[[]]], [[[-2.7397231830538624], [0.8694422859398923]], [[2.4919923160023267], [-2.483896553004538]]]], [[[[]]], [[[-2.8675435923495654], [1.023932787287595]], [[2.4509513054750736], [-2.5079985944299055]]]], [[[[]]], [[[-2.9157470754198016], [1.1952362111670032]], [[2.4698592126444083], [-2.491305637398707]]]], [[[[]]], [[[-2.8899656375294382], [1.2772648699013904]], [[2.464629869337737], [-2.415793167507583]]]], [[[[]]], [[[-2.8544661369468467], [1.3728372072225232]], [[2.5031373039530798], [-2.3901615835790517]]]], [[[[]]], [[[-2.828290062235143], [1.4052687013266683]], [[2.4768142900038326], [-2.317475748177636]]]], [[[[]]], [[[-2.864779084820699], [1.3975965040646678]], [[2.48590806506599], [-2.3753278886639886]]]], [[[[]]], [[[-2.863167227860362], [1.470184232622345]], [[2.512974638229272], [-2.327089871127926]]]], [[[[]]], [[[-2.8288249425238976], [1.5348811249321683]], [[2.5379556781027715], [-2.284149791359202]]]], [[[[]]], [[[-2.7703832294643687], [1.525625674743823]], [[2.53957548916458], [-2.228195175100417]]]], [[[[]]], [[[-2.780524415308672], [1.5715010968898595]], [[2.554199895765645], [-2.212421140204985]]]], [[[[]]], [[[-2.7927177300422663], [1.6267811562002856]], [[2.60875461938526], [-2.2160578739399255]]]], [[[[]]], [[[-2.741793030372123], [1.6404385519176152]], [[2.638571365351382], [-2.1853799681885486]]]], [[[[]]], [[[-2.71680401615352], [1.6199117866677273]], [[2.6144474585131463], [-2.1496183796193895]]]]], "step_times": [218.18442010879517, 277.1653370857239, 242.2213408946991, 216.05936479568481, 289.4327759742737, 258.1936070919037, 282.55269408226013, 261.2940399646759, 283.6154398918152, 258.8611960411072, 359.79794096946716, 299.48131918907166, 300.9428222179413, 342.9465560913086, 400.3908791542053, 400.3908791542053], "step_size": 0.15}