{"datetime": "2021-10-13T12:48:54Z", "opt_score": 2.3333592873156217, "opt_settings": [[[[]]], [[[-3.2236818648710313], [0.5291856168125895]], [[1.0132647492619824], [3.402396477689793]]]], "scores": [-1.695096529064328, -1.329983360581537, -0.8599724570533956, -0.2862341375774221, 0.3249539907311598, 0.8965828337284099, 1.3384012003550199, 1.647708998284663, 1.8364216455433438, 1.9559311834608524, 2.0372972686878095, 2.103336371705141, 2.158240797218027, 2.212410138587047, 2.2707193128603347, 2.3333592873156217], "samples": [0, 1, 2, 3, 4, 5, 6, 7, 8, 9, 10, 11, 12, 13, 14, 14], "settings_history": [[[[[]]], [[[-1.8032193648710306], [0.29421061681258953]], [[1.4739522492619823], [1.710508977689794]]]], [[[[]]], [[[-1.8683943648710306], [0.2829981168125895]], [[1.3760772492619824], [1.880158977689794]]]], [[[[]]], [[[-1.9495068648710305], [0.2687106168125895]], [[1.2787647492619825], [2.078458977689794]]]], [[[[]]], [[[-2.0566068648710307], [0.2555481168125895]], [[1.1801397492619825], [2.2995964776897937]]]], [[[[]]], [[[-2.1829443648710307], [0.24868561681258947]], [[1.0916397492619825], [2.5289089776897935]]]], [[[[]]], [[[-2.3207193648710307], [0.2549106168125895]], [[1.0117272492619824], [2.7516214776897936]]]], [[[[]]], [[[-2.4568443648710305], [0.2618106168125895]], [[0.9508272492619825], [2.9437339776897935]]]], [[[[]]], [[[-2.5837818648710305], [0.2906106168125895]], [[0.9009522492619825], [3.0988339776897935]]]], [[[[]]], [[[-2.6904318648710306], [0.32934811681258946]], [[0.8729022492619825], [3.2086339776897934]]]], [[[[]]], [[[-2.7854568648710307], [0.36291061681258946]], [[0.8569647492619824], [3.283221477689793]]]], [[[[]]], [[[-2.867919364871031], [0.39411061681258946]], [[0.8559897492619825], [3.337033977689793]]]], [[[[]]], [[[-2.947306864871031], [0.4282356168125895]], [[0.8676897492619825], [3.373333977689793]]]], [[[[]]], [[[-3.018669364871031], [0.45429811681258947]], [[0.8899647492619825], [3.398496477689793]]]], [[[[]]], [[[-3.086206864871031], [0.47796061681258944]], [[0.9258522492619825], [3.410646477689793]]]], [[[[]]], [[[-3.156069364871031], [0.5046606168125894]], [[0.9644397492619825], [3.409671477689793]]]], [[[[]]], [[[-3.2236818648710313], [0.5291856168125895]], [[1.0132647492619824], [3.402396477689793]]]]], "step_times": [285.738028049469, 221.58377504348755, 326.6783993244171, 214.65578484535217, 256.677206993103, 290.4007771015167, 324.29389810562134, 215.63166618347168, 243.0491840839386, 424.8049910068512, 316.03703808784485, 214.97100472450256, 261.8570759296417, 242.3591501712799, 487.7752618789673, 487.7752618789673], "step_size": 0.15}