{"datetime": "2021-10-13T15:37:27Z", "opt_score": 2.816789237746631, "opt_settings": [[[[]]], [[[-0.021427926266251455], [-1.543957653876521]], [[-0.8544486895368243], [0.8895137884743133]]]], "scores": [-1.057698878162507, -0.3392167026705087, 0.4897987874477874, 1.275809577342716, 1.854090176057149, 2.209030071575291, 2.4301881594927064, 2.5701571043338407, 2.657000519103109, 2.7119182126540493, 2.750010878049909, 2.774605239183327, 2.791118326551462, 2.8040504447931722, 2.8115620806800035, 2.816789237746631], "samples": [0, 1, 2, 3, 4, 5, 6, 7, 8, 9, 10, 11, 12, 13, 14, 14], "settings_history": [[[[[]]], [[[0.055222073733748545], [-2.774295153876521]], [[-1.287573689536824], [2.5466762884743135]]]], [[[[]]], [[[0.000322073733748561], [-2.549182653876521]], [[-1.290986189536824], [2.3704262884743135]]]], [[[[]]], [[[-0.038415426266251454], [-2.310982653876521]], [[-1.284798689536824], [2.1593762884743133]]]], [[[[]]], [[[-0.06470292626625147], [-2.0801326538765212]], [[-1.271448689536824], [1.9331762884743133]]]], [[[[]]], [[[-0.07745292626625147], [-1.8915076538765212]], [[-1.244448689536824], [1.7225012884743134]]]], [[[[]]], [[[-0.07944042626625147], [-1.7619826538765213]], [[-1.2061236895368241], [1.5474137884743133]]]], [[[[]]], [[[-0.07325292626625148], [-1.6783576538765212]], [[-1.1553111895368242], [1.4010887884743133]]]], [[[[]]], [[[-0.06279042626625148], [-1.6209451538765212]], [[-1.1067486895368241], [1.2807512884743133]]]], [[[[]]], [[[-0.05289042626625147], [-1.5868951538765212]], [[-1.0619736895368241], [1.1853887884743133]]]], [[[[]]], [[[-0.043065426266251455], [-1.5699451538765212]], [[-1.0201236895368242], [1.1124887884743133]]]], [[[[]]], [[[-0.03320292626625146], [-1.5619576538765212]], [[-0.9820986895368242], [1.0515887884743134]]]], [[[[]]], [[[-0.029302926266251455], [-1.5550951538765212]], [[-0.9472986895368243], [1.0065512884743133]]]], [[[[]]], [[[-0.02521542626625147], [-1.5488326538765211]], [[-0.9196236895368243], [0.9698012884743133]]]], [[[[]]], [[[-0.022365426266251452], [-1.546207653876521]], [[-0.8909736895368243], [0.9358637884743133]]]], [[[[]]], [[[-0.022327926266251456], [-1.545195153876521]], [[-0.8730111895368243], [0.9092387884743133]]]], [[[[]]], [[[-0.021427926266251455], [-1.543957653876521]], [[-0.8544486895368243], [0.8895137884743133]]]]], "step_times": [193.91934418678284, 173.10295581817627, 369.1212418079376, 391.7915201187134, 207.1155230998993, 319.2251720428467, 409.5902190208435, 186.92097306251526, 179.9020607471466, 274.215341091156, 210.3032932281494, 186.26885986328125, 213.51519513130188, 183.7765350341797, 174.4849021434784, 174.4849021434784], "step_size": 0.15}