{"datetime": "2021-10-12T21:51:00Z", "opt_score": 2.7987055540479493, "opt_settings": [[[[]]], [[[-1.9154288401602668], [-0.5258918541517124]], [[-1.2840907826446166], [-2.6381169321437294]]]], "scores": [0.7656077885104128, 1.351310658934137, 1.7598922353212099, 2.0160224242441807, 2.1810624162427192, 2.304878631821448, 2.4038221616473763, 2.4882518063525865, 2.5621841369576073, 2.6237311979539837, 2.674813231471233, 2.7123821640538277, 2.743799519379723, 2.7677093986854397, 2.7853700861702944, 2.7987055540479493], "samples": [0, 1, 2, 3, 4, 5, 6, 7, 8, 9, 10, 11, 12, 13, 14, 14], "settings_history": [[[[[]]], [[[-2.5435163401602674], [-0.8800418541517123]], [[-1.6332532826446162], [-1.310466932143729]]]], [[[[]]], [[[-2.3182913401602674], [-0.9077168541517123]], [[-1.6448032826446162], [-1.480904432143729]]]], [[[[]]], [[[-2.1439538401602674], [-0.9259418541517124]], [[-1.6373407826446162], [-1.647104432143729]]]], [[[[]]], [[[-2.020953840160267], [-0.9235043541517124]], [[-1.6190782826446162], [-1.792079432143729]]]], [[[[]]], [[[-1.9415663401602672], [-0.9077918541517124]], [[-1.5947407826446163], [-1.917291932143729]]]], [[[[]]], [[[-1.888541340160267], [-0.8834168541517124]], [[-1.5564532826446162], [-2.028929432143729]]]], [[[[]]], [[[-1.867803840160267], [-0.8437418541517124]], [[-1.5157282826446163], [-2.1263919321437292]]]], [[[[]]], [[[-1.860416340160267], [-0.7996418541517124]], [[-1.4842657826446164], [-2.215829432143729]]]], [[[[]]], [[[-1.8595913401602668], [-0.7567793541517124]], [[-1.4485282826446164], [-2.297129432143729]]]], [[[[]]], [[[-1.8650288401602668], [-0.7142918541517124]], [[-1.4170282826446163], [-2.3687169321437294]]]], [[[[]]], [[[-1.8735038401602668], [-0.6735668541517124]], [[-1.3881532826446163], [-2.4327669321437293]]]], [[[[]]], [[[-1.8807413401602668], [-0.6383543541517124]], [[-1.3664032826446164], [-2.4850044321437292]]]], [[[[]]], [[[-1.8888788401602667], [-0.6044168541517124]], [[-1.3421782826446165], [-2.5322544321437293]]]], [[[[]]], [[[-1.8985538401602668], [-0.5761418541517124]], [[-1.3203157826446166], [-2.574029432143729]]]], [[[[]]], [[[-1.9078913401602668], [-0.5486918541517124]], [[-1.3013407826446166], [-2.6071044321437293]]]], [[[[]]], [[[-1.9154288401602668], [-0.5258918541517124]], [[-1.2840907826446166], [-2.6381169321437294]]]]], "step_times": [327.0766849517822, 209.43041515350342, 276.9304418563843, 175.65751385688782, 425.7656350135803, 382.94659399986267, 166.1615331172943, 172.36646795272827, 200.08222699165344, 215.49011707305908, 205.0561978816986, 225.84990215301514, 175.83765292167664, 176.63532495498657, 251.2791268825531, 251.2791268825531], "step_size": 0.15}