{"datetime": "2021-10-13T14:17:58Z", "opt_score": 2.8007065061742775, "opt_settings": [[[[]]], [[[1.684052632049846], [0.23726018655933762]], [[0.8372518210642503], [-3.6234070373768845]]]], "scores": [-0.8404503257615579, 0.10528087417535337, 1.1971508762086738, 1.9469192047192203, 2.3374667803204154, 2.5561548229411306, 2.709917811754294, 2.751476673898483, 2.797574451180128, 2.8165219138032302, 2.8180005058264426, 2.806383863092514, 2.8150095812498823, 2.8237990933898267, 2.8153981104505603, 2.8007065061742775], "samples": [0, 1, 2, 3, 4, 5, 6, 7, 8, 9, 10, 11, 12, 13, 14, 14], "settings_history": [[[[[]]], [[[1.6607705010155263], [-0.5809920460629785]], [[-0.84327676585993], [-2.0112337564011664]]]], [[[[]]], [[[1.7284501151464644], [-0.4150929580920753]], [[-0.602723479096186], [-2.377668398360584]]]], [[[[]]], [[[1.8747355999999984], [-0.24430988321424388]], [[-0.3194177420902343], [-2.792390537319121]]]], [[[[]]], [[[1.9210641529829071], [-0.1360672138993283]], [[-0.11673771282845527], [-3.202960806035624]]]], [[[[]]], [[[1.898261606074043], [-0.027567818022548762]], [[0.13521529124009915], [-3.426275789051552]]]], [[[[]]], [[[1.8401523016265389], [-0.02961201459698979]], [[0.3365059565059185], [-3.5479747013900584]]]], [[[[]]], [[[1.7159588099994108], [-0.018215041736951012]], [[0.48081272339135217], [-3.6918718950713663]]]], [[[[]]], [[[1.6617598820612638], [0.03182727838261874]], [[0.5659807221531068], [-3.6915733704675167]]]], [[[[]]], [[[1.6267701225509135], [0.02480570436521057]], [[0.6487520840731951], [-3.7761406308971535]]]], [[[[]]], [[[1.6562922412060266], [0.07748668870686655]], [[0.7525169779652134], [-3.784049065392728]]]], [[[[]]], [[[1.615901011840126], [0.12376540014637168]], [[0.775816140775214], [-3.791732208646197]]]], [[[[]]], [[[1.7138984986226995], [0.10515608128395892]], [[0.7762530825868423], [-3.6895888401195243]]]], [[[[]]], [[[1.6998473037912605], [0.1309802657837289]], [[0.8160249372856387], [-3.701531083272535]]]], [[[[]]], [[[1.7114955159741434], [0.1747259264132841]], [[0.883765162215598], [-3.720003325234291]]]], [[[[]]], [[[1.6615083628172858], [0.23497400281853364]], [[0.8852593001093887], [-3.700191551778515]]]], [[[[]]], [[[1.684052632049846], [0.23726018655933762]], [[0.8372518210642503], [-3.6234070373768845]]]]], "step_times": [292.7306640148163, 253.58595991134644, 322.5853660106659, 250.76370978355408, 285.60509610176086, 340.86209630966187, 279.32719707489014, 242.38511896133423, 244.52404403686523, 358.34920501708984, 262.07389211654663, 311.41287994384766, 257.47243213653564, 292.40879702568054, 476.6562969684601, 476.6562969684601], "step_size": 0.15}