{"datetime": "2021-10-13T00:03:52Z", "opt_score": 2.8213214302436644, "opt_settings": [[[[]]], [[[-1.364375637380438], [3.310005470658468]], [[-2.1039608487893933], [-0.6694899546250557]]]], "scores": [-1.4898027481788496, 0.16625277903932628, 1.786567567406891, 2.277435355365165, 2.447203784130509, 2.52453069829255, 2.655768996647818, 2.7339086995922344, 2.8001236033013477, 2.822316810725984, 2.8217664563956784, 2.820619060135722, 2.818321325795673, 2.8155946762876134, 2.8136330165063734, 2.8213214302436644], "samples": [0, 1, 2, 3, 4, 5, 6, 7, 8, 9, 10, 11, 12, 13, 14, 14], "settings_history": [[[[[]]], [[[0.06718808683574373], [2.9904745745104577]], [[-1.1985534741647406], [-2.319082776226546]]]], [[[[]]], [[[-0.4272013722957372], [3.042753863642832]], [[-1.1736286602947923], [-1.880434792122939]]]], [[[[]]], [[[-0.9204491909438696], [3.0553129696920953]], [[-1.2202332154206905], [-1.3182854090236429]]]], [[[[]]], [[[-1.0705975564190024], [3.0308280144679065]], [[-1.3379248603512162], [-0.9670867540543446]]]], [[[[]]], [[[-1.0888062688966729], [3.0590916241696258]], [[-1.4715577726401894], [-0.8294887655155561]]]], [[[[]]], [[[-1.044865493705669], [3.139344110038284]], [[-1.5185643196129326], [-0.7524617954254802]]]], [[[[]]], [[[-1.092305291677051], [3.2313981697246215]], [[-1.6477669957683792], [-0.6589143256543878]]]], [[[[]]], [[[-1.206099604010593], [3.2965620127634363]], [[-1.7886940565999314], [-0.6857045179176329]]]], [[[[]]], [[[-1.223144827194249], [3.3333027657156844]], [[-1.9459081972834744], [-0.6109194469549557]]]], [[[[]]], [[[-1.3132613136162887], [3.332130818200434]], [[-2.0652451008112975], [-0.6061743286382015]]]], [[[[]]], [[[-1.2978140942566965], [3.3599099197633633]], [[-2.034748927556372], [-0.5875118067754125]]]], [[[[]]], [[[-1.2809974980397205], [3.3591084430283686]], [[-2.0300526117438906], [-0.5888107455604286]]]], [[[[]]], [[[-1.3357237303451357], [3.270659193141629]], [[-2.09276044486107], [-0.6512826611993947]]]], [[[[]]], [[[-1.3414023967659114], [3.2630476470505068]], [[-2.0807558264839527], [-0.6623174012034327]]]], [[[[]]], [[[-1.3040188065764664], [3.259849200093013]], [[-2.07528705246177], [-0.6430008832468496]]]], [[[[]]], [[[-1.364375637380438], [3.310005470658468]], [[-2.1039608487893933], [-0.6694899546250557]]]]], "step_times": [242.03500699996948, 271.700208902359, 257.7638010978699, 230.27900910377502, 226.74245405197144, 199.54569292068481, 252.28685998916626, 234.17155408859253, 228.4449827671051, 285.7978720664978, 226.3771369457245, 231.54253888130188, 232.25337076187134, 239.76088190078735, 317.1586298942566, 317.1586298942566], "step_size": 0.15}