{"datetime": "2021-10-12T15:31:43Z", "opt_score": 2.8123657549158723, "opt_settings": [[[[]]], [[[1.9037166478628078], [3.591363279352988]], [[2.8418141620296544], [1.092236173713928]]]], "scores": [2.4161425471281923, 2.7060531624323003, 2.812451512188702, 2.826645855554768, 1.7166014495795172, 2.422377283873848, 2.5978439556071304, 2.709258570974243, 2.689919827503221, 2.7353952095081517, 2.7803667905514295, 2.793349161809542, 2.783995515415366, 2.7984631977757264, 2.793243700400442, 2.8056331568120836, 2.7993846594798817, 2.795165524195035, 2.7989726913200985, 2.807087049586431, 2.8123657549158723], "samples": [0, 1, 2, 3, 4, 5, 6, 7, 8, 9, 10, 11, 12, 13, 14, 15, 16, 17, 18, 19, 19], "settings_history": [[[[[]]], [[[1.0845339360000663], [2.254514764043333]], [[1.11047236886012], [0.5315112436130067]]]], [[[[]]], [[[0.8870128999441964], [2.3042816087272864]], [[1.399789986153002], [0.38827300916777974]]]], [[[[]]], [[[0.8601766718771938], [2.4064419718662]], [[1.5263822293265816], [0.16679249179336508]]]], [[[[]]], [[[0.8329407365967098], [2.461342284372478]], [[1.6190549554182718], [0.08591956101720821]]]], [[[[]]], [[[0.8358849664435926], [3.5775408587114965]], [[1.6459688675137327], [1.425539844726928]]]], [[[[]]], [[[1.207161745207277], [3.5401730813970507]], [[1.6407918658581213], [0.8379088530891169]]]], [[[[]]], [[[1.1235654806212454], [3.3202339945603265]], [[1.7767258924583436], [0.7222796496532324]]]], [[[[]]], [[[1.156479019848569], [3.2175142996153916]], [[1.932390475410565], [0.6574348474145462]]]], [[[[]]], [[[1.1091656123433833], [3.266143886160449]], [[2.016283738493791], [0.6846055057656852]]]], [[[[]]], [[[1.1768071193049305], [3.25785566554902]], [[2.172609652615604], [0.6232298486256872]]]], [[[[]]], [[[1.315778814486937], [3.2534625329730464]], [[2.2717576977691882], [0.7386856891828752]]]], [[[[]]], [[[1.3706105797504797], [3.2262261165604555]], [[2.347474101442582], [0.6485371626585991]]]], [[[[]]], [[[1.3642353575832944], [3.2785846480652983]], [[2.3725538252796645], [0.7107532734740996]]]], [[[[]]], [[[1.4056258256520577], [3.256258745126426]], [[2.3692560645993086], [0.7176871346442111]]]], [[[[]]], [[[1.4171712270057162], [3.302842299014782]], [[2.360602384814944], [0.7734062280128235]]]], [[[[]]], [[[1.5379628788624076], [3.353966212504777]], [[2.4142879128783705], [0.9097993251193549]]]], [[[[]]], [[[1.620747755585069], [3.4533684703939054]], [[2.5718997157980747], [0.8943464130431736]]]], [[[[]]], [[[1.654564254363295], [3.5221404128612495]], [[2.636739542162445], [0.9862856064697048]]]], [[[[]]], [[[1.6921283784070695], [3.5392824822817093]], [[2.6696584985302945], [1.014442539750796]]]], [[[[]]], [[[1.8221426283119315], [3.574312030566151]], [[2.7789475672024606], [1.0424201602102918]]]], [[[[]]], [[[1.9037166478628078], [3.591363279352988]], [[2.8418141620296544], [1.092236173713928]]]]], "step_times": [1545.0695569515228, 1699.0032832622528, 2027.7526547908783, 1611.5648109912872, 1547.544653892517, 1329.1212520599365, 1630.5644941329956, 761.631777048111, 609.6960072517395, 663.0124616622925, 721.3022119998932, 585.8648858070374, 688.9596247673035, 1530.2534918785095, 2389.5914011001587, 572.3387460708618, 542.9090769290924, 309.6214442253113, 230.1091079711914, 283.3389859199524, 283.3389859199524]}