{"noise_params": [0.0, 0.05, 0.1, 0.15000000000000002, 0.2, 0.25, 0.30000000000000004, 0.35000000000000003, 0.4, 0.45, 0.5, 0.55, 0.6000000000000001, 0.65, 0.7000000000000001, 0.75, 0.8, 0.8500000000000001, 0.9, 0.9500000000000001, 1.0], "max_scores": [0.24468512855943758, 0.2125808105388649, 0.17662649703993805, 0.07763268554557612, 0.08523216235077324, 0.11228190446925101, 0.042361346209029815, -0.01684503265436854, -0.004002231386025845, -0.026013706344733656, -0.019814288102599997, -0.03635818827744525, -0.017320975873244604, -0.010661452427628504, -0.02215134500472321, -0.004954906983045071, -0.006681158267859311, -0.015102411698351248, -0.0032904119074433358, -0.02761540311945232, NaN], "opt_settings": [[[[[-0.8366392638539993, -0.9999949958203305, -0.6548365292855943, 0.41122782231884764, 1.1273228668355832, 1.9904788068941126, -0.6567630145222103, 2.311747927789066, 0.7231699788676834, -0.6833536165825953, -0.8584045980930732, -0.9409653107945702, 0.2984738059340491, -2.2129928386130278, -2.0735919332598627]]], [[[1.2927179062833503, 3.1161072535138037, -0.4525596033211903], [3.2452127111561797, -1.5416014154628832, -2.3687499192805195], [-1.5249293734037659, 2.625925895306624, 2.6595007057592284]], [[-2.749086641658569, 1.5508313902183535, -0.7708246787239332], [2.7042445318267183, 1.8195839087496108, 0.3474382783960799], [-1.4474005777569088, 0.5386519699012559, 3.071750727738718]]]], [[[[-0.1438397484526968, 2.017348393852363, -2.7780962115152237, 2.0474516743016546, 1.988833219333344, -0.5424925257765459, -0.8919167364957252, -3.098910307491459, -2.085275313670906, 2.2371097161316533, -1.0296083419446311, 2.4958902113258463, 1.2604948638388471, 0.5086399199398138, -2.6913271896980913]]], [[[-0.6561832287881741, 0.6381277721542591, 1.4841609891741872], [2.020151181518767, -0.3397215366087039, 0.4521593373079332], [-1.5881726672201657, 1.0008317712586499, -1.6885838623480856]], [[2.8301359054549153, -2.2732598814872884, -1.3140706828887632], [0.03119942422479794, 1.14243074549912, -0.9348318943911629], [2.1119807216526194, -2.5133017910558118, -0.5284695596035665]]]], [[[[-0.6375273719821014, -2.4615419560435967, 1.099317743900215, -0.4516431777629193, 2.924758589166769, 2.022886491880964, -0.1385725363472021, -2.4648326953919004, -2.2882751847796916, 0.8802001359747098, 0.6616957235073284, 0.9099875333198509, 2.2230524971196752, -1.093809404803237, -1.872082953911309]]], [[[-0.740109248671992, -2.1036598681586836, 0.11079978812809761], [-0.7249941601478829, -1.2616319848892539, 1.7084598310347747], [2.528961019912929, 2.0879304533300713, 1.2961110566779155]], [[-1.4727834671506286, 1.0596628831334938, -2.787648162143711], [0.15352312823345804, 1.8640570054697962, 1.4326862314457331], [-2.742417246554068, 2.534152710128816, 0.3360432014268122]]]], [[[[-0.07973885436352858, -1.684568250938941, 1.4486115567634432, -0.7492466787130548, -0.5458336837898485, 0.4957896683674498, -2.6155819736895394, -0.3574504239730154, -1.4457930723080423, 1.3215191818624321, 1.774080775802319, 2.607051855246951, -1.1413051149486466, 1.6019284427480835, -0.4183958142334463]]], [[[1.2205931768207672, -0.029152954693865793, -3.1055395362646783], [-2.4251032077058285, -1.493107193570031, 0.8541735897499771], [-0.5421552653042429, -3.1971605868703876, -2.105088641432679]], [[-0.8546119091329605, 0.027418007559780917, -0.8165924458928564], [2.596874074540399, 0.6923347818669003, 0.44147595089865177], [2.1819877164740102, 1.3641785315997357, -2.7528447568489014]]]], [[[[-1.454993028767377, -0.4353969423837077, 2.164573259027157, -0.5716749400297807, 2.945000257369984, 0.21478055112484112, -1.7557964367369958, -1.3458147666591833, -1.0845836078277094, 2.2040172357102596, -1.863524983699128, 0.37884720992290777, 0.5610205331127727, 2.3950973788280128, -0.8793927115422346]]], [[[-1.4205384878407685, -0.6496225170425548, 1.286207642011309], [-0.12406334102330477, -1.3264042754500942, -1.5119838928338123], [0.2580378284907022, -0.37713137523240875, 1.4782820011317774]], [[0.5612512323912157, 0.9011203114626327, -3.0543111546506987], [-0.5853827949564672, -2.3024982946948622, 0.07029545744018148], [0.6035744451571887, -0.38981180744070976, 2.0388112862350347]]]], [[[[0.691577968755849, -1.2665792948746584, -1.8020151393279382, 1.966221951729331, 2.620139678620831, -1.6738997585627404, 0.10266257537621466, 1.3366797794218728, 1.7649941772039923, 1.7496532076929894, 1.7856312530107015, 1.8571832863944986, -2.024488150246755, 0.17316416974182863, -2.1026110309042663]]], [[[-2.4392675812283025, 3.3700523032605543, -2.93050787426064], [2.5020352411624125, -0.7234346248270535, -2.376503374730545], [0.5481338306869049, -2.2947613602407304, -1.0880509490138457]], [[1.3218300057073449, 2.1214799104034245, -1.5998245417573453], [2.748538689400748, -1.8152825116643516, 2.276582682172392], [1.7845692284249126, 1.9453485520544906, -1.383976764132336]]]], [[[[-1.6758812132313148, 2.86676389359745, 0.5756892789781511, 2.3997102454113133, -2.760368535565385, 2.071566000533715, -0.6469784763098825, 0.4771666840443306, -0.5004157223910478, -2.6156683706428385, -0.1978758984554475, -1.4521324384249765, -0.010540811804189606, 1.9760412172861161, 2.8367881308492655]]], [[[-2.73737882905376, -2.8295546665182294, 0.7749256946915937], [0.5678561254378018, -0.8099361258692646, -0.338770294882055], [-0.16371931729419673, -2.5055547046152395, -1.3656961524958044]], [[0.55687844382999, -1.8020961856788755, 2.157566740834797], [2.6321458950630943, 3.370836907232877, 0.6955329285669083], [-1.0825293429173768, 0.5717482248180796, 0.988191508288069]]]], [[[[-2.060325434503386, -0.510410486997759, 1.1352350751248594, -0.6888032264555084, -0.6797208816322955, 2.620973862016746, 1.4464237411796919, 0.7519922482073678, 0.8504174198679585, 1.868590147438767, 2.0167074764322326, -2.296313977349419, -1.1696748713085297, -0.9342226662208992, -1.3033588846011872]]], [[[1.8286968562342152, -1.3221941930974088, 2.1088534340802845], [2.8520298509464057, 2.048788630558281, -0.11626671601221927], [0.5374000830282456, -1.4554146326827437, 0.3968148614799123]], [[2.1641239240826846, 0.3757172822597695, 2.22520810422069], [-0.9933499222164682, 0.5455767041097986, -0.29974615824700246], [1.013801652730242, -2.905159624364697, 2.64977379225353]]]], [[[[0.6500608608802302, 1.0375505331408124, 2.3551301916370964, 3.1688107643931387, 1.935303767308251, 1.5413138868990732, 2.32309551735206, -0.05747893135158442, -2.323914262979581, 0.3599261459692279, -0.1852907444069367, -0.4356274894765797, -0.8891773893687432, 0.8556878460088939, 0.808691536218416]]], [[[-1.2276705350184745, -0.9511532900284764, 0.25463216108934805], [1.6530957249057994, 0.8229926654838287, 2.791592572462541], [2.5116989173660818, -1.833822900349013, 0.5991498361110814]], [[-1.043384616754951, 1.2156826745263107, -2.6054260664485662], [0.8719791549382799, 0.18311211032258173, -2.007073740549086], [0.9756505186038111, -0.7704981176179021, 2.285047516647749]]]], [[[[1.417551758372812, 0.454438307226592, -0.1562245339196745, -2.824475497938262, -2.514957627135924, 2.7217205888710376, -1.209155310339675, 2.9356236603084724, -2.9035806515499853, 0.16569955545644852, 0.6290165236549771, 2.2805396063361454, -0.2669971597870566, -2.158117429766654, 0.32258417634830117]]], [[[1.3467167922089038, 2.3064232034826437, 0.9156704616662834], [3.2233582000921834, -1.8010332930934825, -2.1264841870298286], [-1.255881414392524, -2.2846391377969915, -0.3900084204461156]], [[1.253524619798612, 0.8216006384609916, 1.6628214120739617], [-2.8944715949779707, 1.7462849605541635, -0.29534457698089367], [0.6746029334109165, 1.0344161646067882, -2.092002120392767]]]], [[[[-0.8603349164680324, -1.8525960005282747, -2.2811038792364178, 0.748503754237425, -3.0028254173649183, -2.9145560845233027, 2.2938158616976048, -2.1486716608006264, -2.0979195746857497, 3.021631668965992, -0.6143122017615672, -2.368954074763167, -0.3188063110698795, 1.7470310171799333, -0.7342013925368603]]], 