{"noise_params": [0.0, 0.05, 0.1, 0.15000000000000002, 0.2, 0.25, 0.30000000000000004, 0.35000000000000003, 0.4, 0.45, 0.5, 0.55, 0.6000000000000001, 0.65, 0.7000000000000001, 0.75, 0.8, 0.8500000000000001, 0.9, 0.9500000000000001, 1.0], "max_scores": [0.2498959937348676, 0.22082605266470084, 0.14529078182847943, 0.0499692570652257, -0.002568845072972503, 0.0909306204697865, -0.018180785400096156, -0.008977096242109184, 0.014496064283921029, -0.04564866833522507, -1.9369283114356595e-05, -0.0019009503731591826, -0.006307127554993297, -0.01324128776395761, -0.01273698354692021, -0.004844635519126368, NaN, -0.00980338206227227, -0.006485199097762795, -0.016703413821840818, -6.244384765474965e-06], "opt_settings": [[[[[2.4633851182975013, -0.6465465797782513, -2.5467461797919126, 1.9692888847129677, -0.42495666960128686, 0.5064016533633541, 1.5671515946951493, 0.40812696960760075, 3.355426629472281, -1.5842725246501415, -0.5912738869407033, -2.4432674382250608, -2.5927893506356723, 2.539369546202864, -0.9976389464878516]]], [[[-1.7984011272599805, -0.9516403096162671, -0.1262914596524917], [-1.0927746953487991, -1.7874724958589951, -2.519832026731671], [1.994297559530317, 2.649972871799261, 0.5374645565732772]], [[3.265364499098455, 2.459191277914616, -1.8071165187941227], [2.29066727030767, 1.741985094502646, -1.4716128004648257], [-0.7530862424200813, -1.1368861135002157, 1.624711246892172]]]], [[[[2.1236340260698157, -1.6732431892791881, -1.4217057656063197, -1.6784715871861413, 3.125727808159467, 1.5735982658522432, 0.5050582356359066, -2.9926887019926496, 2.6488008716645464, 0.4556574050074532, 1.8341076310004618, -1.9900456767533767, 1.4215857912731895, -1.923484141707615, 1.8622001175330745]]], [[[-2.300148253769411, 3.758318857062176, -0.5668911137460646], [-1.8511091895690717, -1.4407488162785633, 2.015542377336123], [-2.0395568585547617, 1.6206559338188489, 2.905643823235356]], [[-2.5256015411068846, 2.8184017628306193, -0.5250659226630883], [1.7705533615159708, 3.0566083091682668, -0.42879470390374674], [2.629038574898798, 0.7993997236682463, 2.588228099407057]]]], [[[[2.7211097097661017, -1.8415340014624444, 2.225264153884885, -2.980546542718787, 0.9426342707830003, -2.812037343158751, -2.472542475738082, 1.0113976904784938, -0.3806979312449187, 0.4438367168744218, -2.998422112711606, 2.0185477438596178, 1.109716221210589, 2.2938475882887484, -1.896491303101902]]], [[[2.112949160766823, -1.7874878515433739, 1.0004896765981934], [-3.243901193873928, -0.5963258317444754, 2.5778445071281464], [2.982180393158016, -0.5131464060907703, 2.5402620515794325]], [[0.9123782984362814, -1.4672711377303336, -0.7765598420555149], [3.1069582192614797, 0.6795664594751517, -1.5657809942345433], [-2.400249607596761, -0.36334268368937817, -0.31075604547343927]]]], [[[[1.1676605337938706, 1.7769629690176592, 2.3841719923846028, 0.5746693230268606, 1.8640904512052094, -0.4125129298800396, 1.2529841532750772, -0.8216668509477292, -2.654053571864895, 2.0906086320127315, 2.4558802178238457, 3.3557229695847277, -1.9870382847672736, 0.25320637652543965, 0.31166439499333093]]], [[[2.492708218994196, -2.998546838563102, 1.9260080239033845], [2.6690300924528993, 1.3997901537527275, -1.8832106730967748], [-0.3805324468788894, 0.4418755825530083, -2.945603041410372]], [[0.7432726161270651, -0.9937626677718385, 1.266253639861425], [-2.1711171939401415, 1.0425063714802485, -2.2972054108756144], [-2.1897386471758282, -1.5821515289180117, 1.867460543319667]]]], [[[[2.1005649545379903, -0.9346478284736641, -2.2831254500211786, 0.6622525537229584, 2.5703687429891158, -3.246203417571033, -2.0620141295953567, 1.348402235157317, -0.7469629525927887, -1.3637704916822528, -2.646423220007753, 2.9059826667621986, -1.533324130683254, -0.8435500150848698, 1.916521298488119]]], [[[-1.0024629256509017, -0.6129861878759681, 3.008284651291947], [-3.169799714690584, -2.584340890442936, 2.0357498506892426], [2.9963882363306946, 2.9095371836405124, -0.7193840501092259]], [[-2.8853528508692494, 3.166330977304709, -2.2727300792692136], [2.348547889326301, -0.11215099401230286, -1.291802112190757], [1.5375950884770746, 0.6290414679673022, 2.2716767301073544]]]], [[[[-0.7521166410736285, 0.8956239098391233, 1.554227986897498, -2.4491071989919457, 0.9808756160518902, -2.082634759706393, -0.9623969197171114, -1.3922636705136038, 2.3852182708832506, -3.34364133231878, 2.2817208605280017, 0.6564857360517494, 1.4065357933042497, 1.7137948822189712, -1.785988907493133]]], [[[3.0415679389525496, -0.2080952459339701, 0.6374766750103004], [-0.5249830314049306, 2.679723083544649, 2.6494765084225342], [0.09835845651761489, 0.8571665946384057, 1.2321917095417891]], [[-2.0829369810662848, -1.9206611268403322, -2.9282533904519537], [-0.3770609250725654, 1.1322973993525844, 0.8102771036490712], [2.757454409538445, 3.035303733124522, 0.5504447329170592]]]], [[[[-3.382154802711784, 1.4596916731031355, 0.7856992445986083, 1.01857885489068, 2.5379463467574745, -1.5588261913958061, -1.5241587273135395, 1.6685774299593648, -1.2559394430698732, 2.697876456345278, -0.0837390602681766, -1.5877933785865643, 2.371258872856243, 1.339934217052421, -1.7066698049167541]]], [[[-2.0284607820592844, -1.3145365261057302, -0.4763443002121881], [2.2013483095457165, -0.9494154882963635, 1.4187481968660274], [-1.0844157397407344, -0.03699820391737564, 2.626795708318854]], [[2.337943787917547, 1.825734082436093, 0.3337653353280983], [2.4573256418760043, -0.5334986701658817, 0.052584990734747566], [3.2229046190080144, 0.7278143285728542, -2.7421636797152638]]]], [[[[2.936651696971445, 3.007399561824109, 2.5349591586435856, 1.943489108155467, 1.7039752758892472, 0.16310225305823087, 1.4686882472341913, -0.18849103146713855, -0.6125124439144651, -1.6271974974502295, 0.0620042094459386, 2.9938213148825845, -1.2180320090615584, 0.08587352761943264, -1.4678436681615636]]], [[[2.6924752081096117, 0.3030654652912218, 0.3267047263757677], [0.026382425443514424, -0.5312651339549666, -2.4064042226483955], [2.916254872244174, -0.7836035403280095, -1.9179488393451936]], [[-2.20507432440972, 1.2413735844473517, -1.6647086507845168], [2.258668987618431, 0.2247570940973276, -1.3596918127609305], [0.5958129618303155, 2.1176890533110524, 0.858979625178665]]]], [[[[-2.0062905462505967, 0.47123522938007373, -0.4261479955257174, -2.831518818249396, 3.2627711907834724, 1.9667733064654784, -2.571923435759573, 0.05198820174145356, 1.468636995258473, 1.6081614126841093, 0.7156452202483922, 0.1959954021638087, 0.2069526034117061, 1.37285450526687, 1.2618649683077694]]], [[[2.4992490080723746, 1.048579469909623, 2.1231802054803026], [-1.3701258039379436, 1.5050743033020055, 1.0918921007594848], [-0.6159871664346772, -1.1856197676992086, -2.780296106815866]], [[-0.18647984458564215, -1.608492101282217, -0.9289697498440526], [1.8598710866176964, -2.1312873900703986, -1.850391524514344], [-1.164288236530244, -1.1517540928591359, -2.325518999329139]]]], [[[[1.6534122863378606, 2.385647826622092, -0.6817800776253434, -1.9494354640150853, 2.164043278886313, -0.1503091928756674, -1.85086717299509, 0.3253147366194593, 2.601069859074654, 1.8512855286739436, 1.9421851408889679, -1.1326931446381483, 1.602704297956161, 2.424219672939723, 1.2607851327173827]]], [[[-1.4712735887726314, -0.15836078722487518, -2.141188542371462], [-1.2411617875366445, 1.1534007926793153, 1.7632351623758584], [-1.7514241561790642, -0.4182247321880215, 0.8818353641731544]], [[2.802002910907264, 1.7938154339849837, -0.6241722731773498], [-1.1909887552703782, -0.24680921224395472, -1.3866363105038937], [-2.5434941797653137, 1.7522924693883675, 0.14814224816593136]]]], [[[[0.07583623937598456, -2.2537840898697397, 0.3090866904266215, 2.2131177925697005, -2.3916301818273538, 2.6346302491798785, 2.0206625867673336, -0.31772308696079726, -0.9922324178245023, -2.2214286949451605, -2.750852171855275, 2.837534545200569, 0.045714578522834115, 2.3566138837395645, 1.4179332657180568]]], [[[3.01691965191399,