{"noise_params": [0.0, 0.05, 0.1, 0.15000000000000002, 0.2, 0.25, 0.30000000000000004, 0.35000000000000003, 0.4, 0.45, 0.5, 0.55, 0.6000000000000001, 0.65, 0.7000000000000001, 0.75, 0.8, 0.8500000000000001, 0.9, 0.9500000000000001, 1.0], "max_scores": [0.2439647847313402, 0.21196846355395704, NaN, 0.15900189826265088, 0.12879388446234352, 0.11292276002339863, 0.09696822755789908, 0.029400294790135284, 0.0012885182147389512, 0.011545674848824072, 0.005688318196912179, -0.00029803826629362987, -0.0016193188835436079, -0.00047970308354461366, -0.0033673694202520565, -0.001345622437726901, -0.0024154648559400194, -0.0003659479643857433, NaN, -0.0029476495541796606, -0.0015890321766374171], "opt_settings": [[[[[-2.261521550889159, -1.0536211841028877, -1.0164353874480623, 0.8845465798084099, 2.31688897390877, 1.1530312526139228, -2.9426739413567082, 1.1207089448915504, -1.4065846863201827, -0.09237958406897766, -2.253914979963923, -0.2624936217338934, -2.094921876970776, 1.689589291103571, -1.1846463105523062]]], [[[-0.8985643221281492, 0.22392449415727114, -1.3680030668310241], [-4.695087600735622, -0.7293228075050349, 2.141766263319514], [-0.16622677262083016, 2.421590982718499, 1.9587060789460629]], [[0.229483752815087, 3.967116111792453, -1.6842318514273633], [1.266917163454009, -0.25554541407660175, -0.7537458031528209], [-3.5713520275564843, -1.4158902221389231, -1.138524395468112]]]], [[[[-1.9077039615645972, -4.047255190914742, -0.6975120383930011, -0.2016217231327136, 1.1084980914764029, 3.089589644728765, -2.0653566036538775, -2.840384536909503, -0.12924679865766767, 1.6250941629231206, -2.416559160833535, 1.2504317868259092, 0.5467600017111606, 0.500057486755904, -1.3406338024697402]]], [[[4.050900751094988, -1.0748452936845019, 1.3468912123828114], [-3.479091267287032, -3.149159277295161, -0.5166050390176511], [-0.5325022717836398, 0.7344168956996301, -0.44591335569581575]], [[3.0528490089905964, -1.264634445509281, -0.8760152167423284], [-0.8707293541688589, 0.9169297219286826, -2.1821383627879816], [-0.3898823804533458, -0.8405205031807402, -1.5744209266076596]]]], [[], []], [[[[-1.179096817566509, -1.8340418850679845, 2.065809305956182, 0.619909904357998, -1.4604695666889551, 1.430229208732933, -1.1533288443305163, 0.023704632283110386, 1.2829058219867335, -0.13133788862075224, -2.6409254521648395, -0.5721534883763706, -0.7180801236527941, -4.355818302109087, -0.8721338672909908]]], [[[0.7869097754182943, -3.7875746287096805, -1.6105896739069758], [-0.3004540880895065, -1.7753020249412765, -0.05527600974573574], [-2.0673462159854563, 1.5441725886987168, 2.017009873600796]], [[2.1236004393354952, 1.7846295719515828, -1.5865332717767313], [-1.626499478344646, -1.1395666876150805, -0.774732502397884], [0.2818915837646108, -2.4987133768805414, -2.010954310535362]]]], [[[[-2.7415045752007523, 0.09805678208139952, -2.8050829593282245, -0.05352752668139568, -3.4890800363380423, 3.022282582799439, -0.027395295379210136, -0.7626418605651917, -1.658525988472124, -1.435735065200393, -2.57649976948533, 1.6066881720383395, 0.23381126455942625, 1.3075726630575024, 0.401944349645368]]], [[[3.730719816401104, -1.6029904689636059, -0.6099811917902108], [-2.5373827612540873, 1.07300775523005, -0.3665388171870913], [-2.9846750367817334, -2.7375178564087697, 2.689638352326868]], [[0.47247277052270104, 0.6600669072010935, -1.8583859604694277], [-4.027478785971559, -2.6188364699682753, -0.6765161246016267], [-1.9820228823293422, -0.06256451378848746, -1.3642500622632825]]]], [[[[1.403054643028024, -1.1328054305749542, 1.5162022288273167, -2.2706049961021875, 0.1631107597446687, -0.8072538547113901, 0.8797950203519112, 1.5529849826242486, -1.2000366407496155, 2.0908784868161225, -1.4138512802624077, 1.158896167239732, -1.759551908704331, 3.542448579490898, -0.7129580122396943]]], [[[-1.5045452892488227, -3.817128601689767, -0.7031519470353642], [-1.5000475578845034, 1.5569865978040096, 2.0099277655579177], [-1.2195006223447273, 0.004306415793767703, 1.6911487915782628]], [[0.16606776526373468, -3.965914774169618, 0.02412727808941424], [-3.8214589773633327, 2.33234947341953, -1.2109664346890738], [0.09144741364488564, -1.686950466939431, -1.035040035751687]]]], [[[[-1.623523188386226, -1.1530021742305556, 3.718524081100782, -3.148616737932998, -4.174748725919062, 3.2019806807504905, -2.3020154114334113, -1.962685442370214, -0.7020391352623305, 0.8565344588396739, -2.084892526298441, -2.6139064663689293, 0.91318539822984, -1.0735291935364075, -3.5920680257410704]]], [[[0.951439994050707, -3.961626353525105, -2.1773382592372936], [1.8163680077070643, -2.5393170034591055, 1.7226483953513805], [1.9401011346081982, -1.728643248841328, 2.0859262349755543]], [[-1.2543582624535974, -1.9555756086782323, 0.12453125226160291], [-1.948360149345406, -1.7418689059956713, -1.3156673986404792], [-1.4426818885368473, 0.4091540621952026, 1.3365681361672812]]]], [[[[3.3446619890747034, 0.8432149406105514, -2.5840908155622, 1.9179603235090597, -3.551945199690679, 3.096049407315837, -0.5317753523625248, -0.6492577012311102, -2.992005733257763, -0.3028914554907153, 0.3955374388556617, -2.054315177671639, 0.5335424573323514, -2.401879679918863, -2.3389107641775673]]], [[[-2.084375924785338, 1.2193190901831819, 2.0481768467613093], [0.8244893149961442, 1.6374788095006134, 0.9785522319933115], [-2.310977518322326, -0.587900548831465, 1.1256451477354388]], [[1.7624555579344694, 2.1627625160279393, -2.5908333878485834], [-0.27364909713823443, -0.9550874716144333, 1.3903874218907601], [-0.27818391692511135, 0.044234142922715124, 0.6786565432371373]]]], [[[[-2.4147781894951454, 1.42986893559738, 0.6694503575140999, 0.9583607256340896, 0.784199921696092, -0.576843213816749, -2.417184993340642, -1.4659559619880635, 1.002635277449573, 1.7079027564829636, -0.6233742690863283, -1.8165808806909154, -2.9081487566641235, -1.022485810367288, -0.41628542809442765]]], [[[4.1207845565066314, -3.8583767426713753, 1.1610969263190647], [1.6099509556424114, 0.6136356252415045, -1.1197538979845147], [0.4652280451991665, -2.0235558928923805, -0.05664724772015514]], [[-0.29652887062506306, -3.1361247887921833, -1.881996310837777], [0.9056477811306884, 2.466866437367022, -0.17678198897834452], [-0.3563253409370841, -2.869796181214966, 1.4559109211583916]]]], [[[[1.1801817300593245, 1.5886787212129903, 0.45454347146713897, -3.9968380509493935, -1.6120818489574313, -1.3128065258544517, -3.416975700526234, -1.546799375934043, -3.16364084872417, 1.5563214915655372, -1.0111123506114192, -0.48350084716182673, 2.5036301191623576, -2.8186804704288453, -1.669676946421626]]], [[[-1.4437731314235112, -3.4391310535452813, -1.2896909647643775], [4.964634667439562, -1.030738436806058, 0.8794305039493233], [2.7960984035743386, 2.2679493848167174, 2.4463287432444494]], [[0.5985594155777014, -2.199214221856791, -2.636259728041802], [0.4554474323917133, -3.289537892310947, -0.313233962275234], [-1.0958958168918582, -0.6385598080525289, 2.378020803833226]]]], [[[[0.9813497143559394, -4.000612973434537, -0.4118025021936141, 0.8773380545774874, -1.5246789018934839, -2.156167307834385, -3.2768706678732307, 4.466923962093732, 1.5053107859853143, 1.417845693201225, 2.1974912005768394, -0.41315223881638397, -0.42830630093245514, 3.1133112060012693, 2.4883280362290736]]], [[[-0.18423791513260523, 2.0642272461334867, 0.36951894115173234], [3.3149274843664425, -1.4428885986466355, 3.0016955279530846], [0.7904151543998847, 0.6079001508457966, 1.25385675324106]], [[0.8442325000649599, 3.2944044694178993, 2.2694021842062084], [2.186980754963142, 3.2705002578516975, 2.793316148618002], [3.752673803640211, -0.5642185907562803, -3.121429653593636]]]], [[[[3.5946665320196134, -1.108815709423564, -3.244607420705696, -0.6321962302447406, -0.9891508625710032, -0.7513194141710757, 1.4877015630317652, -1.3274382106171123, -1.9341085116246133, -2.044392428114847, -2.1500403115489743, 3.6008360815846645, 4.692404998462015, -0.3421059559243699, 