{"noise_params": [0.0, 0.05, 0.1, 0.15000000000000002, 0.2, 0.25, 0.30000000000000004, 0.35000000000000003, 0.4, 0.45, 0.5, 0.55, 0.6000000000000001, 0.65, 0.7000000000000001, 0.75, 0.8, 0.8500000000000001, 0.9, 0.9500000000000001, 1.0], "max_scores": [0.2493410228919133, 0.10621692419043921, 0.19706210779204147, 0.1646529914750663, 0.11068351149127603, 0.0023300535131596245, 0.03237633233188997, 0.05364032622934256, -0.020816244496225655, -0.012455729195353982, -0.02047144696384895, -0.04095193567753186, -0.009176409130141394, -0.0008761446034104559, -0.007543879813626253, -0.006572972334910443, -0.007049198740664592, -0.005460932822762027, -0.024361002152646805, -0.039936580194071425, -0.006024076096244991], "opt_settings": [[[[[-1.4467037090234718, -0.14067234774178666, -1.5412406270792498, 1.082360804734833, -2.492364930344568, 1.5642259067166489, -0.7185084913355814, -2.0637405903719044, -0.2182188328558095, 2.5086425667727923, -2.687121835479264, -1.2702963398756308, -2.389700740332599, -1.1459297456725306, 1.5631416617320681]]], [[[-1.6585166132844662, 1.4650565947147889, 2.071014160115431], [1.5721259521591044, -1.6487318449614967, 1.424601164913966], [2.213079617580391, -2.7235624156061053, -2.0633085626462213]], [[-0.1436376472075702, -0.5553131478331021, -0.6366661788409034], [-2.39529385177054, 1.712468799929399, -0.4127850077566321], [-0.13973783323743147, 2.8181889765536923, 3.0841010109912803]]]], [[[[-2.398669820584242, 0.42208772951819973, 0.8759809830925015, 2.02750953611323, -1.3989194728577437, -2.187830617890666, -1.4760196539105226, 1.972154493290717, -2.592484598291018, -0.7734738511514611, 2.760104300027404, -3.4967528107916905, -1.3182840664106084, 2.760471878151519, -1.3977956442369766]]], [[[-1.8434869466639379, 0.5641784786351379, -0.5637230099972962], [0.5967834625941824, 2.1576215260050176, 1.5246512657079219], [-0.43535009862787266, -3.055149892699111, 0.44351931296377156]], [[-1.2767083460939037, 2.4703225880321744, -1.6300627968975674], [1.0131919283294941, -1.7864847763411886, -1.608027559273232], [-1.883080987858798, -0.9833198541622208, -1.6649299310049328]]]], [[[[-0.1650754109225192, -1.0432695897794733, 2.45686153769687, 1.8378060103857976, -1.9252690526450367, 1.3988230670216981, 1.867984115659175, -0.1467494974839858, 3.0444145505947557, -0.6526829833412249, 1.5888184892128918, -2.611695933716183, -0.5713659950862852, 0.4968205976476006, -1.7167040864154768]]], [[[2.056880994669296, -2.556705854964589, 2.0282934359446863], [-0.5602706206475703, 1.5850657392907677, 2.892268356740785], [0.4848438370375972, -1.3353145755696636, 1.3316861263148905]], [[0.42186503792760843, 1.5576327312460627, -3.0937765131061363], [1.8742211378797276, -2.457810794990312, 2.838597883744069], [-2.4966903161187872, -1.047151063106643, 1.357345296377364]]]], [[[[-2.053973477716046, -1.5475724237005373, -3.013863140470427, -1.8447048526225955, -3.1627101775675173, -0.17025450523852648, -1.8273496375493137, -0.8202016633465268, -0.48613255151002066, 0.9933250093925964, -0.2326118942440965, 1.9393542366092025, 2.2105905940158337, -0.9344524083710826, 0.5911903102639345]]], [[[-2.9381305621521063, 1.2165409438278278, -1.5567623844059701], [-1.8578705685984829, 1.4339471212996306, -2.793948678509164], [-1.5740228999585426, 0.029356720418738963, -1.7772679151407662]], [[0.9626794297181647, 3.3761263830681045, 2.8159256545038067], [0.18006512575273484, 1.8699542703923928, -0.42764559488097786], [-0.6384602963755772, 0.5006202302695656, 2.7662866158890393]]]], [[[[-1.4378822751641809, -2.523794491639437, -3.00086973267214, 0.21310306787098723, -1.1976982095346005, -0.4772214492016281, 3.2090114863513906, -1.6614964354671549, 1.1724341715708482, 0.3163384273274154, -0.03166311014059546, 2.0518746937016807, 2.371946112153851, -0.2540789722956245, 1.5490850184089018]]], [[[3.172218482780055, 1.7472404854265688, 1.0211652425927449], [1.3692481541229562, -0.7108065207046527, -2.2839024800424013], [2.18275893381278, -1.5206568253081776, -1.9320750953345476]], [[0.24686885727537355, 1.2381739878271056, 2.1201715506550682], [2.2940180885239254, 1.76850984458392, 0.5979015021184049], [2.063078670182187, 2.218702622839412, 2.340026334829866]]]], [[[[-1.9363150647893885, -2.5895854089872885, -2.0914382170818864, 1.0204275318100164, -1.7974043579389318, 2.3776981428164983, -1.3969070068423866, 2.640644007894092, 2.222012379995407, 3.1883229561799706, -0.9531879376971197, 2.399407578479241, -1.721533866693963, -3.2380724131047764, -2.912425920571742]]], [[[-2.9560587541808654, 3.281607980740999, -0.008111115785145888], [-2.7062412257293067, -2.2156751301022624, 1.7582923608117822], [1.0634447499354063, -0.7791264574447416, 1.401160285045414]], [[-2.161291561838394, 2.836617425535205, -0.9735312668687066], [-2.2181707782528437, -1.1284685784140047, -2.429696272091796], [1.808880848371427, -1.8575512817318267, 1.978204561587078]]]], [[[[-1.55333108392353, 3.085630217723081, 1.4437537247349297, 1.3226683553914476, 2.1483840885112473, 2.724927889351836, 1.9118496235379827, 2.958979806539379, 0.5949059928548496, -3.251594807816794, 0.49546590118631884, -2.4155799149898356, -0.1285014457471543, -0.6582239340153281, 2.328760934472689]]], [[[1.8973509789609928, -1.2245902727087905, -1.4612580267534923], [0.3993858345382739, -1.4665701778795817, 1.5574274420874303], [-0.024702762827961154, 2.424729255673692, 0.1345521825234095]], [[-1.30712074122051, 0.5690586438039983, -1.0387246622853885], [0.2154915386403872, -1.7930395718936614, -0.8104658720091011], [1.9274302969547237, -1.8578022753773544, 1.9185351770168255]]]], [[[[-1.1952996935245326, 2.6014735775047693, -1.2992186856043446, -2.4086595510506785, -2.6630012484167764, -2.3502727410352735, 0.15263762348606427, -0.3894460949567388, -1.3769583449607308, -0.9125352946352823, 1.2331836583371294, -2.0588815428572906, 0.1995155573219781, -0.0039719622837573075, -2.0012238057384466]]], [[[-2.5808482918636324, 0.6859167165423848, -0.00784975134846664], [-2.993468230478426, 2.355582168776887, 2.992010856876284], [2.318089325880024, 2.9247422399129825, 2.296404869584193]], [[1.5363860704735486, 1.7985315921910678, 2.044542246820108], [-2.4110591172790787, -2.8915631831863866, -1.5203962505635638], [2.04298665318334, -2.70831138575048, -1.3882328925145635]]]], [[[[-1.478380473639949, -0.019341374810467417, 1.1175139044566902, 2.019630851014867, -2.4624399596916375, 2.5786828618821733, -0.4490514385854758, 2.567304160866751, -0.5927616496112363, 0.9822022013309626, 2.582916890512464, 0.8707568672476179, -2.6103913418921705, -1.0647731215146063, 2.2200759844369755]]], [[[2.8443849734062954, 2.0403662235199067, -1.7118318667954129], [2.8477912426048695, 0.8455807374836447, 1.2287704225723948], [2.441258747699826, -1.0657905938076775, 2.0815891660344805]], [[1.9883914515916272, -1.945042019814888, 1.9709674818100433], [1.2771295055455658, 1.3891344919460078, -1.4415357602516174], [-0.3483892523499777, -0.9465556416710712, -2.2122377666071698]]]], [[[[1.8981916330279665, -0.06202953540576393, -2.176253101581067, 1.5500788333366766, -2.4634159382318037, 0.27599791671838364, 0.9814266527909021, -0.40862675377771146, -0.6700476370077166, -0.5677705351347153, -3.285344647494556, 0.7086607794874148, -2.171265447897717, -0.05159047100306902, -0.9010861725574]]], [[[-1.4457470188563109, 1.5423572759803528, -1.993695098772022], [-1.2355769686440634, 0.6050026833021183, -1.8328889754648374], [-0.21959056774743976, -2.1684174385057524, 3.028431082675743]], [[1.8241135656099103, -0.49857440996720104, 2.869895499347205], [-2.5837803893294398, -1.315428986052239, -0.6271404826569178], [-1.483966954974616, -0.7769992497812519, -2.5714721653521098]]]], [[[[1.6968900181313107, 0.43644811057273675, -1.1168242774537578, -0.21037855158626267, -0.7832479478248566, -0.6680162055469363, 2.417675753512598, 1.6526035797048155, -1.5296464375583536, 1.6145790098832773, 2.9444125562896644, 1.8511266715444257, -1.8333192172029096, 