{"noise_params": [0.0, 0.05, 0.1, 0.15000000000000002, 0.2, 0.25, 0.30000000000000004, 0.35000000000000003, 0.4, 0.45, 0.5, 0.55, 0.6000000000000001, 0.65, 0.7000000000000001, 0.75, 0.8, 0.8500000000000001, 0.9, 0.9500000000000001, 1.0], "max_scores": [0.24689111923913415, 0.22037647197704602, 0.18796091063771253, 0.14975865187743864, NaN, 0.10913394185895198, -2.2644758970902235e-05, 0.04948671233167279, 0.04251522647278011, -0.013218291782763958, -0.010272421447026225, -0.019511210776190446, -0.010558299123762271, -0.0032594419337554914, -0.019247080526449745, -0.006312458982872471, -0.005099227851209975, -0.012337004407705809, -0.0024624065524106553, -0.012292881202769002, -0.00032277420952429305], "opt_settings": [[[[[1.0769331619672693, -2.2665487110334017, 1.395673392088449, -2.08880328508165, -2.304767190377902, -0.5355496034784926, 2.331247849745856, -1.2687363733313122, -1.240138354220901, 1.8107194317391044, 0.3927539646436194, -0.23735622571040815, -0.29592482898770733, -0.9894746124909809, -1.456902749150567]]], [[[1.3665281040939938, -1.5218958670420384, -2.993311246511384], [2.4723758968517235, -2.453834704152433, -2.6165830088501423], [3.0568407520200362, -2.0693957594295203, -2.34055454714538]], [[-1.7836960548070926, 0.40465109256961235, 1.444463951178112], [-0.9551324537462971, -0.09568163072740951, 0.03367541666586192], [-2.266164846736634, 2.9293069760778256, 1.2996842487222704]]]], [[[[-0.829418242544116, 0.6766284146533705, 0.2953008876368254, 3.036838431013513, 1.8369821605838594, -2.1183128846443755, 1.8872054389768609, -3.208700943574698, -2.2482916004195284, -1.7716620788470816, 3.351047020502993, 3.226204705800923, 2.264149159892206, 0.2663093167013642, -2.4675651041193105]]], [[[-0.2748253316708435, -1.9498180446963578, -1.383457215938786], [-0.3590018094691502, -0.3194563921149518, -0.004236497309523552], [0.6608752252885698, 0.5481081594851944, 0.7805915057863264]], [[-1.295474680569036, 2.044541163614495, -2.7686550795210607], [-0.13351293224245092, 1.7313883700122503, -0.3627329357448805], [0.49341683683907805, 0.6109576781784679, 0.3002403061680643]]]], [[[[-1.6041801738129846, -2.0158100889985606, -0.5860650195217695, -0.05111298074209726, -3.167960245036353, -2.8672828924524576, 2.9781596615776467, 0.06980519576033577, -2.2757843587650304, 2.399011851222546, -0.9781869390966456, 2.075560146710913, -2.9880582841122973, -2.860608228173546, 2.397620992709102]]], [[[-3.0221763325121884, 0.5735150960145391, -1.4656532063216976], [0.22684666904501513, -0.7185829860485414, 0.5668244311961863], [0.2290440786091199, -1.431835880247446, -3.1241052097302218]], [[2.028163554308472, -1.6190242302175806, 1.8503384493737904], [-2.174962953714133, 3.4174592848115046, 1.991923374982898], [2.5110042734655287, 1.443285501219718, -2.8356291600925676]]]], [[[[-3.2019056229924914, -0.49518566950301107, -0.01361425794505152, -0.608956608671445, 1.3767294815070459, -0.4774505071979083, -3.376498188444094, 1.884096024350154, -3.3797042798120978, -1.7684708134897946, 2.1053892568834804, -0.6336925780956636, -2.4767432351794576, 1.9264001764180054, -0.31608391495142585]]], [[[-1.5623149171223292, 1.3319115409116087, -0.31698230907527236], [0.27210122672471554, 1.5504562968194222, 1.0091278406743998], [-3.122183536522588, -0.04124565616656325, 0.9458539917646895]], [[-1.2034964814044262, 3.055756761954058, 0.7015797504059083], [2.148085055289322, -0.9012265251942694, 1.0989465322296539], [-1.3199476219962984, 2.2564581497354386, -2.853421582112739]]]], [[], []], [[[[-0.5817989657493845, 2.137527242910421, -1.816857242379433, -2.664455795171402, 2.077301641624488, -0.542455932474636, -2.7999929422257144, -1.241199199671255, -1.7909121634925391, 2.271071554981181, 0.7138279380102074, 0.17268242717728718, 2.268385320982244, -0.23034761998479683, -0.2215579329045994]]], [[[-0.45528885496819776, 2.055134613788259, 2.792593978728225], [-2.22686393663296, 2.9250973199941277, 2.7740456300129566], [1.334582553274465, 1.0609845708598444, -2.7549732672128706]], [[0.7836002038093932, -2.9024308605745817, 1.0292537364282621], [2.5614770460609595, -2.479756993446387, -1.5187824314949363], [-0.8878788211263511, 0.22264971950261447, -1.2086519381737986]]]], [[[[-1.9433374594007116, -0.30918705908496025, -1.5308559287800585, 0.8254376663027045, 0.032869071100912764, 3.144886049233832, 1.096257376163823, 0.15838568809956285, -1.0002912820554974, 1.8235218339378818, 1.67200020056346, 1.0610052752066008, 2.736724757030864, 1.0695230049043085, -1.8794206335716614]]], [[[1.7657126605840894, -2.1622138082789752, -1.942769804034988], [-0.32196370817661446, -0.36347729573048, -2.2577142679797766], [1.481685893827539, 1.9792741162197793, 1.1052833450601707]], [[2.8753636264038134, -3.156027283263422, 2.8457799940554134], [2.9640899876246896, -3.1972756549539003, -0.6048477376451897], [2.7284353725350803, 0.0582848624256698, 1.7815664257102783]]]], [[[[-2.332373060591722, -3.0137466305501155, -0.594935520488612, -0.04255614130503521, 0.3326836515298903, 1.854873177118896, -2.8125694722274504, -0.7892399535762229, 1.1371630389933014, -0.23700108117015442, 1.141846574532254, 1.349903215557354, 1.0825159431036397, 2.7890168121925245, -0.9441841146597175]]], [[[2.0212786603407635, 1.149102706226576, -0.4560440694869055], [-1.669375616819463, -2.7239679603644857, 1.1421326123653808], [1.668416866932387, -1.5562856767082096, 2.3233446207166066]], [[-2.6859432048647753, -1.3772347950128419, -2.6313726923239096], [0.8922349679176825, 1.9683517942113644, -0.880218904037593], [2.548624200426595, 0.6040068796173609, 1.2785222193002008]]]], [[[[-2.290958992785383, 1.2468289675358657, 2.0600756496406913, 1.4133032850030527, -2.5401519289353183, 2.153018642887116, -2.4733734641626675, 3.4569987565450426, -1.7124203637847117, -0.4366847785082927, 2.8593965638779, 0.643892905477565, 1.1973570693995785, 0.38364704627795815, -0.8806385730982061]]], [[[-2.980082029341759, -1.6766594211570633, -0.36565002235887883], [-1.7616848111594003, -0.15949163747430298, -1.6111540357386644], [0.28927697937430563, -1.2698981486945795, 0.3078315015903139]], [[2.8469505096267693, 2.4650569005360268, 1.016589068514933], [-1.5301583990254255, -3.09956353689435, 2.437642835883593], [2.6718232523198497, -2.0037172792739613, -1.1219669966952144]]]], [[[[-0.5600550636346463, 2.4180907133819627, -2.441677832290587, -1.1061114953806932, -1.1321214463399187, 0.20783847382919718, 2.6121484372883996, 0.8495155752959628, 2.2802749654287213, 0.7582165796125281, 0.5008423107489415, -2.7039719518438163, -0.6026319627612859, 0.5543803125689125, -2.827433189967981]]], [[[0.28139699209153124, -2.439912889475255, -2.70046041407348], [2.245431710160851, 1.5774443509682763, 2.8319824857408955], [2.3997471613540964, 2.341479783392379, 2.940316739203382]], [[2.460076361705718, 0.8549906009751279, 2.8586391961057407], [-2.5889749001889997, 1.8182147782857043, 1.820932438046598], [1.7950753271464095, -0.4534114857353423, 1.6413043247427224]]]], [[[[2.14939245586102, 2.9354287888973207, 1.0145999197699604, 2.3903089680425054, 0.5959020171139464, -1.3907065775479042, -1.2523428642062193, 1.216208028426093, -0.7511210706204162, -1.0142339324245455, 2.8664605092530486, -2.624832274390176, -2.8456524074751637, -0.08276782481032716, -2.3511854859689056]]], [[[0.22993249846189878, 2.6275783837509863, 2.8012099891157787], [1.799013042829085, -1.9166577086626968, -0.20573950169588612], [0.5313720647729161, -0.01913742214841244, 2.9117307467715063]], [[-2.5410693453241406, -2.9882283725965713, 2.4966868637066915], [1.976956136244658, 1.257125186146839, 0.8910710512651683], [-1.6065703761624843, -2.0923776754304386, -1.3883407086029191]]]], [[[[-1.4652670456999641, -0.377580485537896, 0.2794103062597336, 1.9904299111805122, -3.4064138653925076, -2.4891916542574988, 0.20756888659504233, 1.252838620099677, -0.7953443060650991, -2.8757108305104504, -1.4381094607823801, -0.6915929682578268, 2.489759887426977, 1.4233677211113398, 