{"noise_params": [0.0, 0.05, 0.1, 0.15000000000000002, 0.2, 0.25, 0.30000000000000004, 0.35000000000000003, 0.4, 0.45, 0.5, 0.55, 0.6000000000000001, 0.65, 0.7000000000000001, 0.75, 0.8, 0.8500000000000001, 0.9, 0.9500000000000001, 1.0], "max_scores": [0.20430167538796273, 0.21648808365027872, 0.18767269977644807, 0.16191225975455942, 0.13036066562420268, 0.0747784450650143, 0.08948482542810171, -0.0008121594771779983, 0.003687925419168056, -0.008559108429637252, -0.013264396527456146, -0.00843285883979239, -0.0034433826003597012, -0.0711254781783851, -0.002570638155637184, -0.011348521538353973, -0.007967282228281691, -0.011714018667792203, -0.01839989979017037, -0.03066451432052436, -0.0014230048568222575], "opt_settings": [[[[[1.9678925154028666, 2.058414555849317, -1.065071668609732, -1.7247321949855194, -2.159842629102923, -1.8851714789047318, -1.861348136101047, -2.100237545894979, -1.6436762130425588, 2.8315860570158042, -2.1182142197401084, 3.153230929602569, -0.6239492843059841, 1.9124221384453752, 2.1745183759438813]]], [[[-0.5603150695360084, -0.8641785097063756, 1.820646792866368], [-1.3747728397381902, 0.46387869445447344, -1.5559716668120653], [-0.5124698315189273, 2.5237821929708413, 1.1645982604168985]], [[-2.628901935473124, 0.9061721796181816, -2.9729110811945043], [0.6185782228064661, -0.36692257369035813, -0.028833034488465095], [1.314182496154507, -1.8182397331087574, 0.012760140457847742]]]], [[[[0.72023032968034, -1.0113425442836301, -0.4591084980220724, -2.2515200176070658, -2.820166250953495, 1.8689240121485338, -1.3679005053832367, 1.3158148953496225, 1.6286221194225072, 0.5678828509058672, -2.3573608863003677, -2.3578095407673554, -1.2563023107044007, 1.1274086359207403, -0.18948031334477494]]], [[[-2.156077068702407, -2.456896233567708, 1.2269334855068967], [-3.0600218270489745, 2.089992946698028, 1.621092072829672], [-2.32764043495361, -1.555136320324403, -0.5194852386002449]], [[0.4627003678593951, 2.2667187332231977, 2.8684632064388573], [-0.9839203082751848, 1.0053644848928887, 2.6837379053985915], [-0.8926305959330252, -2.6851248119734885, 2.6949095113266086]]]], [[[[0.21365873311266187, -1.644421372404004, -2.2354840679229464, 1.4874283901651564, 0.023923778071002856, -2.153052681709724, 2.144228143462113, -1.4907657732400563, -2.074646678427181, 1.589755018589543, -2.3443854465215965, -3.055222064581495, 0.34001947945764627, 2.0922337263890487, 2.5885053706787793]]], [[[-1.561942128946119, -0.45087104911704917, 0.11378046845414409], [0.5029729333799883, -2.1656402943547546, 0.5883205498851769], [-2.6322311718211844, -1.154593984260068, 0.7861721709282032]], [[0.9706383528234084, -1.0932443349454644, 0.9950275065073768], [0.04721431635353844, -2.032696788906739, -2.3954099640766056], [1.0601266347577558, -1.294620209189801, 2.8411454214366154]]]], [[[[-2.67007754918097, -0.7141119223951075, -2.8261634328326015, 0.32996712701371855, -1.3560096727021607, -2.7229427039704777, -0.7319645754754255, -3.110647168202435, -0.6292719321897694, -0.7290647270305914, -2.137847381001622, -0.9079446600763813, -1.3208520133591446, -2.6191360494510474, 0.8204332840551665]]], [[[-1.966047464329837, -1.3910454229976301, 1.6987635687342078], [0.23364436455880075, 0.027596739602148125, 2.8873550681691764], [0.02903407668021567, -0.42017191825413286, -0.13402662981645672]], [[-3.078381296697942, -1.5555113216187648, -2.1325625645104282], [-1.3949954884240565, -3.2027442546093567, 1.3615893871293379], [-2.583790436805836, 2.029168048124265, -1.5737207178296104]]]], [[[[1.8415127485577845, 2.6737930817716706, -0.04776282661463053, -3.104529716480158, 0.25741485223611876, -0.06195786713948016, 0.9047465760988511, 0.5914672549504862, 1.2571129168608053, -2.961115474006412, 0.6321679626703066, 2.8622385519362257, -1.510453976608863, -2.37638336377772, -1.4936480466811466]]], [[[1.579290495707545, 0.3388439558063702, 0.20250359994368242], [-1.5892970589650568, -0.5588888088702484, 0.04058748978753623], [-2.6882537521916494, 0.608806457066063, -0.8885509080585545]], [[-1.758177520490046, -2.450619398481653, -0.2509058927976974], [0.9636518205780127, 1.5928647072793032, 2.9715093233244545], [-0.5670463246062534, 1.2749177458293992, 1.432165936325954]]]], [[[[2.4877209621572565, 1.9965643099712107, 0.647433734779289, -0.11226136690492954, -2.2773275197785, -3.027833122334923, -0.357233729146431, 0.30252361134813166, -3.074730362339248, -1.2629883089733378, -1.771125912344793, 1.6341009305502494, -2.1960915636837997, -0.7097877368910336, 1.5543216934629642]]], [[[1.2208958504236276, 0.6666230321238303, -1.4187989790171356], [1.2025886803888137, -1.1850206017887233, 2.5491495556310646], [2.4954337295268525, 0.26616463962570663, 1.480182537922385]], [[2.837609315548315, -2.389563211071972, 1.4767797759920196], [0.7640668262284502, -1.9868783036333426, 1.3535803852980735], [-1.6804938618543313, -0.6281878692898196, -0.7884416417981486]]]], [[[[-0.5387869944714214, 1.3181561016336012, 3.06755254546667, 0.1805683431741538, 1.63555198445262, 2.7102048184607552, 3.4710808883141655, 2.679132515703398, 2.9137238840872994, -1.604263621962294, -0.6228862019093023, 2.388337787100216, 3.071557037684586, 1.939873383147438, 2.0621153134606427]]], [[[0.9675508127115626, 1.960284574583466, 0.5576956908685156], [0.9295163314242412, 2.1406625928357035, 0.8749777818785835], [1.2218844196536356, -2.5414088492250264, 2.794405320545696]], [[-2.0102927784890956, 2.344542094972821, -2.1966465298049833], [-0.6564884189052431, -2.6017228163252075, -2.408726618196532], [3.2906642838794355, -1.7537508587005823, 1.0545952497864306]]]], [[[[1.0504746539506882, 3.0887044289448924, -3.1055839997337844, -2.3737545073718804, -1.9516294048533565, -1.5371694469662385, -0.040221946967663784, 1.882316346180723, 1.8928138672998571, 2.3872001921405728, -0.3046204268636194, 1.4242696792062257, -2.567482314634759, 2.579411863464469, 0.7691224842739496]]], [[[1.0760873028773037, 0.08966233374518892, -0.24217061218533814], [3.09065372573939, -1.8081902211856158, -0.4678644718080048], [-3.124582881171764, -1.8507858004647968, 1.384688943032864]], [[0.17108447920989361, -0.10085497698750481, 2.3076966575625466], [2.535979768940925, -2.628875049037922, 0.8648005493380335], [-0.39245269022215157, 2.781784270972556, -2.8512622470407267]]]], [[[[-1.7359031955123354, 1.6918431324942025, 2.233950029834222, 1.4928321052034637, 0.40078307742896374, 1.6171976119125324, 0.19736280242403326, -0.7386345397562601, -0.16524522455358795, 2.802909189396972, 2.562921711753165, -2.0574584530581883, -2.6496741028071047, -0.7305657105302079, -3.041498988083685]]], [[[-1.1425410492635215, 2.5753091631718306, 2.7478847475029475], [-1.5963105088066707, 1.2093321098026115, 2.183272611807828], [0.8626683788037275, 0.2410342583448295, -2.4755751856354804]], [[-0.2793590670838935, -2.893259181205509, -0.7311466405386295], [-1.389215604382082, 3.2280631459934597, 2.021896366016451], [1.5285722844076097, -2.976695442990314, -2.8974278473977613]]]], [[[[-2.4365625884622437, -2.7183040932788396, -1.149991064090707, 3.1920189466171798, 0.005498481061534752, 3.2405709943198175, -0.07517025740879212, 2.386380168537763, 0.7213397921843233, -0.07016255681140023, -2.9701078778595944, -1.8994620624275205, 0.8306188144332868, -1.8302612037793826, 1.96143195373534]]], [[[2.444255974468659, -1.5646801070292025, -2.2096541016908695], [2.629983767969078, 0.9989640886543675, -0.12964231767272194], [-0.3287319191593712, -0.09591461739081494, -0.3412012730062619]], [[0.992707884135373, 2.4294231440451024, 2.501915948584241], [-2.664750037377468, 2.7190533952816747, 1.1072975826797409], [-0.8732665198450144, 0.7113676998922199, -0.8261515208729766]]]], [[[[2.8288331386916075, -2.270849230069707, 2.7511645833398672, 0.6230251097001341, 2.726168854930394, 1.8963283874201602, -1.87394933817459, -0.6585153799903931, -0.6260529968653659, -2.072929201799013, -0.9013409807165662, 0.9145488121490034, 0.4345174606958031, -2.5270293456389403, 