{"noise_params": [0.0, 0.05, 0.1, 0.15000000000000002, 0.2, 0.25, 0.30000000000000004, 0.35000000000000003, 0.4, 0.45, 0.5, 0.55, 0.6000000000000001, 0.65, 0.7000000000000001, 0.75, 0.8, 0.8500000000000001, 0.9, 0.9500000000000001, 1.0], "max_scores": [0.2490674180422663, 0.09639525804290805, 0.16887491350077377, 0.14451949011651521, 0.009391558029581581, 0.07839189475939112, 0.06913163599807909, 0.011868760124106814, 0.035021876586513234, -0.04601424991672637, -0.025759247401989593, -0.0009203299449823676, -0.007230842281607197, -0.011201262173497262, -0.016125273023359976, -0.01782551281494854, -0.008303952201358412, -0.015240516473269627, -0.01238710536195009, -0.009188494244464582, -0.002691793259186004], "opt_settings": [[[[[1.1722624311549987, -2.1950602570797284, 1.1317676905403766, 1.2834603241003688, -2.6742312896620004, 1.3426748684647123, 2.496379760479398, -0.2557392708269447, -1.7634765760074664, 0.03175568671832719, -2.2567726832890553, 1.65215219508071, -2.8517815518051144, 0.7046528065373299, -1.0305373838201795]]], [[[0.45876052008585955, -1.6413403533848, -1.0682791936208713], [1.4159392508712514, 1.399749123509585, 3.135306975592509], [0.29326476208383234, -0.4159964837602259, 1.6663549055874975]], [[-2.3400318215319906, 1.9269493359278322, -2.4488221148520815], [-0.6438552443499247, -0.7143357293070077, 2.2229351603622804], [-1.830901544411158, 1.0525696839735543, -2.407122430455248]]]], [[[[-1.4286836553400668, 1.3616736923780945, 2.12516431016516, 1.762874076163202, -0.3587004120107272, -2.2771532557279985, 2.0947631460619487, -2.314642760596698, -0.08754729748637945, 2.9133511031732553, 1.8312531311023708, 3.275940678003811, -3.2281637619902033, -1.9538612393264705, 2.1397312665627197]]], [[[-0.23190375266174953, -2.590914684734252, -0.343712578116512], [2.1374466907796834, -0.8395145075373628, 2.0567577703368656], [-2.0878222188184328, 2.8199487369385574, 0.08738985960396131]], [[0.15288395875893118, -2.1148688313205506, -1.0790281321783937], [2.784815678566569, -1.9747196754255905, -1.51112129063952], [2.049769437426436, 0.2390328945472574, 2.133015510528037]]]], [[[[2.770552850991052, 2.738155826977963, -2.09480051415909, 0.9251006947024216, -2.2657753669034055, 0.022252325412316143, -0.436627562259103, -1.5334395594227583, -2.2226947553085816, 1.3859627444082019, -1.4210093601502514, 0.4447723588644177, -3.3177592003164675, -1.5874831887556624, -1.6406161218037825]]], [[[-1.710718653905137, -0.0745783141261752, 2.777142952727817], [-1.014624549432687, -0.5844469676574653, -3.102443963420339], [-0.0072484809906097555, 1.5811439173071562, -2.2268774257928445]], [[-0.2771535370031983, 1.7869003590682497, 0.4160018744545515], [-2.0542830914386525, -1.1781384150320207, 1.9119665160069994], [-0.382901447455641, 1.942569200315367, -1.7655977001683354]]]], [[[[-2.3574508483442322, 0.7968381396752305, 1.4338324448895325, 2.066699924961587, -1.8496716094665009, 2.6613688006162066, 2.5776631148154525, 1.9583434780379951, -2.7900360671649787, 0.2016487461983138, -1.1668247091843031, 1.1844415565955124, 0.8834951709441713, -2.5116506608864597, -1.0681869486326365]]], [[[-0.8937408279000383, 0.38141541273135154, -1.5266723040316104], [-1.586389674575586, 0.9372196962538669, 0.25236966661903626], [1.0259962884477254, -1.3813208441754765, -2.7257230780991515]], [[-1.215427616059113, -1.6951242945766083, -0.030871193600386683], [0.02773060383970593, 1.63452649531424, 2.2572305128515353], [2.5603010495708265, -1.7365912756407929, -1.62703367592154]]]], [[[[-2.7120628613704474, 0.9186306691396249, 0.7554181797812412, 2.6713150887765837, -0.2998702262898265, -2.525531327526826, 2.827761307581571, 3.2804334522830203, 2.0302493953091245, 1.816682329072174, -1.2005172967728859, -0.06424148864544375, 2.1958472197462133, -1.6969910443111698, -1.2185627847244045]]], [[[-1.6866082665510982, -0.6637570127979289, -0.8142438482582701], [-1.023180049253563, 0.3571069935380396, -1.4654279563296517], [2.598610559789953, -1.4122539160560679, -2.073689054194097]], [[-1.0164647262293134, -1.2909565437449384, -2.863459096165618], [0.4022749215417892, 0.404940468259485, -2.1152763951777835], [1.140614625240604, 0.07058983085316066, -0.6536310606291171]]]], [[[[-1.6304656844003222, 2.3201357658898702, -1.58922639297734, -0.9549183101223842, -2.0839687755056917, 1.958250512947215, -1.8091967374705007, -1.6301887494126124, 0.8236384988191858, -0.08787395824425077, 2.5262376430439306, 0.357639750131852, 0.5265048374926168, -1.3529513057696463, -0.8923291331471438]]], [[[3.1441632629371754, 0.267009384931893, -2.3399120431356093], [-2.333096528429559, -0.35011135472732247, -0.980619602154706], [-2.6117139474580036, -0.6531746741912174, -0.48500375327034106]], [[-0.8720944229611204, 1.688767036891235, 1.7298716024039518], [0.9492077291845683, 1.2681927194484266, -1.1207180287628233], [0.9892892245854396, 1.6819742984279251, -0.8591626236567191]]]], [[[[-2.477363366950686, 2.5516937563071793, -2.2926421862199406, 0.9738332591616595, 2.1095349091860913, -0.9048818486371041, 0.5360684577373005, 1.787554926810234, 0.45282091238807065, -0.5910215566572055, 2.151746557614787, -2.55395241335422, -1.1928939531065659, -1.6892152061843013, -2.63500803539675]]], [[[0.8796921969218919, 2.5836419653087233, -2.260256284447967], [-3.0297891528124805, 2.3296152163545014, -2.1008141092278327], [1.3524416665063752, 1.390309364160515, -0.4331201066787487]], [[1.5890405127580796, 1.3982468566082942, -0.9901049990776221], [-2.5881909144182296, -2.7966285210807618, 1.0937674189752453], [1.9025360164394172, 0.21180948834038488, 1.2488589458470507]]]], [[[[0.7117671169624126, 0.5585896135631077, 2.984865718251032, -2.8087001053097915, 0.7644969437408511, -0.6055377282847699, 0.12589378762754974, -2.3286859929728663, 2.9872246988633275, -0.554060433230641, -2.3977500422540983, -0.4453979695100915, -2.5335064196510118, -2.9477246315413166, -1.8405192881459485]]], [[[-1.9928889693242846, -2.7540642442280867, -0.5522113743231292], [-1.004436383721893, 1.6721492183098479, -1.945407468658158], [0.15965527262674492, 2.3487768441593357, -1.8587380300126803]], [[0.26490683796248926, 2.6454132668741, -2.0608640476069526], [-2.043740474972263, -1.9267399135805552, 3.126637903482953], [1.5751124509417318, 0.6721795650340556, -1.8192551230973746]]]], [[[[2.9773349621534027, -2.803233194083646, -0.011213818525138825, -2.909208627519231, -2.7264108161002114, -0.2767697526914154, -0.30995722120747893, 1.1812430912186482, -2.2066571897996643, -2.1073294328693004, 2.628372407092438, -2.857254091408705, -1.4334744790384821, 1.79793771237461, 1.6637653262438952]]], [[[0.727197953113084, 2.473232972640157, 1.2282514310919073], [-0.5305324722343888, 1.7922918185263272, 1.349633535101705], [-1.5901859700068819, -1.680699398898844, 0.7168912150411884]], [[-0.5429619205724237, -2.564962783674275, -1.253874739718834], [1.4677187234184232, -2.365099205702591, 1.1490983696319423], [-1.9245692825775964, -0.2313556311329149, -3.0619664958161765]]]], [[[[-2.087310378816328, -2.451148184457662, 0.9029457051435195, -0.5501015539931796, -0.23104067935236436, 2.349915943902002, 2.838370638139967, -1.8576289421792873, -1.6148820302378484, 0.6558871528690591, 0.43299481851693306, -1.050778716009468, 2.8841864572412934, -2.028161175201429, -0.012920631410440765]]], [[[-0.3475265927558265, 0.09704619244416421, -1.2291437960667941], [-1.2348861190787024, -1.876665322080032, -1.6296973405817017], [1.454031746659125, 1.7865853998117436, 0.36727952438124367]], [[-2.07740350501907, 1.7104495614541024, 1.8227488254283593], [1.8744434978818414, 2.174335836466157, -2.2678431473063787], [2.9205267892233886, -2.2318590277893127, -0.5544170845432084]]]], [[[[1.5084062163297283, -2.2036217800822664, 1.9533205942761083, 1.6315969877382663, 3.65873723377121, 0.6433853907925456, 2.18409673435142, -0.6273937431258976, -0.7194812263015689, 2.831809788528658, 1.4681306583966363, 1.7921372301109608, 0.06089319707022102, -0.7148882446373236, 