{"noise_params": [0.0, 0.05, 0.1, 0.15000000000000002, 0.2, 0.25, 0.30000000000000004, 0.35000000000000003, 0.4, 0.45, 0.5, 0.55, 0.6000000000000001, 0.65, 0.7000000000000001, 0.75, 0.8, 0.8500000000000001, 0.9, 0.9500000000000001, 1.0], "max_scores": [0.24897521124427124, 0.0702045604896826, 0.12049694679067358, 0.04424007762440396, 0.09181956730774998, 0.11346379637637394, 0.04176845898475523, -0.014668625421226045, 0.014489718751146796, NaN, -0.009923911152789455, -0.01629701656453092, -0.001723776746103689, -0.0007002079611089784, -0.025249665514617825, -0.01671792903684699, -0.0065278406480149265, -0.044772811848026395, -0.004060355599526999, -0.05718566022154653, -0.005469450576106372], "opt_settings": [[[[[-1.1320315794063738, -1.7502567226886567, -0.806791002907798, 0.20269605407167052, 0.8431923040416467, -0.8462948866082896, 1.9119820748469705, -3.111260060393154, -1.9231320629250621, -2.8139252453351453, 2.259679757255353, -1.354487355056153, -2.4128048832448066, 2.14479005034351, -1.9637497711610816]]], [[[-2.576223887920237, -2.0079825162718796, -2.7940272510649384], [-0.11628704053881266, -2.773177069081097, -2.254668313410477], [-2.7021157402009357, 1.4556223538478843, 1.1013809406901842]], [[0.14411946206641973, 0.08273849999988499, -2.2566047619485503], [2.693033703077567, -1.5520525275184625, 1.6808889103278961], [-2.130973668501952, -2.154196468078785, -0.7387523288218834]]]], [[[[-0.08219363595998123, -1.3516347842161862, 1.6707623988526963, -1.3695730857827801, -1.6049141078807492, -1.7239408510808716, -0.6965191972246453, 0.7475930306375205, 1.901512931861149, -1.5177752132739635, 0.16108168650597549, 1.22749025401067, -2.271347013274301, -1.889715094887847, 0.4133397170875902]]], [[[-1.0477963217862631, 3.2094740341864614, -0.17434788327407702], [-0.8117079037985918, -1.1053783811523874, -0.6767092816543832], [0.13505053133548786, -2.409038800032426, -1.3499810809125548]], [[-0.8832558502467031, -2.8871648210661083, -2.045641020091735], [-1.0417456052519494, 0.1029286510652336, 0.057956796259264615], [-0.09484903046002857, 2.3124256108938694, -1.692492156065135]]]], [[[[-0.410163068092394, -1.064060122268545, -0.45167365522073477, 0.7923256487365067, 1.5888309049446423, 0.26464462206350053, -0.7918764620545647, 2.5357574029288985, 0.8969952387398096, -2.2896153409841853, -2.4347402203692567, -0.13816139642932843, 1.7825732458486583, 2.589576507790473, -0.7011369841518831]]], [[[0.6331587520437907, 1.1324736721090694, -1.5424676716325938], [-0.05053384563612294, 2.2186047446317034, -0.7552265535537255], [2.440312290675583, -1.9588104662922838, 0.4108931264171738]], [[2.462842346859404, 1.0568972405327353, 1.743249325317123], [-1.7061567302994058, 2.9291419744611638, -2.314338252272342], [2.4545907188570593, 2.836014659453927, -0.44820749028705853]]]], [[[[0.660297011967454, -0.07754847084829992, -0.4959801099729208, -0.4590129336142895, -1.7137561317921046, -1.449543312198324, -1.7977369516477224, -0.011062696920137047, -0.2603152857770018, 1.4909753892348518, 1.1492139248470938, 2.124207930351966, -0.082523059775801, -0.598010135391061, 0.7500483484040823]]], [[[-2.383284609991057, 3.2546936419867514, -1.451938617660972], [2.100251080209523, 1.9025425152777982, -0.36781040670640897], [0.9396288241802541, 2.95610938787929, -3.0814002366616937]], [[-1.3139555635985598, -0.6004134288538739, -1.09505836575957], [2.860085543174535, -2.411478211586684, 3.010951155583675], [-2.9174232600133116, 0.7035752973477318, -1.3732766410280595]]]], [[[[0.04681126177792778, 0.47402165397006985, -0.5422253926780897, -0.6832044567492466, -2.6171129487736717, 1.4549445630864475, 0.037307235500427284, 0.6052877542334858, 2.881033441769492, 0.4934259058707469, -2.603747003475124, -1.1036942375123775, 0.5373696508415859, 0.8185340590231027, 2.982548103926516]]], [[[2.3621343570546105, -1.5874781324972904, 0.7466372967343919], [0.5269002913901794, 2.0440205499103214, -1.1461998334127952], [-2.3250994528578537, -0.25114215953999514, -0.2402851777488455]], [[2.083875783135358, -0.6346420103239047, -2.0556465976003118], [-2.305708518808064, 2.157904130803002, -2.472858869964416], [2.1447943381564984, -2.077026708548379, 2.4891884323491036]]]], [[[[-3.2331763041298625, -2.585172988414938, -1.9776480946451662, 2.2583626639524645, 1.9706122180418686, 1.2680977951482473, -1.3014225525531977, -1.4972364751430534, -1.008196296062904, 3.3270702327732553, 1.155929314687887, -1.040709501070312, -2.212307584193246, 0.35192084430070153, 1.7569082662076163]]], [[[-0.1981805502479287, -0.8485469923708217, 2.5980965005882046], [-1.683167104518103, 1.7327936983511938, -1.8369937751272876], [-1.559392872516922, 2.0684881100581576, -1.2857854101590696]], [[-0.6145636669553687, 3.088471335955565, 0.27263754076308233], [1.876888703877734, -2.4294460823111197, 0.7920419293847489], [2.6724907183993762, -0.9828134130370557, -2.279371656438316]]]], [[[[0.8585536505985654, -2.786928220232945, -2.4649539841013737, 0.9042977247980978, -1.0140773729374102, 2.8173930431843837, -2.2205520081858543, -0.6601855929142675, 2.0510217967589246, 0.05666980590384013, 0.9066216179959652, 2.6638173387305106, -2.1132884315056972, 1.3723379278334835, 3.151847410836232]]], [[[0.6933184243193514, -1.1434656450928316, 0.08128799760145938], [0.5364360866816189, 0.222858950843704, -1.3015106064411908], [-2.0443706951787646, -2.025544124888553, 1.234333224520709]], [[-1.2418850124589722, 1.6500363448695279, -1.9894522251022893], [2.130969095736952, -1.175595773313567, -0.8950751522103948], [0.7184663582632919, 0.3791742105540338, -1.2768665016055871]]]], [[[[-2.932399991987477, 0.6044569143822474, -3.1911145998625132, 0.04417773123188741, 0.6077019082279916, 2.6034422714486882, 1.5958064946476211, -1.1286719148948678, 0.3809601388334992, -0.6127560658851001, -2.150957434532695, -0.4092255013699029, -1.8309793507271, -1.9543834580960058, 2.8366217080153286]]], [[[-1.7824384315531192, -3.485830179492382, -2.031482725633767], [-2.073122127867962, 2.527678173398133, -0.34734898420264093], [-1.2773847739465647, -2.1524640626585523, -2.2868192034579637]], [[-0.9379363770590534, -1.865966313673686, 3.0866513698882727], [2.7603376171496157, 0.6982977549117877, 0.748683183617803], [-0.22376692622896915, -0.13586546181230283, -0.2858881509598157]]]], [[[[0.14186129218561838, 0.9425207128491934, 2.06199409314923, 0.984584047054409, -2.808309298722567, -3.302307020061675, 2.860131476980363, 0.9065544913362974, -0.6577570959595128, 1.764559235355203, -2.762648243288951, -2.926132428674944, 1.2632042122266265, 1.659121294380483, 1.251814111902176]]], [[[1.220895765656978, -2.360628271506192, -2.380594409379794], [2.210963849448219, -1.2335682777787793, 3.0237337389276435], [-2.260710278946232, 0.32565824294897305, -1.28916319880725]], [[1.50030409401636, -2.416510991880255, 2.0229234532696116], [-0.5475212455628502, 1.6925449998785023, 2.2491755202319554], [1.0481365113698533, 0.42090337697209007, 0.6325875072383695]]]], [[], []], [[[[2.6941866034960302, -0.30116441876105654, 1.337601355405009, -0.9342631547416445, 2.7327814467042715, 0.2379691038297566, -0.021700225277046913, 2.3742119993549142, 1.183591190972044, 1.4021695708866944, 2.350828221518995, 3.0057806819195725, 0.2794001153904686, -0.8712618245807091, 0.031139265760689035]]], [[[-2.07787546266743, -0.3977935629433324, 2.5090255330562714], [0.1844125547975427, -2.163472431152803, 1.8790203204439626], [1.5557198861811932, 2.275939872007601, -0.7163747636464732]], [[-1.0171372659612423, -2.4294890807233753, 0.8703463243505949], [-3.0971145958291113, 0.6225220079829885, -0.27442503222630155], [-2.3271210524993067, 0.2220531486648475, -0.9598057107391189]]]], [[[[2.5674135449265147, -0.09301247356423853, 1.6858244884568945, -2.1082796692778225, -0.19919316262118153, -1.8591202495534518, -2.765576197048423, -3.2299508574382614, 0.10350215591787147, 2.9367999450586213, 2.5283287233349157, 2.331759483909025, -0.6648030930833977, 2.8320398746467412, 