{"noise_params": [0.0, 0.05, 0.1, 0.15000000000000002, 0.2, 0.25, 0.30000000000000004, 0.35000000000000003, 0.4, 0.45, 0.5, 0.55, 0.6000000000000001, 0.65, 0.7000000000000001, 0.75, 0.8, 0.8500000000000001, 0.9, 0.9500000000000001, 1.0], "max_scores": [0.2440614619394188, 0.2091955657917277, 0.17052434386181026, 0.16461923190498068, 0.1176261350985982, 0.11616151299777022, 0.0761878406160012, 0.020254564503387862, 0.004017310214623704, 0.020889230101550416, -0.0014150663028870076, -0.0016258379995639227, -0.0005286499804313949, -0.000706909637036568, -0.00044523105982136046, -0.000494685548423468, -0.0030059451105313214, -0.0006537723246267026, -0.0008186663865350496, -0.0030073148973051023, -0.0012918290485749995], "opt_settings": [[[[[-2.036630551712558, 1.3789010893759928, -2.103548816012011, 0.4135887024105943, -0.07249428537051389, 2.6493655466555697, -3.5749287955777285, -0.971637484635765, -0.4592002157373822, 3.361761309168239, 1.3231783063686853, 1.8290146361017932, -0.09267306372873702, 0.8689560869256846, 2.3373089943751433]]], [[[-0.6906435696242137, 3.7148530696442656, -0.41243879672753464], [-2.7145160210864474, -2.9675250145574616, 1.4647861297757288], [3.716577231410886, 0.1815485370051403, -3.039309397838939]], [[-1.8242755351068927, 2.64620929851066, 0.8046267916436207], [5.390858543003972, 3.0356590808847566, -1.1483896295642966], [-2.0445634046047747, 0.42767028442969074, 1.4542230429455196]]]], [[[[-2.362371302009963, -2.3371311050993935, 1.6846316524121614, 1.3940952306329057, -3.8695646120509246, 1.4865455978535205, 3.3203976010761838, 2.405960571848716, -3.251504931806344, 1.2042270390819867, -0.9392433578204225, -1.5232997152464145, 0.30563735785568735, 0.978850289803041, 3.0026249093616526]]], [[[1.089546725994462, -0.9510318840809336, 1.402646999008935], [2.2765867154439428, -0.8540803516682908, 1.1150059777224317], [-0.21446410561972462, 1.852230897846887, -3.093545627491297]], [[-3.9949075688455253, -0.7941889704965537, -2.1243027009497086], [2.5849004431966804, -1.4242090297786667, -0.2923046026322773], [1.9358612782747233, -2.463104786748709, -0.0357617643251102]]]], [[[[1.9409121914071665, 0.8995983342443119, -0.23435161494814727, -1.6251161929919475, -0.4739678135378091, 0.47805308165281746, 2.175739902619726, 0.7609000049566105, -1.8293111375406335, 3.864110298159571, 2.818644087467287, -2.0154054960670864, -2.9460403904252965, 1.3832742401045643, -2.9569746109891786]]], [[[1.1937032005124866, -2.0856539621464694, -0.8669224962063135], [-2.109233606387685, -0.28992410240724986, -0.39869484320503995], [1.3134287447693065, -2.780534160743627, 2.6631110096466535]], [[1.6343698035690806, -0.8661125681114021, -0.8886703646059265], [-0.3490445626906843, -1.2447857049070712, 2.503561642643325], [-0.22128056964307907, 1.3637137456193287, 0.8473122850464478]]]], [[[[1.3092627427702306, -0.44180422033187927, -3.075175874499086, 2.287853860253323, -0.39430489297873145, 0.45917708666572465, 3.8420307575102846, -0.6000770565697676, -2.655831108590851, 0.7584668446040198, 0.2751108218804278, -2.5157929307212203, 2.027390285611477, 0.35642282478854215, -2.821901802636521]]], [[[1.6835897974463288, 1.7964579712929327, 0.3799443425989677], [-3.7289209012439417, 3.7761081861710277, 0.9779365339285478], [-0.8145039926838014, -3.0212258956149287, 1.013211573860715]], [[-3.251643133467351, -2.705822082693722, 1.7436764386072243], [-1.4316411250019108, 3.9565368462027743, -1.5894814900580725], [-3.1298340742733304, -0.34895305359588363, 1.578454129557506]]]], [[[[-2.5025458585869607, -4.128540150817579, -0.527871100027953, -0.5664868264963271, -1.3360261917986056, -0.6042339629770376, 0.16930798527414176, 3.7712427488755873, -3.343869707659708, 1.3311818817166359, 2.845432638120816, 0.6839966363838343, 0.4817859882142737, -0.7959155404988001, -3.1461251544341233]]], [[[-4.166953724297813, 0.06913583234474123, 3.1310798712100762], [-0.37217579851883814, 3.4910944759716798, 2.681837580372311], [2.48323302450188, 2.5948542901694562, 0.6434993957334091]], [[-2.2782891940324825, 1.990524617037888, 0.5041096857376752], [2.2986628917600225, -3.12864832000925, 2.6458026404181205], [-3.7981813366662314, -1.6662901550252485, 1.845466552331224]]]], [[[[-0.27503866331519167, 5.245310098793684, -1.9260462267382497, -2.729502046804896, 0.6897979075765007, -1.2401220008485283, -1.613187238273633, 0.6760718228821966, 3.493647503751772, 1.3490967977340997, 0.7499978046525644, 0.45027966828812704, 3.9590825268909833, -3.0171775404332664, 2.2680725115843114]]], [[[1.9082960193566532, -2.33952072931811, -1.246789829180831], [2.102425057800228, -1.2834113284403033, 0.6688523615267691], [-1.6641730413095925, 0.8919286855372943, 0.3450250496788759]], [[-3.1318226359206927, 2.4893154617593973, 3.0075183837389763], [1.136677311603573, -3.5402078030403605, -2.0859798324805037], [-1.4296788206666249, 1.930021166968883, -0.37668749583074485]]]], [[[[0.4127146765606376, 2.551146258138902, -0.16772314051932516, -0.9126196002628755, 2.6822225496523995, -1.6376089580136086, 0.5154324598361791, -4.126351712610486, 0.984159140425529, 2.972942038786572, -1.7073154163982251, 2.602572677620995, 1.8896925191309952, -0.9693282212441514, -3.843069134639122]]], [[[0.874178625753857, 0.19295590741801538, -1.345538056976132], [-1.0963787417488804, -1.4035131556421985, -2.8736280334342488], [-0.3020215003569811, -0.4327905792354372, 0.36627125677445305]], [[-3.370805425246238, 2.0346469456791896, -1.0354016738611043], [-0.6665079151081502, 1.9140336747206805, 1.5463269527301569], [0.6890991931222634, -0.8421536272472364, -0.38102974017689883]]]], [[[[0.9058963737550286, -2.036370288662362, 2.2510782777381637, 1.2632872301993578, -2.099886443306443, -0.5545169299317196, 1.6576912313899177, 0.037605074698566825, 0.9499241949891497, -0.35361046635518334, 0.5376186148251064, -2.454047795833676, 2.3874755993858745, 1.6430739881779557, 2.579204322505814]]], [[[0.5307294877404872, -3.088185590689657, -1.7856633043705403], [0.7493998698605817, 3.7758394512753615, -3.1318822074237307], [-2.0211538892617473, 0.09063240957287708, -0.7897667168167759]], [[0.18016551907038686, 2.7468041828802385, 1.3763904314210897], [-0.31336809180105174, -3.817934253080863, -0.720788568313039], [-4.49927064530654, -0.7651628016511479, 1.8544290080215151]]]], [[[[2.477700098850268, -1.4848941492034582, 1.5414381576979852, 0.7786707524446277, -3.929462547065231, -2.0091338376225605, -1.7202535813565394, 1.4920217756830156, -1.2023811624734313, 0.8239611520280123, -1.48003651969361, -3.7293401653890528, 4.169798633699489, -4.323620811405982, 4.087116469135175]]], [[[-1.5056612372120994, 0.7162411395057358, -0.14212593098724163], [0.25549695848056875, -3.334610660304162, -1.71798133095775], [-1.0150425892684665, 3.6237470792601227, 1.555866428830068]], [[-4.005843700134791, -3.156098252619864, -2.4105599752210116], [1.046939836721721, -2.1521823807529605, -1.5180553406633925], [2.1063317560199226, 0.4543521615243212, -2.9066348955528896]]]], [[[[2.1552433268485762, -0.5360275364837462, -0.14927469882325695, 0.8908567548513158, 3.2546539353423167, -1.2026246132322311, 1.6439823264675457, 0.3974755455577898, -2.1354333454540435, -1.026363839866714, 3.0051681851409486, 1.738679525303328, 2.040644591097426, 0.6160012479932524, -1.779950052929443]]], [[[-2.35571639031313, -0.4763261782896952, -3.0530637294466616], [2.519556605167965, -4.695722781410115, -2.6750839881285122], [-3.011647143009033, -1.6077601545762175, -1.5286383125744307]], [[3.2801541540445593, 4.289959025429585, 2.9742757851379955], [-0.8220533505578859, 2.5564727733301487, 1.2075963143500623], [-4.778590600187807, 0.6332970174368394, -1.782120010328757]]]], [[[[1.512204650206813, 3.7599137574171095, -0.823544813598545, 1.5346727238860047, 0.8368886488745985, -2.0991761452734585, -2.132936604817196, -1.1043327762715724, 1.5740882837186534, -2.70788744112606, -1.088479151070037, -1.7221513932716872, -4.368873686540915, 2.8863465275871745, 