{"noise_params": [0.0, 0.05, 0.1, 0.15000000000000002, 0.2, 0.25, 0.30000000000000004, 0.35000000000000003, 0.4, 0.45, 0.5, 0.55, 0.6000000000000001, 0.65, 0.7000000000000001, 0.75, 0.8, 0.8500000000000001, 0.9, 0.9500000000000001, 1.0], "max_scores": [0.24847342850727044, 0.21280047517570944, 0.16196524043513172, 0.16353736874485164, 0.12831791034491313, 0.11251272559147102, 0.009478476933214353, -0.0028881581888229313, -0.013637308044454455, 0.026183410078086222, -0.0013502272378562719, -0.0010797697597929937, -0.0017346777386620382, -0.0013095175888541409, -0.001467317629244791, -0.0009796149401638532, -0.0030716685308473934, -0.0003716511494169648, -0.0017289070302829264, -0.0013399419087966047, -0.0011674371023673857], "opt_settings": [[[[[1.150579809708536, 3.760276437669681, -3.00339513772696, 1.6023198189262422, -0.17386144091918626, 1.6959844295499562, -0.6393400645634036, -2.6456526216297225, 0.8591347241662897, 3.9174613024767027, 0.8261917087610484, 2.069882497598871, 1.6115947723123911, 0.17022393597095511, -1.4315101133383574]]], [[[-0.48499038314538556, 0.5020354264398865, -1.1814661279384704], [0.9352463829020125, 0.4200264048263174, -2.5114855210539817], [1.1524246777866762, 1.2678138292992687, 0.8798400982430504]], [[-0.7759041375158651, -2.168142088554435, 1.9635064711433667], [-1.3723516108097067, -0.3955993852072325, 1.5092281397577911], [0.12396772323405285, -0.23101589301113498, -0.6081896084934418]]]], [[[[1.2630673744441312, -2.251600256080133, -1.7581000392371664, -0.6114271217169144, -2.0353638888719456, 1.4063444486445305, -2.1694125010135594, 3.465134904995599, 2.4176435893678536, 1.405370779268282, -1.8200093149929968, -0.8160755376936935, 0.5935265159579018, 1.4917751758124476, -3.208366382253781]]], [[[1.541463508303336, -2.1685344272989395, -0.21754440293173602], [0.18155202437300755, -1.621535320506927, 2.4955276777597835], [0.37100501759108956, -2.036288804407227, 1.3199124031139056]], [[2.390433914579451, -1.1498341407067485, 2.104920003502545], [-1.3519303304204318, 2.6629769187429426, 2.1520927986534377], [1.9052273650942255, 0.21184430797766218, -2.291202472616139]]]], [[[[-2.5860536898376894, -2.181086383447824, 1.9527082263593945, 4.187480318728087, -0.9695960560625015, 1.411921651001502, 0.4530076537644709, -2.753238139269611, 4.485973861785435, -2.669205668035957, 0.47496147830422863, -2.371182502742126, 1.7138858640113899, -1.0463205562215754, 1.388964822370244]]], [[[1.877404974144638, -3.362925821451722, 1.1765369046826166], [-0.4373225088367021, -3.8340365374642453, 2.102457851065247], [-0.7987764019716465, -1.3136769067946692, -1.6638658305534038]], [[-1.2668260046708006, -1.3160459727712155, 3.056354350448079], [1.142971600362215, -0.3188886872169425, 0.7074936347392847], [3.453333992011814, 1.536101836948247, 2.5152782479496376]]]], [[[[-2.0280745450232036, -1.5271129781570782, -1.3422320402667252, -0.2895442053148115, -0.4004544866366283, -0.05787846255006107, 0.6745485946622333, 0.3507650656167847, 0.9357284566534392, 0.2762531775780053, 2.3171691185764884, 0.3211229590096675, 2.3997277860788007, -0.7546944779445036, -0.3160157076721128]]], [[[-3.488767186846669, -1.765307095787678, 0.8992998972777451], [-0.09277084246807579, 0.29345980989783815, -1.9883136396586414], [3.077262597928059, -0.6507041497963251, 0.1781303654332142]], [[-0.20069456572422678, -3.716984472457965, 0.012063680557703864], [-1.686628491270901, 0.3744951369008702, 1.1765115260311627], [1.954535024175162, -1.905289155296205, -2.413575628865303]]]], [[[[1.7916267294737136, -3.8537672561056566, -1.237183832019414, 1.7422814507009121, 3.0891344502753006, 1.8635926803474399, -2.367383123779564, 1.0790470770066531, -0.010395505111139635, 2.7625821939682838, 0.9768248561988827, 1.668753840698347, -2.4278482366686043, -2.824178354530359, 1.3989749085624943]]], [[[1.782184890500776, 3.626124808281696, -1.3534842723332232], [-0.5174320671646296, -0.6208714089268599, -1.8037814559432594], [-0.698110460822398, 0.7907628430464049, 2.180346229218014]], [[1.6089039396809233, 1.6214744891917006, -0.2719371237430461], [-0.6981894331608565, -3.804468759760561, 0.5136580111633959], [-0.6336815463238347, -3.0700194054774665, 1.0411488371850801]]]], [[[[0.825765544423082, -0.7590672568535589, 1.872792661754627, 1.7853527371959308, 2.165743203581504, 2.844058978452743, 3.449620463803647, 0.4691343913837285, -2.3695098706721733, -0.12792327544114204, 2.37517990578102, -0.5717631777591716, 3.6537906573109313, 2.5095764226824873, 0.5462721425866714]]], [[[-1.895024816827496, 0.039102490697957154, -1.8720847257567803], [1.5517144212947227, 1.6180978190573068, 1.8123007306193937], [0.4015171509881966, -1.5153797351986242, 1.4968555202522675]], [[1.2767151920806992, 2.5551949864552457, -0.5456132026955696], [1.4543619914757886, 1.4908147404884202, -1.4790824447019089], [0.8786191417712251, 2.2828283713621285, -1.0304916715045618]]]], [[[[0.9548983725040233, -2.940736857540666, 1.6557706522931996, -3.484645109287913, 1.6920755679390174, 0.33337696003166634, 2.1210610425836363, 2.150366508103948, -2.3346913597635073, -0.3878240914047865, -0.11717150943335068, 1.3257314608695836, 1.506051633483249, -0.5732425691536618, -2.8205749434129266]]], [[[-3.497814200947545, -1.7186629671582307, 0.23025794693436377], [-0.3582354175084946, 1.2017883734340538, -1.3230687279946978], [-1.2688970137686586, -1.2226739129128479, -0.9042669557666936]], [[0.6151376866193462, -0.2516078451995161, 0.556216064478103], [-3.4162012847935626, 0.15894518951945508, 2.924394700121889], [-1.7734424747982382, -0.5580667566736021, -0.0795382912043767]]]], [[[[-0.5244360935301587, -3.056466534781647, 2.0973722095770575, 2.297076912966681, 1.1920744864316801, -1.929143396592886, 2.759770360931127, -3.0206391728991817, -1.7371924647555101, -1.5635504032177316, 0.5127978988833047, -3.135314030835453, 0.0636902421299871, -2.5923007351563356, -1.5026889994638881]]], [[[-2.7254138824545566, 2.95213103362376, -2.197381331086985], [3.503278880087914, 1.8820511267364062, 0.9503932145788545], [2.8364014007369334, -2.8631008141837513, -2.120214546047963]], [[-3.0125694690271185, 0.6403576862961593, 0.402246799895325], [0.8751147602415131, 1.2847566385560287, 1.0594779196308017], [-1.51400204731263, -0.08040791064638034, -2.383290096064147]]]], [[[[-0.898704545826677, 1.7206272522449508, -3.8303835479154262, 0.05516663036735989, 3.8259246735155106, 2.281435152218078, 2.3052616429513146, 1.3602309820920486, 1.7704442623186298, -0.6444149762773974, 1.9030500568702582, -1.336511481975058, -1.338021073607158, 2.333344899937327, 1.8300190182309046]]], [[[-0.755198145004992, -4.047283477594694, 2.8491679128520007], [-0.4136137637620713, 2.2880902201839963, -2.5177560831473875], [-4.34632711767211, -1.246444720770684, 3.06473019672278]], [[1.0629931765831193, -1.1113133069747185, 1.5220574539332579], [1.9807145169853484, 3.407896154867343, -1.5241806162853742], [2.767932499501342, -3.48473371014805, 2.1239739087581775]]]], [[[[-2.253000359927779, -1.207405564070656, 0.20295378356846083, 1.834596588340956, 2.25085084331311, -3.4060588771605462, -0.5521440521140029, 2.281019174130605, 0.8195879927108602, -0.426729339976875, 0.6699616844158812, 3.7507636346581488, -1.3705442638286485, -2.402629610494116, -1.9159520608864984]]], [[[-0.3971087073896621, 3.0013459779494225, 0.8353909367499629], [-2.585941447985065, -4.355084294319292, 0.3676018717139914], [1.7626399539100637, -0.6247912328551456, 2.12606539605103]], [[2.4937433417705885, 2.711779093215805, 2.011936502298219], [-1.1430970958596676, -3.681455356766854, 2.1218861803531635], [-2.6220880124264303, -1.5539684250916723, -1.495558702359357]]]], [[[[2.7151342486586496, 0.07432762809682657, 3.2783531117115663, -2.0876471326919344, 1.5022907497407898, 1.5911698334911002, 3.334328044386738, -1.4136497066666724, -1.7938696941832841, -2.849963378185887, -1.3111922287074502, 3.4653112020580297, -1.2569116706931138, 1.465263984845169, 3.511928542077395]]], 