{"noise_params": [0.0, 0.05, 0.1, 0.15000000000000002, 0.2, 0.25, 0.30000000000000004, 0.35000000000000003, 0.4, 0.45, 0.5, 0.55, 0.6000000000000001, 0.65, 0.7000000000000001, 0.75, 0.8, 0.8500000000000001, 0.9, 0.9500000000000001, 1.0], "max_scores": [0.24711457019108518, 0.22025209930696754, 0.19102264334269753, 0.14724031913808489, 0.14568411150017546, 0.11218541709991486, 0.0873349032149624, 0.0636538215762329, 0.044127150931518866, -0.0014698965393892816, -0.001112605588663218, -0.0008439863854004664, -0.00208005950610074, -0.0009995397089905822, -0.0005747656045211629, -0.0013979115331416714, -0.0017203888028344827, -0.001486743099996135, -0.0005354602860918935, -0.0012475571096697696, -0.0007394398189070142], "opt_settings": [[[[[-0.37932305952479684, -4.291772372499667, 2.1507594221242083, -1.3602230307286305, 1.5528974718897646, 1.4455433328558085, -2.8046266225790912, 1.6214232596871365, -3.3715211227401922, 2.1112119864069485, -1.9780217951714238, 1.3345027058612773, -4.030927172340666, 1.3863171920023787, 1.4920115092448425]]], [[[3.9282692876052905, -1.1699981150595031, -2.79980958940823], [2.1187110317063493, 2.024213439241662, -2.4235165360886715], [-0.9436788678484185, 0.4560672589756258, 1.6826645208229813]], [[3.3718346877206393, -2.0344888280480555, 2.248036140970765], [-0.2492350525428619, -2.4251570787220853, -0.810083357887033], [2.9999308463159324, -1.9957987191083502, 1.0603630085560387]]]], [[[[-2.6740401471736277, 2.0769741891893574, -1.4551162897429868, -1.2300779419983967, -0.20991034865926908, -2.5096134896214406, -2.6354605952780084, 2.0041458735513933, 0.3478101146924185, 0.5707075468713707, 3.1992428095029544, 2.365079927773669, 1.307120570155457, -0.8733750615482586, 3.0138425391200334]]], [[[1.9657454033008086, 0.3415316323143495, -2.505884447323224], [-4.059376622462313, 1.1987341822504485, -1.0667684673314985], [-4.023861018055959, -0.4175797107947609, -0.39490152607504847]], [[-0.8258780876123512, 2.4904553602783905, -1.1297743588334406], [0.0529967837880282, -2.325665968522652, -2.743721135502356], [-0.45362066531330775, 2.011374089144346, 2.5371302596495213]]]], [[[[1.2200303817243705, 0.14451276522025022, 0.8140573883086647, -1.4675761052700111, 3.6692250135477305, -2.3667538296727177, 2.2428305587235253, -4.032682875806062, 3.9641470569425263, 0.5516353557092689, -0.7042027624326809, 3.279395908108814, 1.6923133455596182, 1.7839024970557598, -0.6394808849571719]]], [[[-3.1065420546499505, 2.034106954629917, -1.0189293240782815], [-1.244315237046901, 0.5969908207037541, 0.9897876723263725], [-3.543322786724096, 2.6597105648548296, 0.8362891303736265]], [[1.5347433765549425, 1.7185740726093501, 2.549735587290866], [-2.413380228286908, 2.704300070622595, -0.383726309505405], [0.6103072008004887, 1.2218543710807976, 2.6348182361362475]]]], [[[[-1.627433628755131, -0.7021456464219228, 0.1260463814800601, 2.9345700009310125, -4.676362289087569, -1.3317185440829546, 0.2516184726146268, -3.222567425872841, -0.8050313854078853, -1.1675055363064715, 1.4735721626672764, -1.5164844371948043, -2.1805936812316715, 2.8638382112058345, -2.852765739117037]]], [[[-1.1838510521207293, 0.8478484359240869, -1.4671692312406104], [0.33151528243785205, 1.1306614318113035, -1.4592489461459222], [2.5373775422884943, 1.7912573950908823, -2.8168303326150435]], [[-1.199593190589254, 0.11260969956673789, -2.642240178298577], [-1.1820144134527448, -2.368352016897437, 1.740226413732756], [0.25317440051259776, -3.7500083911208013, 0.8892776801502517]]]], [[[[-3.3679683893281136, 3.6068663694598158, -2.6974017009532782, -2.927358484616508, 1.4628147569120789, 2.7973125968705097, 0.023161878460781396, -0.5166083532639814, -3.9941150929194285, -1.6727138203224197, 3.2796823970666265, 3.300499106431616, 3.539089740190772, 4.493224253739864, 3.75721505694082]]], [[[-3.398184758541402, 0.8297027390740068, 0.6544323371594328], [0.4138374161493735, -0.4939925895835956, -2.7448917672820934], [4.01979338387306, 1.1476723653482386, 2.338431497764199]], [[2.892506281891023, 1.5343932536450589, 0.19563588570438062], [1.375828135718157, 3.181294513439138, 1.5640464664825287], [-0.41852280035911876, -1.2162200240283432, 0.30777401182880115]]]], [[[[2.4603962806442463, 4.391976182011386, -0.5563568014386855, 2.194019309006976, -0.6928984664579594, 2.9685350898877387, 1.8828520103182236, 2.6958689319488998, 1.5606563568607787, -2.5249815921016636, 3.105093528070758, 1.072155352757251, 2.037282053151925, -3.7070983444412704, 3.7075558769935326]]], [[[0.42580587418001936, 0.6776036500116598, -0.6539438532964326], [-3.5498795279402615, -3.283648514488753, -2.780962558465987], [-3.0746866620095807, -1.8213279126144433, -2.799000558488589]], [[0.21720702844061704, -2.9293870625792984, 0.9478887441428981], [0.4461924627051597, -1.48473189707512, -1.0692933779778184], [-1.3437165430248939, 1.4533744860680913, -0.10107067007737273]]]], [[[[1.3786323822067288, -1.2561436812122242, -2.247353871176888, 1.4068314183074055, 0.29290370498914514, 0.6220102954180123, -1.5050403023534165, 0.9855658342346815, -2.7694805462176557, -0.7884347879060941, -0.7508990746599435, 0.22930472212868716, 0.5185184760751251, 1.0741627040416704, 4.0166130430970926]]], [[[-0.09453415723232685, -1.4102241860298854, -0.5281684656156078], [-3.290422254118746, -0.7509467205726822, -1.5763877212568136], [1.8737820927430393, 3.7471320169590996, -0.6616565635253483]], [[4.030566876703611, 3.445839833825052, -0.24794605342772538], [-0.6167135437733786, 4.343995043633939, -2.2230350871776574], [-1.2679334831311921, 1.1043452227717778, -0.11303585233315222]]]], [[[[-2.0168444390133278, 1.532245780910132, -0.24167805596135467, -2.8959881804826098, 2.1352002755185127, -0.3131416242500386, 1.1443225573749545, 1.4103207164132017, -2.483721803559846, 1.1149120741548653, -2.0493152669459613, -1.5265638420873833, -2.340580009044476, 0.695566606912502, -4.37251588059474]]], [[[1.8174909934503902, 0.24649288734230249, 0.905110568625493], [1.6167859197128764, -0.09872375461125993, 2.2360314280900826], [-2.996632298248421, -0.9662442338965826, -2.681169198518944]], [[-0.2313646578051141, -2.536140951092325, -0.42621761603384956], [-1.5259069198536515, -1.6346785145625702, -3.1379072602205715], [2.245357173348599, -3.111602980790074, 1.913053043607184]]]], [[[[-0.0004190239387585476, 1.7803980171437752, 1.4298210239965274, -0.8328290000174142, 2.2290875473441027, 0.06082890066556314, -1.6944720974508476, -2.3984929875899788, -1.8662149580863394, 0.8444733311106722, 0.01088011643859288, -2.5759722092625306, 0.15629599056401433, -3.495693312728322, 0.28324222666859167]]], [[[-1.324714019666538, 1.973243607065866, 2.7353879148519815], [-1.535779354745261, 2.0330522501695674, 1.4914848691558076], [-0.39792195920751017, -0.4646252880253917, 0.9511854798178622]], [[0.3072692810153129, -2.2029773712841276, 0.89772991341028], [-0.2956034089725055, -2.975193963412586, 0.14836493926636318], [-3.218927266898884, -1.5275073208216507, 0.9032028857746863]]]], [[[[-3.625200105850029, -0.157382076300954, -1.739926800503418, 0.47636156019997145, -0.8206386448724614, -1.560735237902781, 2.244136204080783, 0.30518995803405835, 1.2771164447514827, 1.9793352104322854, 0.4331667760065618, -0.10718187769462142, -3.6819046548174628, 0.26676989835055326, 1.6802947589356816]]], [[[2.414978071422957, 0.05657054627764529, 1.2932808434465182], [-1.6972183839577246, 1.7846886641827366, 1.5799494469647986], [-2.740061572793047, 1.1709305804382188, 1.9749580754848057]], [[-2.2939573178669788, 2.9263161542833105, 0.7747695416047596], [0.7608667842133484, -2.7689447943263197, -0.9438810350832484], [2.0680206941081063, 0.3380394432132721, -2.1814750755869614]]]], [[[[-0.644896269597578, -0.07480842791110426, -1.4891368664458533, -0.28625254921518634, -1.2913834814072613, -2.787029137338514, 0.891552821421597, 0.16836046913515018, -3.159423335976128, 2.8052314531088793, 2.9147960525019534, 0.11517485142964723, -0.7064643889361679, 