{"noise_params": [0.0, 0.05, 0.1, 0.15000000000000002, 0.2, 0.25, 0.30000000000000004, 0.35000000000000003, 0.4, 0.45, 0.5, 0.55, 0.6000000000000001, 0.65, 0.7000000000000001, 0.75, 0.8, 0.8500000000000001, 0.9, 0.9500000000000001, 1.0], "max_scores": [0.24257690549703737, 0.18224288116565712, 0.19863345962779677, 0.1553637817648736, 0.13454249740972352, 0.012741378622096677, 0.045707214637012994, 0.005210352325004108, 0.043045052142232365, -0.003847649405378517, -0.003340170181231117, -0.0001397891602119422, -0.0020786807357224685, -0.0009910196971310934, -0.000740414064733963, -0.0008829082287962657, -0.0007661050186436036, -0.0008589733690460566, -0.0016608981507052244, -0.0009330948679332609, -0.0006890695959136384], "opt_settings": [[[[[1.1465157854841719, 2.16337953216244, -2.3632057340976034, 2.0656736628020687, -2.936586174179332, 0.1844390724383513, 0.9551365742545028, 1.9032191456270438, -0.28970043669072704, -3.187641263399559, 0.2909966171081376, 1.0372450399369553, -1.149591871778627, -1.7805787412612821, 2.812552175320969]]], [[[0.10151137278335885, -0.9993960111742376, 1.5725519493818965], [-1.7605693233312079, 0.8106847493437372, -2.491793959523188], [-2.340824537298441, 0.49380958248637435, 0.38645604740005635]], [[2.279413845945904, -1.2157083108205993, -1.1203374063630385], [0.6062791776564193, 0.12758455896314935, 0.598687579639405], [0.4125830893581474, 1.5314259300069533, -0.5075830897391399]]]], [[[[-0.4022812142944221, -3.1075242784186994, -2.8653274728724987, -2.4886462873081086, 3.6975054126822284, 1.1768647004875359, 1.6869025261624062, 1.2679514463647183, 0.7252928784574226, -1.3423730986849196, 1.1414468361873547, 2.5264735449854787, -3.372423793407815, -0.6602309886665995, 1.9286518733312237]]], [[[0.475786268663796, 3.824661218036221, -0.8610180632324204], [2.004845343176817, -3.583389077229775, 2.297733824119842], [2.0530222677332066, 0.9627877754889761, -1.7251509820226862]], [[3.3110752221060076, -0.3252692534488465, 1.941776913151938], [0.9997627864124781, -0.6827285287429392, -1.462000519324488], [-4.126574811799055, 1.5949042706029342, 2.412953812732183]]]], [[[[-0.6894724615727793, 0.6330648482115487, 1.7534732654953318, 2.219275921735393, -3.9246385343755286, 2.285682158042803, -1.10835480264554, 0.7682046965420486, 1.4265821233291889, -1.8255381998693458, -2.156743653785053, 2.1407315087137073, 3.895086111044501, -4.548010930282236, 0.9154176190357959]]], [[[1.8701316344066956, -1.6628931901992379, -0.7406904379441098], [-3.3467524967558715, -0.500109004352046, -0.7940053367875264], [2.684794735489479, 0.3456374771747791, -3.0071302590674884]], [[-1.779944971745155, 1.7460946753597557, -1.3115607656858914], [2.184292248829275, -1.497633246956228, 2.162637201867238], [-3.0069269661602385, -0.8816999900078857, 1.1897813473009582]]]], [[[[-1.7877403709972552, -0.8775336119545613, 0.04598530079155451, -1.4950384857037127, -0.02764759440506559, 0.20792487176099922, 2.2092543946529557, 0.3964805391682067, 3.0319638282786867, 0.612736533926917, 1.3271840316865195, -1.8458776705469422, 0.703134083932389, -2.1154520463034223, 0.5302184398880003]]], [[[-4.224963705636541, -1.0120803819123734, 2.687232058550942], [3.197787542184149, -1.0094414782438164, -1.3788507547603355], [2.783206471633175, 0.40272340876309415, -2.936963877087293]], [[3.8700992800974348, -0.36317188876405254, 3.0693522388322925], [-0.9098606394488943, -1.6674504850796124, -1.6684980181959468], [-2.374082183639703, 0.5219200388639696, 2.5761653499956743]]]], [[[[-1.2724912246868585, -1.8000405424031933, 1.9209720444825564, -2.5597096242846287, 0.8505343171828724, 0.44209234710649353, 0.7493223019917905, 0.8499902084520211, 2.251539508313496, 2.2156187632242634, -3.0731047946238963, -2.492611516424809, -2.8302180944716255, -2.7030752012569064, -2.175965759587721]]], [[[-1.978607049166063, -1.2676647815216076, 0.3228348010026843], [3.8269041286783496, -0.5938908123099053, -2.464546884148324], [-2.679094999398762, 0.5338843532672158, -0.5159833518335838]], [[0.7178514901086497, 2.826420104635515, 2.9921399588509265], [-2.8743363518574885, -3.127893319988806, -2.676115078527257], [1.0986346918939824, -3.0163293984830983, -0.02114229455040252]]]], [[[[0.1784391268062428, 2.067792469440757, -1.177680635013952, -2.7324789808435024, -2.0014475743614173, 0.41367455871268505, -1.659513944896349, 1.0746285620422007, 0.8054475935404497, -0.74819553083685, 0.22947159907926518, 1.2352857864446567, 0.6621730069537537, -0.3494450669668967, 3.855581137755264]]], [[[3.1102105551448385, 0.31315648021337755, 0.1694745028767253], [0.9279391776883307, 0.5479867618094197, -2.458961485265352], [2.4009286957026643, -0.786309293756878, -0.4008523513703932]], [[2.6484047077897515, -1.405236989086957, 0.8828571050235128], [-0.08757756236226681, -0.14672389503384337, 0.8188292207945158], [1.690183238303915, -0.39410226085730315, -1.141162471023194]]]], [[[[-0.7680487522680789, -1.7854914552802712, 1.2812622214265976, -3.06029051127429, 0.15120186312817313, 1.6286941513692104, 0.15568903050871274, -0.9799169960339735, 1.2135381032962496, -3.2881226052667785, -0.9768183861358082, 0.7643326386542183, 4.092605413853954, 2.6712456174504546, -2.284083175857294]]], [[[-2.483712401363782, 1.703031517647405, 1.5881360329762495], [-2.328162759952237, 1.8952022102483257, 2.4494903688367056], [-2.5742754076916325, 1.4275890748637237, -1.5598862293093756]], [[-0.0652146027445748, -1.8960672514027193, -2.012418094291999], [-1.122810972365634, -1.1490807257886493, -1.8360474886100826], [-1.102958754803788, 2.3392068902850065, -0.8811607310590241]]]], [[[[-3.1595416083278067, 2.3354819960576685, -3.7926043847274253, 0.9007674895290018, -1.0108878349151833, -3.7504821973617752, 1.077679668730462, -3.884935743590039, -2.8904615992988423, -2.968774265512982, -0.14967957408118096, 2.7905696733929317, 2.826514015244146, -3.2192349033646455, 3.469798977204464]]], [[[4.231354772224237, 0.8125207865262162, -1.6628096381010704], [-3.0407494307065264, 3.0632539445731624, -2.069143826933042], [-0.05617196250508301, -1.107852689801878, -1.3732561387168676]], [[0.35527610091331774, -1.1953794180220543, -2.938215178455366], [3.758780476845752, 3.07399399088118, -2.9003538903942743], [0.15908253900503144, -0.12550245116599462, 0.9487932130822225]]]], [[[[-2.800705780529396, 2.6048326020349997, 1.897734016483992, -0.3164144223065764, -3.10490516133995, -2.643056055652324, -1.6104293615306855, -0.42502031742591817, -0.8752272339686097, 1.4091536569473206, 2.8689472503738975, 0.3428587627662992, -0.08860296578689701, 0.8803248949709329, 2.6881654730415194]]], [[[-1.8224723108284864, -1.1215181268250263, -0.21179420949218364], [3.2953957782280603, -1.8900587594101463, -0.502118841294833], [2.3743958714189843, -1.2719015593532876, -1.7529166958317306]], [[-3.0462922831327566, 3.6424425105547784, -1.6913067485038809], [1.5689721347874621, -3.8279888307439656, -0.9797577584727412], [1.0711727181953081, -0.7492836469173159, 2.009232851941462]]]], [[[[0.513532705221664, 2.026298422613561, -0.8830805807077642, 4.226982537257716, 0.9537982076782813, -1.9241521378740611, 1.2860581317886657, 3.855965057208097, 3.1621243817254676, 2.863192034954047, -3.25806625998086, -1.90088126142579, -1.3547988698674445, 0.28123074653074165, -1.4469580420106598]]], [[[3.864778702523099, -2.560192532291779, -1.8520189198075114], [1.14940639239953, 2.497235403603096, -1.3282629022145285], [-0.7460372546847489, -4.54630565483351, 1.5246396922427456]], [[0.32674437273314744, 1.96888636926651, 3.056119004173551], [2.584369121828026, 0.5812866660681928, -2.959214562653951], [2.718379726149382, 1.662156931770837, -1.5036537522621067]]]], [[[[0.8479258201486533, 1.9259344407774357, 1.6641022559746887, 2.102199411968862, 1.8770701503462728, 0.6719642759841482, 0.7515455982559288, 0.36717023274553884, 0.8359001429639148, 0.3379519784314936, -1.224463624820245, -1.9184567983540375, -2.1015238613882423, -4.029738253902749, 0.9506662533192585]]], 