{"noise_params": [0.0, 0.05, 0.1, 0.15000000000000002, 0.2, 0.25, 0.30000000000000004, 0.35000000000000003, 0.4, 0.45, 0.5, 0.55, 0.6000000000000001, 0.65, 0.7000000000000001, 0.75, 0.8, 0.8500000000000001, 0.9, 0.9500000000000001, 1.0], "max_scores": [0.24816632490832835, 0.2200689513313847, 0.135138654472033, 0.1673554996320457, 0.13162430951408916, 0.1093344483342607, 0.08644632063005864, 0.07172643041204052, 0.04757573018249456, -0.000613554471076915, 0.009099313959606115, -0.002455337984900663, NaN, -0.0012870428102303988, -0.001534010931562791, -0.0011037228822942668, -0.0028216333444233133, -0.0010259147427940174, -0.0004762436479390231, -0.00136749067336428, -0.00034112211288560464], "opt_settings": [[[[[-3.5980297222056215, -4.082651558776186, 3.3456213491971205, -1.7081517371292367, -1.7232070755719997, 2.829390479660372, 3.979453728947114, 0.8588762780599528, 4.933946811234156, -3.8618026753394674, -2.547059518524247, 1.2909076128103287, -3.6910380365918902, 0.5770993437097519, 0.29213888200965804]]], [[[-1.4337996538043505, 3.048328617048532, 1.8849239000676947], [-0.11785875239509414, 1.2278097595418367, 0.11395634595098555], [-2.73946814317268, 0.49170487187346695, 0.9779774334658203]], [[2.104128063425423, 2.32469692355271, -0.7768992333102038], [-3.024272946114454, 2.035061614449329, 2.0434083642701233], [-2.6855408086929664, -3.505248451141391, -0.986181360282783]]]], [[[[1.2732768785735558, 1.2357514792416877, -2.3789574823026136, -1.9196812224636024, 3.7991891873882935, 2.5780242563497335, -2.1685839294218385, -1.5711632334158152, -0.9712239276566601, 2.5008223661279185, 1.3206745671413083, 1.7790987633845203, 2.260351960063607, 0.3133403989481942, 2.6279779359065465]]], [[[0.9022426284737064, 2.30915710983385, -0.8496023436320543], [-3.1234299078605465, 1.0934887382462943, 1.0048701698880151], [3.0365686982636504, 0.27141282644190695, 0.0563735898760564]], [[-1.486949624815377, 1.894190892576877, -1.3618453038904121], [3.3129653889129433, -1.4934293096315114, -2.5099553347779784], [2.1297555852166816, 0.9062984763563398, 0.3915441667775177]]]], [[[[0.25254788120527305, 2.1113939972236464, -1.5887945648402002, -2.7073020105973984, -1.1470135206684717, -1.625111876930507, -0.8305667569433527, 2.6117940763124707, -3.4907551595361137, -0.656240158918245, 2.0123279111218713, -0.6372161976288567, -2.3040223916278153, 2.144569284787609, -1.2440067855808234]]], [[[3.2399733078368884, 0.9926164862516429, -0.35454938911186984], [-0.01652783590161634, 1.4700066934983678, -0.5691702708937709], [-2.9814579064763436, 1.666662653873742, 1.4739761019950075]], [[-1.7876301820933442, 2.4171662788895825, -1.0029910111230471], [2.8084500024755847, 0.05761827615199637, -3.0259209250603094], [-0.7813618748914116, 2.266150492049413, -2.204092603446375]]]], [[[[1.179866096122236, 3.9683345054373467, 1.1859552311729384, 2.973688997678091, -2.0606026712335623, -1.7639595150708822, -0.08332710672731095, -0.07333847078098076, -0.8878811452901456, -0.4595113900793186, 3.180177161850309, 3.0294125926980064, 0.5297906711002864, 0.3854778460181968, 2.9909528130852987]]], [[[-0.45395158705806427, 2.716393817853254, -2.0195006802276967], [-0.150907068595026, 4.967955149281444, -1.118963868921154], [3.0752845079631133, 1.51668256767369, -0.6120885439712029]], [[-2.6455817787989253, -3.812628419166487, 0.2288073683624565], [2.362672188404499, 1.9008825442296908, -0.2589683348660714], [3.382409389549932, -0.7175407497913094, 2.0477425792873665]]]], [[[[2.134397494402501, 1.6811491001509045, -1.6663726090402078, 3.5711318559181393, 0.054635337413142, -0.516382829876531, -0.5038265471420197, 1.829689584833431, -3.3698926120505086, 2.9531271766547076, 1.1283865388164922, -1.774803757006788, -1.525381170471126, -2.56511442497538, -2.4675548150628757]]], [[[-0.7005535441456744, -2.3295271537665254, -2.0154687708964487], [1.0170967219693885, -2.7275053839132255, 0.906777230056668], [0.12529677435453918, -3.592267584867444, -0.47156889259273255]], [[0.26735468927099815, 1.5161733116370304, -2.743930169516135], [0.7228195730844065, 1.6431166427400095, -2.7492495807652406], [1.3330248566993526, -3.7838969385816723, -0.41739122079625907]]]], [[[[0.16511587807312594, 3.0180631461603986, 0.08392899927066653, 0.5674334821045403, -0.681757496829208, 1.7639596024773319, -2.498225300958869, -0.32974270622318513, 1.2795355661717285, -3.6722047404957183, 3.5815035240706656, -1.4318209210150592, 0.46595321553030633, -0.4059343211351734, -1.1796246795831777]]], [[[1.2077475316511868, -0.3891005505016127, 1.15017628707738], [0.0024296856544712836, 2.6117063301260437, 0.996368623082073], [-0.21968045771355887, 1.589122264416598, 0.5578363520556224]], [[0.6736412404613886, -3.425369624802182, -0.5979712601026369], [-2.259587532338248, 5.295697138796573, 0.11270712261417817], [-1.1011408587360985, -1.3340959833811779, -1.9470242223814191]]]], [[[[-3.172129802121642, 2.3852263446030877, 3.0521142416467306, 2.204263666658469, -1.8482407861513008, -3.279747489360704, 3.8232091958466885, -3.525756594296482, 1.8104217282157278, -0.18326518187409316, 0.08475522271412303, -3.6486658750619014, 2.3200264718152726, 0.5156965278143496, 4.323437825332616]]], [[[1.4480068434249187, -1.5490692090955434, -1.1614792274427086], [1.816272867697702, -0.10676902377490773, 2.8069116193644343], [-0.5833999100185387, 0.12233393572715899, 1.9882902753300888]], [[3.69815294640517, 2.697586702886776, -0.9847311212736785], [0.10176756593800884, -2.4321497015291405, 2.7718619444784887], [-3.7726329945942627, -1.3939543642319752, 0.4424072285829576]]]], [[[[0.1930477261578618, 0.06814562167016536, -1.8124388581069089, 2.8799453748936794, 2.7959193256653525, 3.370236063028287, 1.9357151332325904, -0.4853067017978906, 1.050877603356929, 1.9775536547574752, -2.806429936059239, -4.953224117691681, -2.9042519211407045, 2.362058857528942, 0.9487711411569337]]], [[[-0.8709825628715219, -0.26497710284765585, 0.44828161471063255], [-2.2320281970052482, 1.3234974344153505, 2.968276550754803], [1.813440202807769, 0.5027211208927886, -0.5764237916920413]], [[-1.658410521730826, 3.2817108741626204, 1.6427910271595558], [2.141450311434172, 3.9101849263342814, -0.6300904568509419], [-0.5304214189650742, -1.2647096074714494, 0.05877868759021733]]]], [[[[0.8841576837240415, -1.1353519539967303, 0.9815134668658172, 3.149375629200439, -1.3156085122898893, 3.3298393901990213, -0.8758427327343961, 0.45067635071055523, -3.0016509169750933, -0.22262848264426954, -4.052656259431324, 3.478784076976392, -0.03436851511852882, 0.8649210424471384, -0.558811606155366]]], [[[-0.6307808481432838, -2.285093968623521, 0.11120740284733958], [2.3890250495511864, 1.8320460028610324, 2.402300560809398], [1.463468759232408, -0.9501780368693564, 1.862475638095196]], [[1.2332913395011857, -2.3992737896688494, -2.2871301980339442], [-2.015534603411892, 1.384146237439655, -1.012042910444416], [0.49320132267800487, 1.7765272010674737, -3.1056369430590895]]]], [[[[3.538881747958343, -1.7697988559330682, -2.066541425766632, 1.7214905676995516, 0.7687843593165754, 2.0787372279178813, 0.6595735056104908, -2.4867391861761132, -2.0406131881487695, -0.4676915643367406, -0.4380761432923144, 0.6021037442386572, -0.8352914188112712, 1.2052960636067451, -0.6167138497423174]]], [[[-1.3825966129724445, -2.685615903515687, 1.1173138352028824], [-4.050196270572033, -0.4413518658495572, -1.2462593810201377], [-0.2288138823303647, -3.6900415897781564, -1.9801077370648308]], [[1.0296967341895598, -2.1557365676902824, 2.828437396549393], [0.41645608235726583, 2.6126223139060745, -2.620846118413477], [1.1948081510271344, -2.490310629977435, -1.8923360717604345]]]], [[[[-1.8511057266795563, 0.6017872477106142, -0.2706268139441251, -3.2011197410746677, -3.106059654779179, -0.9417007662750572, -2.4981108804726295, -2.2357453269663705, 0.20078785734061932, 1.2003706312530085, -1.2937139806622435, -0.4341634631870491, 2.938117871876988, -0.5506666885875157, -0.011682296518468364]]], 