{
  "datetime": "2021-12-01T21:37:38Z",
  "opt_score": 2.8273333333333333,
  "opt_settings": [
    [
      [
        []
      ]
    ],
    [
      [
        [
          -0.7367044774371577
        ],
        [
          0.8322677874185725
        ]
      ],
      [
        [
          0.04594655870131141
        ],
        [
          4.757355659599649
        ]
      ]
    ]
  ],
  "scores": [
    -1.029,
    0.123,
    1.3183333333333334,
    1.944,
    2.1206666666666667,
    2.253,
    2.409333333333333,
    2.5666666666666664,
    2.698,
    2.777,
    2.7773333333333334,
    2.8103333333333333,
    2.8623333333333334,
    2.851,
    2.8143333333333334,
    2.807,
    2.8466666666666667,
    2.8273333333333333,
    2.796,
    2.803,
    2.8273333333333333
  ],
  "samples": [
    0,
    1,
    2,
    3,
    4,
    5,
    6,
    7,
    8,
    9,
    10,
    11,
    12,
    13,
    14,
    15,
    16,
    17,
    18,
    19,
    19
  ],
  "settings_history": [
    [
      [
        [
          []
        ]
      ],
      [
        [
          [
            -0.4513649599738212
          ],
          [
            0.36035678936413307
          ]
        ],
        [
          [
            2.0417328524750467
          ],
          [
            2.948140846417016
          ]
        ]
      ]
    ],
    [
      [
        [
          []
        ]
      ],
      [
        [
          [
            -0.3469204385559176
          ],
          [
            0.5016468760056066
          ]
        ],
        [
          [
            1.5629238734316746
          ],
          [
            3.181215217401011
          ]
        ]
      ]
    ],
    [
      [
        [
          []
        ]
      ],
      [
        [
          [
            -0.1780096925434088
          ],
          [
            0.6314279700725545
          ]
        ],
        [
          [
            1.0176445041221547
          ],
          [
            3.427802746631074
          ]
        ]
      ]
    ],
    [
      [
        [
          []
        ]
      ],
      [
        [
          [
            -0.03143392981677834
          ],
          [
            0.6417350424124061
          ]
        ],
        [
          [
            0.6269691102389618
          ],
          [
            3.661595305447785
          ]
        ]
      ]
    ],
    [
      [
        [
          []
        ]
      ],
      [
        [
          [
            -0.006357234845258797
          ],
          [
            0.5958814728167411
          ]
        ],
        [
          [
            0.45184278092043995
          ],
          [
            3.857498509390452
          ]
        ]
      ]
    ],
    [
      [
        [
          []
        ]
      ],
      [
        [
          [
            -0.07252511110313518
          ],
          [
            0.5902804775748863
          ]
        ],
        [
          [
            0.3628847049672599
          ],
          [
            4.018225456843363
          ]
        ]
      ]
    ],
    [
      [
        [
          []
        ]
      ],
      [
        [
          [
            -0.19091468296649372
          ],
          [
            0.6067083062584742
          ]
        ],
        [
          [
            0.3014454697902751
          ],
          [
            4.181626435200119
          ]
        ]
      ]
    ],
    [
      [
        [
          []
        ]
      ],
      [
        [
          [
            -0.3308106700614878
          ],
          [
            0.6464142055182609
          ]
        ],
        [
          [
            0.24545246831209772
          ],
          [
            4.337809524513504
          ]
        ]
      ]
    ],
    [
      [
        [
          []
        ]
      ],
      [
        [
          [
            -0.46897777198000723
          ],
          [
            0.6870194315203259
          ]
        ],
        [
          [
            0.2006425576205118
          ],
          [
            4.4801813111215445
          ]
        ]
      ]
    ],
    [
      [
        [
          []
        ]
      ],
      [
        [
          [
            -0.5761854576446583
          ],
          [
            0.7261362631547352
          ]
        ],
        [
          [
            0.1571758379348395
          ],
          [
            4.591738884837459
          ]
        ]
      ]
    ],
    [
      [
        [
          []
        ]
      ],
      [
        [
          [
            -0.6437415528308313
          ],
          [
            0.7629383960680894
          ]
        ],
        [
          [
            0.11689101618341904
          ],
          [
            4.662777668861698
          ]
        ]
      ]
    ],
    [
      [
        [
          []
        ]
      ],
      [
        [
          [
            -0.6866117628957964
          ],
          [
            0.7886050364109439
          ]
        ],
        [
          [
            0.09078725435538804
          ],
          [
            4.706085000411839
          ]
        ]
      ]
    ],
    [
      [
        [
          []
        ]
      ],
      [
        [
          [
            -0.7112012286604398
          ],
          [
            0.8067292224442912
          ]
        ],
        [
          [
            0.07598865953825697
          ],
          [
            4.727348874960266
          ]
        ]
      ]
    ],
    [
      [
        [
          []
        ]
      ],
      [
        [
          [
            -0.7209151685811586
          ],
          [
            0.8164361318071633
          ]
        ],
        [
          [
            0.06168434171163859
          ],
          [
            4.741660223344732
          ]
        ]
      ]
    ],
    [
      [
        [
          []
        ]
      ],
      [
        [
          [
            -0.728895457095533
          ],
          [
            0.8235887981929092
          ]
        ],
        [
          [
            0.05403467193324993
          ],
          [
            4.750137515251748
          ]
        ]
      ]
    ],
    [
      [
        [
          []
        ]
      ],
      [
        [
          [
            -0.7307414380217256
          ],
          [
            0.8270575622110856
          ]
        ],
        [
          [
            0.04726825931700756
          ],
          [
            4.755281144776007
          ]
        ]
      ]
    ],
    [
      [
        [
          []
        ]
      ],
      [
        [
          [
            -0.7343328085120537
          ],
          [
            0.8273946915046094
          ]
        ],
        [
          [
            0.051482215112426025
          ],
          [
            4.754321430177393
          ]
        ]
      ]
    ],
    [
      [
        [
          []
        ]
      ],
      [
        [
          [
            -0.734608982259123
          ],
          [
            0.8273711570204444
          ]
        ],
        [
          [
            0.050979784213611705
          ],
          [
            4.755123569307442
          ]
        ]
      ]
    ],
    [
      [
        [
          []
        ]
      ],
      [
        [
          [
            -0.7328321943168058
          ],
          [
            0.8348194954967927
          ]
        ],
        [
          [
            0.04493250316490149
          ],
          [
            4.751945723937487
          ]
        ]
      ]
    ],
    [
      [
        [
          []
        ]
      ],
      [
        [
          [
            -0.7338795653105955
          ],
          [
            0.8313918345222914
          ]
        ],
        [
          [
            0.04587932680370735
          ],
          [
            4.755473932266972
          ]
        ]
      ]
    ],
    [
      [
        [
          []
        ]
      ],
      [
        [
          [
            -0.7367044774371577
          ],
          [
