{
  "datetime": "2021-12-01T21:23:42Z",
  "opt_score": 2.0484999999999998,
  "opt_settings": [
    [
      [
        []
      ]
    ],
    [
      [
        [
          -2.0286683039321396
        ],
        [
          1.539176115307198
        ]
      ],
      [
        [
          -2.359904646743871
        ],
        [
          -1.4722972192542108
        ]
      ]
    ]
  ],
  "scores": [
    -0.6,
    -0.026000000000000023,
    0.3959999999999999,
    0.7904999999999999,
    1.0215,
    1.289,
    1.5225,
    1.6945,
    1.8525,
    1.9235000000000004,
    1.9815,
    2.0215,
    2.0205,
    2.0124999999999997,
    2.0054999999999996,
    1.9965000000000002,
    1.9915000000000003,
    1.9985,
    2.0005,
    2.0095,
    2.0484999999999998
  ],
  "samples": [
    0,
    1,
    2,
    3,
    4,
    5,
    6,
    7,
    8,
    9,
    10,
    11,
    12,
    13,
    14,
    15,
    16,
    17,
    18,
    19,
    19
  ],
  "settings_history": [
    [
      [
        [
          []
        ]
      ],
      [
        [
          [
            -0.9951644735204486
          ],
          [
            2.6898756928299905
          ]
        ],
        [
          [
            -0.8880945236406164
          ],
          [
            -2.662581054653686
          ]
        ]
      ]
    ],
    [
      [
        [
          []
        ]
      ],
      [
        [
          [
            -1.1451644726819592
          ],
          [
            2.539875694797796
          ]
        ],
        [
          [
            -1.0380945222087954
          ],
          [
            -2.5125810550704895
          ]
        ]
      ]
    ],
    [
      [
        [
          []
        ]
      ],
      [
        [
          [
            -1.2563705399098897
          ],
          [
            2.424859313814795
          ]
        ],
        [
          [
            -1.149417678658975
          ],
          [
            -2.4005173133694595
          ]
        ]
      ]
    ],
    [
      [
        [
          []
        ]
      ],
      [
        [
          [
            -1.350782309224006
          ],
          [
            2.3225217233990314
          ]
        ],
        [
          [
            -1.2447286364536279
          ],
          [
            -2.3041127115835347
          ]
        ]
      ]
    ],
    [
      [
        [
          []
        ]
      ],
      [
        [
          [
            -1.4349132448050084
          ],
          [
            2.226573300804902
          ]
        ],
        [
          [
            -1.3313116140299563
          ],
          [
            -2.216663747583448
          ]
        ]
      ]
    ],
    [
      [
        [
          []
        ]
      ],
      [
        [
          [
            -1.5115619455027018
          ],
          [
            2.1344444002534133
          ]
        ],
        [
          [
            -1.4120605529448542
          ],
          [
            -2.1353814552772463
          ]
        ]
      ]
    ],
    [
      [
        [
          []
        ]
      ],
      [
        [
          [
            -1.5819845745242034
          ],
          [
            2.045398132160368
          ]
        ],
        [
          [
            -1.4887018260607137
          ],
          [
            -2.0589823495266213
          ]
        ]
      ]
    ],
    [
      [
        [
          []
        ]
      ],
      [
        [
          [
            -1.6467838369993877
          ],
          [
            1.9596280852149213
          ]
        ],
        [
          [
            -1.5621867080375604
          ],
          [
            -1.98694040567
          ]
        ]
      ]
    ],
    [
      [
        [
          []
        ]
      ],
      [
        [
          [
            -1.7061693780663194
          ],
          [
            1.877203677865223
          ]
        ],
        [
          [
            -1.632936680897856
          ],
          [
            -1.919045471753769
          ]
        ]
      ]
    ],
    [
      [
        [
          []
        ]
      ],
      [
        [
          [
            -1.7601116399137093
          ],
          [
            1.7994098070408937
          ]
        ],
        [
          [
            -1.7017957228448346
          ],
          [
            -1.8553498472217347
          ]
        ]
      ]
    ],
    [
      [
        [
          []
        ]
      ],
      [
        [
          [
            -1.8085754165188523
          ],
          [
            1.727171150372994
          ]
        ],
        [
          [
            -1.7688126851891561
          ],
          [
            -1.7960608601021963
          ]
        ]
      ]
    ],
    [
      [
        [
          []
        ]
      ],
      [
        [
          [
            -1.8516240344683228
          ],
          [
            1.661895157773575
          ]
        ],
        [
          [
            -1.834026326472464
          ],
          [
            -1.7414434318000822
          ]
        ]
      ]
    ],
    [
      [
        [
          []
        ]
      ],
      [
        [
          [
            -1.8894482668298302
          ],
          [
            1.6045089327818074
          ]
        ],
        [
          [
            -1.897458528118189
          ],
          [
            -1.6915974828626459
          ]
        ]
      ]
    ],
    [
      [
        [
          []
        ]
      ],
      [
        [
          [
            -1.9221247646470077
          ],
          [
            1.5562455477745523
          ]
        ],
        [
          [
            -1.9593626417846866
          ],
          [
            -1.6466704539211028
          ]
        ]
      ]
    ],
    [
      [
        [
          []
        ]
      ],
      [
        [
          [
            -1.9499162690676262
          ],
          [
            1.5185093684047501
          ]
        ],
        [
          [
            -2.0195703958596183
          ],
          [
            -1.6068913359347456
          ]
        ]
      ]
    ],
    [
      [
        [
          []
        ]
      ],
      [
        [
          [
            -1.9729065385360072
          ],
          [
            1.492040964460751
          ]
        ],
        [
          [
            -2.078456963877738
          ],
          [
            -1.5722769191073975
          ]
        ]
      ]
    ],
    [
      [
        [
          []
        ]
      ],
      [
        [
          [
            -1.99147812279338
          ],
          [
            1.4774157410088957
          ]
        ],
        [
          [
            -2.136213521094661
          ],
          [
            -1.5427360411447937
          ]
        ]
      ]
    ],
    [
      [
        [
          []
        ]
      ],
      [
        [
          [
            -2.0058401479300674
          ],
          [
            1.4746063831173832
          ]
        ],
        [
          [
            -2.192929241583829
          ],
          [
            -1.5181813822556047
          ]
        ]
      ]
    ],
    [
      [
        [
          []
        ]
      ],
      [
        [
          [
            -2.01647202296721
          ],
          [
            1.4839157888998802
          ]
        ],
        [
          [
            -2.2488543212813497
          ],
          [
            -1.4984353451780894
          ]
        ]
      ]
    ],
    [
      [
        [
          []
        ]
      ],
      [
        [
          [
            -2.023895196612492
          ],
          [
            1.505590729281505
          ]
        ],
        [
          [
            -2.3044215127608823
          ],
          [
            -1.4832584195485667
          ]
        ]
      ]
    ],
    [
      [
        [
          []
        ]
      ],
      [
        [
          [
            -2.0286683039321396
          ],
          [
