{
  "datetime": "2021-12-01T20:32:31Z",
  "opt_score": 1.7959999999999998,
  "opt_settings": [
    [
      [
        []
      ]
    ],
    [
      [
        [
          -0.551335009201919
        ],
        [
          -0.08092520702845063
        ]
      ],
      [
        [
          -0.16338546791118272
        ],
        [
          2.562974344654272
        ]
      ]
    ]
  ],
  "scores": [
    -0.795,
    -0.41299999999999987,
    -0.17400000000000004,
    0.022500000000000075,
    0.2245000000000001,
    0.4675,
    0.6355,
    0.7955000000000001,
    0.9694999999999999,
    1.1065,
    1.286,
    1.3765,
    1.54,
    1.6365,
    1.7265,
    1.7959999999999998
  ],
  "samples": [
    0,
    1,
    2,
    3,
    4,
    5,
    6,
    7,
    8,
    9,
    10,
    11,
    12,
    13,
    14,
    14
  ],
  "settings_history": [
    [
      [
        [
          []
        ]
      ],
      [
        [
          [
            -1.3516514114383675
          ],
          [
            0.7361420692909144
          ]
        ],
        [
          [
            -0.7285003566289721
          ],
          [
            1.3940460965821542
          ]
        ]
      ]
    ],
    [
      [
        [
          []
        ]
      ],
      [
        [
          [
            -1.2516514119606394
          ],
          [
            0.6361420696022211
          ]
        ],
        [
          [
            -0.6285003578305692
          ],
          [
            1.494046094433135
          ]
        ]
      ]
    ],
    [
      [
        [
          []
        ]
      ],
      [
        [
          [
            -1.17742700680664
          ],
          [
            0.5614455106556906
          ]
        ],
        [
          [
            -0.5548990421158684
          ],
          [
            1.5724598316245166
          ]
        ]
      ]
    ],
    [
      [
        [
          []
        ]
      ],
      [
        [
          [
            -1.1138633439473786
          ],
          [
            0.49703634917359524
          ]
        ],
        [
          [
            -0.49311454017573547
          ],
          [
            1.6444118428049688
          ]
        ]
      ]
    ],
    [
      [
        [
          []
        ]
      ],
      [
        [
          [
            -1.0561209327164958
          ],
          [
            0.43818601624198117
          ]
        ],
        [
          [
            -0.438891456499903
          ],
          [
            1.7146573832613121
          ]
        ]
      ]
    ],
    [
      [
        [
          []
        ]
      ],
      [
        [
          [
            -1.0022026448695327
          ],
          [
            0.38283379315342697
          ]
        ],
        [
          [
            -0.39044649172943424
          ],
          [
            1.785481507149118
          ]
        ]
      ]
    ],
    [
      [
        [
          []
        ]
      ],
      [
        [
          [
            -0.9508768903280217
          ],
          [
            0.32986962557800004
          ]
        ],
        [
          [
            -0.34697349013590373
          ],
          [
            1.8576247525646328
          ]
        ]
      ]
    ],
    [
      [
        [
          []
        ]
      ],
      [
        [
          [
            -0.9014519771067322
          ],
          [
            0.2787402815312994
          ]
        ],
        [
          [
            -0.30845929624165325
          ],
          [
            1.9314967171140336
          ]
        ]
      ]
    ],
    [
      [
        [
          []
        ]
      ],
      [
        [
          [
            -0.8535218297912983
          ],
          [
            0.2290756306148105
          ]
        ],
        [
          [
            -0.27454627930037795
          ],
          [
            2.007064364120445
          ]
        ]
      ]
    ],
    [
      [
        [
          []
        ]
      ],
      [
        [
          [
            -0.8068895443598643
          ],
          [
            0.1807074178591572
          ]
        ],
        [
          [
            -0.24514689489303193
          ],
          [
            2.0842476297757955
          ]
        ]
      ]
    ],
    [
      [
        [
          []
        ]
      ],
      [
        [
          [
            -0.7613719022373704
          ],
          [
            0.13355453945252926
          ]
        ],
        [
          [
            -0.22029411465280782
          ],
          [
            2.162798229915867
          ]
        ]
      ]
    ],
    [
      [
        [
          []
        ]
      ],
      [
        [
          [
            -0.7169329017625904
          ],
          [
            0.08767933078988535
          ]
        ],
        [
          [
            -0.20008398955883383
          ],
          [
            2.242359225376573
          ]
        ]
      ]
    ],
    [
      [
        [
          []
        ]
      ],
      [
        [
          [
            -0.673707971411625
          ],
          [
            0.04316084912239746
          ]
        ],
        [
          [
            -0.1843378593045278
          ],
          [
            2.322703904134425
          ]
        ]
      ]
    ],
    [
      [
        [
          []
        ]
      ],
      [
        [
          [
            -0.6316003051839875
          ],
          [
            0.00012892586279710655
          ]
        ],
        [
          [
            -0.1731738291545888
          ],
          [
            2.403207118296798
          ]
        ]
      ]
    ],
    [
      [
        [
          []
        ]
      ],
      [
        [
          [
            -0.59073322968485
          ],
          [
            -0.041294265178625694
          ]
        ],
        [
          [
            -0.1662866514137198
          ],
          [
            2.483431661139857
          ]
        ]
      ]
    ],
    [
      [
        [
          []
        ]
      ],
      [
        [
          [
            -0.551335009201919
          ],
          [
            -0.08092520702845063
          ]
        ],
        [
          [
            -0.16338546791118272
          ],
          [
            2.562974344654272
          ]
        ]
      ]
    ]
  ],
  "step_times": [
    25.547869205474854,
    26.583115100860596,
    26.694363832473755,
    25.996546030044556,
    26.191023111343384,
    26.17792510986328,
    27.409512042999268,
    26.803900957107544,
    27.650898933410645,
    26.847591876983643,
    88.24763107299805,
    25.815837144851685,
    26.35219097137451,
    28.05410885810852,
    26.663238048553467,
    26.663238048553467
  ],
  "step_size": 0.1,
  "theoretical_score": 2.8594999999999997
}