{
  "datetime": "2021-12-10T16:16:14Z",
  "opt_score": -1.1803333333333335,
  "opt_settings": [
    [
      [
        []
      ]
    ],
    [
      [
        [
          -2.6503321220170353
        ],
        [
          -4.306397859917795
        ]
      ],
      [
        [
          0.4402118176520835
        ],
        [
          2.440766174941518
        ]
      ]
    ]
  ],
  "scores": [
    -1.5053333333333332,
    -1.1803333333333335,
    0.08099999999999996,
    1.5246666666666666,
    2.123666666666667,
    2.2846666666666664,
    2.3566666666666665,
    2.407,
    2.3953333333333333,
    2.441666666666667,
    1.8823333333333334,
    2.22,
    2.296,
    2.4556666666666667,
    2.444,
    2.4243333333333332,
    2.4016666666666664
  ],
  "samples": [
    0,
    1,
    2,
    3,
    4,
    5,
    6,
    7,
    8,
    9,
    10,
    11,
    12,
    13,
    14,
    15,
    16
  ],
  "settings_history": [
    [
      [
        [
          []
        ]
      ],
      [
        [
          [
            -2.1596194985134995
          ],
          [
            -3.035113863730008
          ]
        ],
        [
          [
            1.542645829522331
          ],
          [
            2.4631706798299247
          ]
        ]
      ]
    ],
    [
      [
        [
          []
        ]
      ],
      [
        [
          [
            -2.6503321220170353
          ],
          [
            -4.306397859917795
          ]
        ],
        [
          [
            0.4402118176520835
          ],
          [
            2.440766174941518
          ]
        ]
      ]
    ],
    [
      [
        [
          []
        ]
      ],
      [
        [
          [
            -2.8288213725525426
          ],
          [
            -4.691147939341545
          ]
        ],
        [
          [
            0.7042788043928976
          ],
          [
            2.770185129804999
          ]
        ]
      ]
    ],
    [
      [
        [
          []
        ]
      ],
      [
        [
          [
            -3.0624269824487436
          ],
          [
            -5.132672114738249
          ]
        ],
        [
          [
            0.9769324921458502
          ],
          [
            3.1469068238192697
          ]
        ]
      ]
    ],
    [
      [
        [
          []
        ]
      ],
      [
        [
          [
            -3.323948489626807
          ],
          [
            -5.385359057879884
          ]
        ],
        [
          [
            1.2230483458070986
          ],
          [
            3.3335149767338694
          ]
        ]
      ]
    ],
    [
      [
        [
          []
        ]
      ],
      [
        [
          [
            -3.531018922903603
          ],
          [
            -5.4867440487296
          ]
        ],
        [
          [
            1.3861824905184088
          ],
          [
            3.323204525157119
          ]
        ]
      ]
    ],
    [
      [
        [
          []
        ]
      ],
      [
        [
          [
            -3.645811991165092
          ],
          [
            -5.559524390446917
          ]
        ],
        [
          [
            1.5080134934475884
          ],
          [
            3.2538234505114505
          ]
        ]
      ]
    ],
    [
      [
        [
          []
        ]
      ],
      [
        [
          [
            -3.7337890517840684
          ],
          [
            -5.581350889405007
          ]
        ],
        [
          [
            1.5760565942698526
          ],
          [
            3.1782134063104044
          ]
        ]
      ]
    ],
    [
      [
        [
          []
        ]
      ],
      [
        [
          [
            -3.8040063145905796
          ],
          [
            -5.585796300470057
          ]
        ],
        [
          [
            1.5949975411836006
          ],
          [
            3.1335144284887595
          ]
        ]
      ]
    ],
    [
      [
        [
          []
        ]
      ],
      [
        [
          [
            -3.7621099429352935
          ],
          [
            -5.562445800538003
          ]
        ],
        [
          [
            1.5917506173233287
          ],
          [
            3.1943655118726832
          ]
        ]
      ]
    ],
    [
      [
        [
          []
        ]
      ],
      [
        [
          [
            -2.955897771772396
          ],
          [
            -5.558951361828249
          ]
        ],
        [
          [
            1.6350486793452996
          ],
          [
            4.1413838057252175
          ]
        ]
      ]
    ],
    [
      [
        [
          []
        ]
      ],
      [
        [
          [
            -2.9862637024006338
          ],
          [
            -5.362846778574308
          ]
        ],
        [
          [
            1.668155963138403
          ],
          [
            3.8821167693031264
          ]
        ]
      ]
    ],
    [
      [
        [
          []
        ]
      ],
      [
        [
          [
            -3.140926773564664
          ],
          [
            -5.289041253582268
          ]
        ],
        [
          [
            1.7436159746820594
          ],
          [
            3.703460307274189
          ]
        ]
      ]
    ],
    [
      [
        [
          []
        ]
      ],
      [
        [
          [
            -3.215168256747173
          ],
          [
            -5.23288020044579
          ]
        ],
        [
          [
            1.9202652036229038
          ],
          [
            3.6169986682878545
          ]
        ]
      ]
    ],
    [
      [
        [
          []
        ]
      ],
      [
        [
          [
            -3.3556944968365774
          ],
          [
            -5.218408089150803
          ]
        ],
        [
          [
            2.0134846234816655
          ],
          [
            3.487572637973636
          ]
        ]
      ]
    ],
    [
      [
        [
          []
        ]
      ],
      [
        [
          [
            -3.429496776833913
          ],
          [
            -5.2779271612789325
          ]
        ],
        [
          [
            2.0167716276120413
          ],
          [
            3.400950887926002
          ]
        ]
      ]
    ],
    [
      [
        [
          []
        ]
      ],
      [
        [
          [
            -3.489636321590723
          ],
          [
            -5.264165617158748
          ]
        ],
        [
          [
            2.0515374362211496
          ],
          [
            3.3566449093948614
          ]
        ]
      ]
    ]
  ],
  "step_times": [
    301.6104760169983,
    301.6104760169983,
    290.24408411979675,
    259.992014169693,
    210.10247015953064,
    289.5452358722687,
    229.70714116096497,
    230.45898413658142,
    320.73604011535645,
    229.91764092445374,
    199.99122977256775,
    180.1103858947754,
    220.07393670082092,
    259.8112711906433,
    259.94930696487427,
    270.2843608856201,
    280.730553150177
  ],
  "step_size": 0.13,
  "theoretical_score": 2.454
}