{
  "datetime": "2021-12-10T13:06:12Z",
  "opt_score": 1.6179999999999999,
  "opt_settings": [
    [
      [
        []
      ]
    ],
    [
      [
        [
          3.0527393629955815
        ],
        [
          2.6499532892017332
        ]
      ],
      [
        [
          -2.792968484772958
        ],
        [
          -1.2066608231648666
        ]
      ]
    ]
  ],
  "scores": [
    0.3763333333333333,
    1.6179999999999999,
    2.153666666666667,
    2.3236666666666665,
    2.368666666666667,
    2.4173333333333336,
    2.4526666666666666,
    2.457666666666667,
    2.487,
    2.505,
    2.509666666666667,
    2.4806666666666666,
    2.477333333333333,
    2.4770000000000003,
    2.4983333333333335,
    2.4876666666666667,
    2.495
  ],
  "samples": [
    0,
    1,
    2,
    3,
    4,
    5,
    6,
    7,
    8,
    9,
    10,
    11,
    12,
    13,
    14,
    15,
    16
  ],
  "settings_history": [
    [
      [
        [
          []
        ]
      ],
      [
        [
          [
            2.6653443567010484
          ],
          [
            2.5456474341152093
          ]
        ],
        [
          [
            -2.2807738206728834
          ],
          [
            -1.2039372511306834
          ]
        ]
      ]
    ],
    [
      [
        [
          []
        ]
      ],
      [
        [
          [
            3.0527393629955815
          ],
          [
            2.6499532892017332
          ]
        ],
        [
          [
            -2.792968484772958
          ],
          [
            -1.2066608231648666
          ]
        ]
      ]
    ],
    [
      [
        [
          []
        ]
      ],
      [
        [
          [
            3.367718597934201
          ],
          [
            2.5950571923459846
          ]
        ],
        [
          [
            -3.113018625388318
          ],
          [
            -1.3081451135330058
          ]
        ]
      ]
    ],
    [
      [
        [
          []
        ]
      ],
      [
        [
          [
            3.566560486088763
          ],
          [
            2.535538986865237
          ]
        ],
        [
          [
            -3.205050803253814
          ],
          [
            -1.4017269971531245
          ]
        ]
      ]
    ],
    [
      [
        [
          []
        ]
      ],
      [
        [
          [
            3.7410814051850756
          ],
          [
            2.440198263603219
          ]
        ],
        [
          [
            -3.1629109104656847
          ],
          [
            -1.5187943852665622
          ]
        ]
      ]
    ],
    [
      [
        [
          []
        ]
      ],
      [
        [
          [
            3.808166499458755
          ],
          [
            2.4270258885481684
          ]
        ],
        [
          [
            -3.152244192615335
          ],
          [
            -1.5764923022814368
          ]
        ]
      ]
    ],
    [
      [
        [
          []
        ]
      ],
      [
        [
          [
            3.841869173490964
          ],
          [
            2.413283509570827
          ]
        ],
        [
          [
            -3.1383843954637634
          ],
          [
            -1.6195984745976533
          ]
        ]
      ]
    ],
    [
      [
        [
          []
        ]
      ],
      [
        [
          [
            3.851240526104531
          ],
          [
            2.3719818017143743
          ]
        ],
        [
          [
            -3.1630417716819963
          ],
          [
            -1.6290195994468555
          ]
        ]
      ]
    ],
    [
      [
        [
          []
        ]
      ],
      [
        [
          [
            3.919410963434081
          ],
          [
            2.394329725923498
          ]
        ],
        [
          [
            -3.0435601514134505
          ],
          [
            -1.6515937671305303
          ]
        ]
      ]
    ],
    [
      [
        [
          []
        ]
      ],
      [
        [
          [
            3.8926134453206114
          ],
          [
            2.2846979890474746
          ]
        ],
        [
          [
            -3.1261136886998337
          ],
          [
            -1.6969703068802364
          ]
        ]
      ]
    ],
    [
      [
        [
          []
        ]
      ],
      [
        [
          [
            3.891488708905932
          ],
          [
            2.2834430394462184
          ]
        ],
        [
          [
            -3.120202542345909
          ],
          [
            -1.6938497504411674
          ]
        ]
      ]
    ],
    [
      [
        [
          []
        ]
      ],
      [
        [
          [
            3.851970284319496
          ],
          [
            2.2381069477084075
          ]
        ],
        [
          [
            -3.1902040726964715
          ],
          [
            -1.716095627893731
          ]
        ]
      ]
    ],
    [
      [
        [
          []
        ]
      ],
      [
        [
          [
            3.8825962102283986
          ],
          [
            2.2792353998030466
          ]
        ],
        [
          [
            -3.1157962160473094
          ],
          [
            -1.738064246692667
          ]
        ]
      ]
    ],
    [
      [
        [
          []
        ]
      ],
      [
        [
          [
            3.827593707725452
          ],
          [
            2.2245804750448936
          ]
        ],
        [
          [
            -3.2011320890903603
          ],
          [
            -1.7394191542708335
          ]
        ]
      ]
    ],
    [
      [
        [
          []
        ]
      ],
      [
        [
          [
            3.8830942719805384
          ],
          [
            2.2471438228039524
          ]
        ],
        [
          [
            -3.123621659211481
          ],
          [
            -1.7586820655852147
          ]
        ]
      ]
    ],
    [
      [
        [
          []
        ]
      ],
      [
        [
          [
            3.8255017098700117
          ],
          [
            2.223952396054816
          ]
        ],
        [
          [
            -3.169211973987635
          ],
          [
            -1.76121994571781
          ]
        ]
      ]
    ],
    [
      [
        [
          []
        ]
      ],
      [
        [
          [
            3.8252436929892477
          ],
          [
            2.2104379492274946
          ]
        ],
        [
          [
            -3.1832640122666414
          ],
          [
            -1.7828278515562757
          ]
        ]
      ]
    ]
  ],
  "step_times": [
    179.7794051170349,
    179.7794051170349,
    180.02727699279785,
    179.4569058418274,
    229.72010397911072,
    300.5213282108307,
    430.4014222621918,
    380.05609607696533,
    400.7423241138458,
    440.5106461048126,
    329.6472980976105,
    220.1705198287964,
    250.1097378730774,
    259.2179009914398,
    270.1119329929352,
    309.9610207080841,
    259.92255091667175
  ],
  "step_size": 0.13,
  "theoretical_score": 2.4766666666666666
}