{
  "datetime": "2021-12-01T21:50:18Z",
  "opt_score": 2.400333333333333,
  "opt_settings": [
    [
      [
        []
      ]
    ],
    [
      [
        [
          1.3440157190002244
        ],
        [
          3.1233089748070375
        ]
      ],
      [
        [
          2.366550112057184
        ],
        [
          0.5400920625256072
        ]
      ]
    ]
  ],
  "scores": [
    0.9186666666666665,
    1.8933333333333333,
    2.215666666666667,
    2.3263333333333334,
    2.43,
    2.46,
    2.4316666666666666,
    2.483,
    2.3899999999999997,
    2.469666666666667,
    2.461,
    2.4656666666666665,
    2.381666666666667,
    2.456666666666667,
    2.388,
    2.400333333333333
  ],
  "samples": [
    0,
    1,
    2,
    3,
    4,
    5,
    6,
    7,
    8,
    9,
    10,
    11,
    12,
    13,
    14,
    14
  ],
  "settings_history": [
    [
      [
        [
          []
        ]
      ],
      [
        [
          [
            0.41306367579792624
          ],
          [
            2.760194395697394
          ]
        ],
        [
          [
            1.148476147331447
          ],
          [
            1.3405539436273388
          ]
        ]
      ]
    ],
    [
      [
        [
          []
        ]
      ],
      [
        [
          [
            0.7112704493561992
          ],
          [
            2.7829528376714783
          ]
        ],
        [
          [
            1.2388749588537533
          ],
          [
            0.9041392034153813
          ]
        ]
      ]
    ],
    [
      [
        [
          []
        ]
      ],
      [
        [
          [
            0.816691360740462
          ],
          [
            2.7643495876384536
          ]
        ],
        [
          [
            1.321863316136894
          ],
          [
            0.5945844277320895
          ]
        ]
      ]
    ],
    [
      [
        [
          []
        ]
      ],
      [
        [
          [
            0.8411530983316945
          ],
          [
            2.728975588557323
          ]
        ],
        [
          [
            1.4193617222905976
          ],
          [
            0.43036099776690595
          ]
        ]
      ]
    ],
    [
      [
        [
          []
        ]
      ],
      [
        [
          [
            0.894243114051263
          ],
          [
            2.7149624389597236
          ]
        ],
        [
          [
            1.5289519520385892
          ],
          [
            0.37903456545245023
          ]
        ]
      ]
    ],
    [
      [
        [
          []
        ]
      ],
      [
        [
          [
            0.9334376076177192
          ],
          [
            2.6979777107003615
          ]
        ],
        [
          [
            1.6140371213555698
          ],
          [
            0.34369004885508475
          ]
        ]
      ]
    ],
    [
      [
        [
          []
        ]
      ],
      [
        [
          [
            1.015167154398575
          ],
          [
            2.712566442753844
          ]
        ],
        [
          [
            1.731591512508799
          ],
          [
            0.34556023361483756
          ]
        ]
      ]
    ],
    [
      [
        [
          []
        ]
      ],
      [
        [
          [
            1.0416855556419764
          ],
          [
            2.729382843017098
          ]
        ],
        [
          [
            1.8115504519590426
          ],
          [
            0.33202290957081293
          ]
        ]
      ]
    ],
    [
      [
        [
          []
        ]
      ],
      [
        [
          [
            1.0764012390311668
          ],
          [
            2.7883481634383944
          ]
        ],
        [
          [
            1.8800124216087177
          ],
          [
            0.3746201572557097
          ]
        ]
      ]
    ],
    [
      [
        [
          []
        ]
      ],
      [
        [
          [
            1.1399327920853195
          ],
          [
            2.8396177963681457
          ]
        ],
        [
          [
            1.9553097529018058
          ],
          [
            0.42333907359459394
          ]
        ]
      ]
    ],
    [
      [
        [
          []
        ]
      ],
      [
        [
          [
            1.190018519114304
          ],
          [
            2.8354354654651464
          ]
        ],
        [
          [
            2.0190163119119706
          ],
          [
            0.42287228994444626
          ]
        ]
      ]
    ],
    [
      [
        [
          []
        ]
      ],
      [
        [
          [
            1.2547838124676727
          ],
          [
            2.8940919663613442
          ]
        ],
        [
          [
            2.079061066784445
          ],
          [
            0.48532694544645255
          ]
        ]
      ]
    ],
    [
      [
        [
          []
        ]
      ],
      [
        [
          [
            1.2927271849746744
          ],
          [
            2.8869665249482956
          ]
        ],
        [
          [
            2.1164308881780936
          ],
          [
            0.48353949031330085
          ]
        ]
      ]
    ],
    [
      [
        [
          []
        ]
      ],
      [
        [
          [
            1.3307471121719778
          ],
          [
            2.9237243423906936
          ]
        ],
        [
          [
            2.173135675954136
          ],
          [
            0.5057795090990865
          ]
        ]
      ]
    ],
    [
      [
        [
          []
        ]
      ],
      [
        [
          [
            1.3623767628541623
          ],
          [
            3.0816154701971383
          ]
        ],
        [
          [
            2.319385259097709
          ],
          [
            0.5380838268543663
          ]
        ]
      ]
    ],
    [
      [
        [
          []
        ]
      ],
      [
        [
          [
            1.3440157190002244
          ],
          [
            3.1233089748070375
          ]
        ],
        [
          [
            2.366550112057184
          ],
          [
            0.5400920625256072
          ]
        ]
      ]
    ]
  ],
  "step_times": [
    9950.33342719078,
    6870.76304936409,
    4099.969372034073,
    9670.791589736938,
    1690.282508134842,
    7470.631003856659,
    2600.679013967514,
    7048.790726184845,
    5081.351914167404,
    4430.475288152695,
    7766.169742822647,
    7140.706350803375,
    6831.530115842819,
    7829.866396903992,
    9382.354342222214,
    9382.354342222214
  ],
  "step_size": 0.12,
  "theoretical_score": 2.4666666666666663
}