{
  "datetime": "2021-12-10T22:21:34Z",
  "opt_score": 0.6223333333333334,
  "opt_settings": [
    [
      [
        []
      ]
    ],
    [
      [
        [
          1.3288885118248255
        ],
        [
          0.019884891288093953
        ]
      ],
      [
        [
          0.804821728396957
        ],
        [
          -0.06777258172048009
        ]
      ]
    ]
  ],
  "scores": [
    -0.2423333333333334,
    0.6223333333333334,
    1.2636666666666665,
    1.537,
    1.645666666666667,
    1.6720000000000002,
    1.6476666666666664,
    1.6786666666666665,
    1.526,
    1.6429999999999998,
    1.6876666666666669,
    1.6703333333333334,
    1.643333333333333,
    1.6073333333333335,
    1.6450000000000002,
    1.625,
    1.6156666666666668
  ],
  "samples": [
    0,
    1,
    2,
    3,
    4,
    5,
    6,
    7,
    8,
    9,
    10,
    11,
    12,
    13,
    14,
    15,
    16
  ],
  "settings_history": [
    [
      [
        [
          []
        ]
      ],
      [
        [
          [
            1.6888551420078954
          ],
          [
            -0.24080300379700414
          ]
        ],
        [
          [
            0.7859864901962097
          ],
          [
            -0.30601827406163196
          ]
        ]
      ]
    ],
    [
      [
        [
          []
        ]
      ],
      [
        [
          [
            1.3288885118248255
          ],
          [
            0.019884891288093953
          ]
        ],
        [
          [
            0.804821728396957
          ],
          [
            -0.06777258172048009
          ]
        ]
      ]
    ],
    [
      [
        [
          []
        ]
      ],
      [
        [
          [
            0.963972917454122
          ],
          [
            0.2614151102536234
          ]
        ],
        [
          [
            0.778461030183953
          ],
          [
            0.14468044707465155
          ]
        ]
      ]
    ],
    [
      [
        [
          []
        ]
      ],
      [
        [
          [
            0.7191507513923239
          ],
          [
            0.35508641169061705
          ]
        ],
        [
          [
            0.6511765192088442
          ],
          [
            0.2718987046722448
          ]
        ]
      ]
    ],
    [
      [
        [
          []
        ]
      ],
      [
        [
          [
            0.6360196734188645
          ],
          [
            0.39549784539459404
          ]
        ],
        [
          [
            0.5555791493873394
          ],
          [
            0.377199899776352
          ]
        ]
      ]
    ],
    [
      [
        [
          []
        ]
      ],
      [
        [
          [
            0.5539880546698452
          ],
          [
            0.4284874830748994
          ]
        ],
        [
          [
            0.5358579497486229
          ],
          [
            0.40785939635757285
          ]
        ]
      ]
    ],
    [
      [
        [
          []
        ]
      ],
      [
        [
          [
            0.5538371775659413
          ],
          [
            0.4499314187893275
          ]
        ],
        [
          [
            0.5285442234594524
          ],
          [
            0.4293769472682652
          ]
        ]
      ]
    ],
    [
      [
        [
          []
        ]
      ],
      [
        [
          [
            0.5440892295977582
          ],
          [
            0.476319371566015
          ]
        ],
        [
          [
            0.5278761735526069
          ],
          [
            0.44525981593508657
          ]
        ]
      ]
    ],
    [
      [
        [
          []
        ]
      ],
      [
        [
          [
            0.5884128252132244
          ],
          [
            0.5206352841027958
          ]
        ],
        [
          [
            0.5526194488498058
          ],
          [
            0.5112472362820075
          ]
        ]
      ]
    ],
    [
      [
        [
          []
        ]
      ],
      [
        [
          [
            0.5990573850673757
          ],
          [
            0.5439660874124681
          ]
        ],
        [
          [
            0.5738193864792236
          ],
          [
            0.5402007949357209
          ]
        ]
      ]
    ],
    [
      [
        [
          []
        ]
      ],
      [
        [
          [
            0.6112398502691861
          ],
          [
            0.5723145857817645
          ]
        ],
        [
          [
            0.6087264318756425
          ],
          [
            0.542147447415784
          ]
        ]
      ]
    ],
    [
      [
        [
          []
        ]
      ],
      [
        [
          [
            0.6847955640574254
          ],
          [
            0.5453095356363153
          ]
        ],
        [
          [
            0.6329805216761939
          ],
          [
            0.5361506255774549
          ]
        ]
      ]
    ],
    [
      [
        [
          []
        ]
      ],
      [
        [
          [
            0.6429611130649244
          ],
          [
            0.5738963390621173
          ]
        ],
        [
          [
            0.6373501229491033
          ],
          [
            0.5580370465347304
          ]
        ]
      ]
    ],
    [
      [
        [
          []
        ]
      ],
      [
        [
          [
            0.6241171135246796
          ],
          [
            0.6206372247879552
          ]
        ],
        [
          [
            0.6686192427955814
          ],
          [
            0.563453595741208
          ]
        ]
      ]
    ],
    [
      [
        [
          []
        ]
      ],
      [
        [
          [
            0.6339823921685472
          ],
          [
            0.6387857862411013
          ]
        ],
        [
          [
            0.6060976068960731
          ],
          [
            0.5779088906988811
          ]
        ]
      ]
    ],
    [
      [
        [
          []
        ]
      ],
      [
        [
          [
            0.6488781477182574
          ],
          [
            0.6166204465108203
          ]
        ],
        [
          [
            0.6340259121615944
          ],
          [
            0.5672351632948797
          ]
        ]
      ]
    ],
    [
      [
        [
          []
        ]
      ],
      [
        [
          [
            0.6475397021965397
          ],
          [
            0.605578545485523
          ]
        ],
        [
          [
            0.5901812213565085
          ],
          [
            0.5950342274584355
          ]
        ]
      ]
    ]
  ],
  "step_times": [
    460.0841348171234,
    460.0841348171234,
    249.84455704689026,
    239.35776686668396,
    239.46877026557922,
    249.85793709754944,
    370.0839989185333,
    279.9273371696472,
    229.90151500701904,
    280.03041410446167,
    210.02257680892944,
    289.992595911026,
    289.6378049850464,
    269.8066780567169,
    300.1196119785309,
    340.1479239463806,
    270.2724871635437
  ],
  "step_size": 0.13,
  "theoretical_score": 2.328333333333333
}