{
  "datetime": "2021-12-09T13:09:59Z",
  "opt_score": -1.2623333333333333,
  "opt_settings": [
    [
      [
        []
      ]
    ],
    [
      [
        [
          -0.4718079709645082
        ],
        [
          -1.294299687275162
        ]
      ],
      [
        [
          3.2174566654443035
        ],
        [
          -1.4640378715425104
        ]
      ]
    ]
  ],
  "scores": [
    -1.811,
    -1.2623333333333333,
    -0.07866666666666666,
    1.2763333333333335,
    1.9553333333333336,
    2.154333333333333,
    2.3249999999999997,
    2.3266666666666667,
    2.361,
    2.3753333333333333,
    2.4496666666666664,
    2.464,
    2.4436666666666667,
    2.4513333333333334,
    2.398,
    2.3713333333333333,
    2.3343333333333334
  ],
  "samples": [
    0,
    1,
    2,
    3,
    4,
    5,
    6,
    7,
    8,
    9,
    10,
    11,
    12,
    13,
    14,
    15,
    16
  ],
  "settings_history": [
    [
      [
        [
          []
        ]
      ],
      [
        [
          [
            -0.15162908326035707
          ],
          [
            -1.1982011280899718
          ]
        ],
        [
          [
            3.0596298734882206
          ],
          [
            -1.6409407805865113
          ]
        ]
      ]
    ],
    [
      [
        [
          []
        ]
      ],
      [
        [
          [
            -0.4718079709645082
          ],
          [
            -1.294299687275162
          ]
        ],
        [
          [
            3.2174566654443035
          ],
          [
            -1.4640378715425104
          ]
        ]
      ]
    ],
    [
      [
        [
          []
        ]
      ],
      [
        [
          [
            -0.8291678815278387
          ],
          [
            -1.4602330055747197
          ]
        ],
        [
          [
            3.567062737016241
          ],
          [
            -1.2776844664814022
          ]
        ]
      ]
    ],
    [
      [
        [
          []
        ]
      ],
      [
        [
          [
            -1.132422595808936
          ],
          [
            -1.7323463115223834
          ]
        ],
        [
          [
            4.045543072963454
          ],
          [
            -1.1135510113478713
          ]
        ]
      ]
    ],
    [
      [
        [
          []
        ]
      ],
      [
        [
          [
            -1.360296480138489
          ],
          [
            -2.062066480147119
          ]
        ],
        [
          [
            4.2817040725706015
          ],
          [
            -0.9617343185921503
          ]
        ]
      ]
    ],
    [
      [
        [
          []
        ]
      ],
      [
        [
          [
            -1.433950356182057
          ],
          [
            -2.262859322359602
          ]
        ],
        [
          [
            4.413970126659224
          ],
          [
            -0.8609015704973728
          ]
        ]
      ]
    ],
    [
      [
        [
          []
        ]
      ],
      [
        [
          [
            -1.4161893070808904
          ],
          [
            -2.469970487308107
          ]
        ],
        [
          [
            4.356875141819486
          ],
          [
            -0.7549077696359231
          ]
        ]
      ]
    ],
    [
      [
        [
          []
        ]
      ],
      [
        [
          [
            -1.3962016479079822
          ],
          [
            -2.543435940311753
          ]
        ],
        [
          [
            4.375840528995744
          ],
          [
            -0.6613978130416663
          ]
        ]
      ]
    ],
    [
      [
        [
          []
        ]
      ],
      [
        [
          [
            -1.3650509243964668
          ],
          [
            -2.711961514042042
          ]
        ],
        [
          [
            4.305942172798442
          ],
          [
            -0.6504456664045185
          ]
        ]
      ]
    ],
    [
      [
        [
          []
        ]
      ],
      [
        [
          [
            -1.3218898678918827
          ],
          [
            -2.819840454396041
          ]
        ],
        [
          [
            4.287325013744276
          ],
          [
            -0.6445412498434873
          ]
        ]
      ]
    ],
    [
      [
        [
          []
        ]
      ],
      [
        [
          [
            -1.3616847696578402
          ],
          [
            -2.821416428714657
          ]
        ],
        [
          [
            4.240686548967555
          ],
          [
            -0.5997111531063984
          ]
        ]
      ]
    ],
    [
      [
        [
          []
        ]
      ],
      [
        [
          [
            -1.3849086644121813
          ],
          [
            -2.870149882891077
          ]
        ],
        [
          [
            4.229296552143195
          ],
          [
            -0.6223069898306618
          ]
        ]
      ]
    ],
    [
      [
        [
          []
        ]
      ],
      [
        [
          [
            -1.4349738886461483
          ],
          [
            -2.967744723979194
          ]
        ],
        [
          [
            4.1219174184203355
          ],
          [
            -0.666645664013604
          ]
        ]
      ]
    ],
    [
      [
        [
          []
        ]
      ],
      [
        [
          [
            -1.5196268939428772
          ],
          [
            -3.0800219754265585
          ]
        ],
        [
          [
            4.004858218662026
          ],
          [
            -0.7220774607128957
          ]
        ]
      ]
    ],
    [
      [
        [
          []
        ]
      ],
      [
        [
          [
            -1.5608846722609024
          ],
          [
            -3.1422622714332737
          ]
        ],
        [
          [
            3.9098911512682912
          ],
          [
            -0.7390767110185367
          ]
        ]
      ]
    ],
    [
      [
        [
          []
        ]
      ],
      [
        [
          [
            -1.5902543323619964
          ],
          [
            -3.165056747307979
          ]
        ],
        [
          [
            3.8687983608656866
          ],
          [
            -0.7444358815110703
          ]
        ]
      ]
    ],
    [
      [
        [
          []
        ]
      ],
      [
        [
          [
            -1.6482484211963533
          ],
          [
            -3.238891299650534
          ]
        ],
        [
          [
            3.780344302055943
          ],
          [
            -0.790611077589341
          ]
        ]
      ]
    ]
  ],
  "step_times": [
    379.577112197876,
    379.577112197876,
    410.09496426582336,
    410.18968200683594,
    400.1449489593506,
    379.97438192367554,
    440.35064721107483,
    459.9528670310974,
    370.16595911979675,
    379.97477769851685,
    420.01771116256714,
    480.56216073036194,
    399.9889121055603,
    459.7245600223541,
    410.48500299453735,
    400.01459407806396,
    209.7461440563202
  ],
  "step_size": 0.13,
  "theoretical_score": 2.3603333333333336
}