{
  "datetime": "2021-12-10T19:16:46Z",
  "opt_score": 1.734,
  "opt_settings": [
    [
      [
        []
      ]
    ],
    [
      [
        [
          -1.2671124736289294
        ],
        [
          0.231221142574903
        ]
      ],
      [
        [
          -0.10178291400511671
        ],
        [
          3.0962839021305872
        ]
      ]
    ]
  ],
  "scores": [
    0.8633333333333333,
    1.734,
    2.101,
    2.2583333333333333,
    2.3416666666666663,
    2.39,
    2.4726666666666666,
    2.369666666666667,
    2.369666666666667,
    2.375,
    2.4216666666666664,
    2.4006666666666665,
    2.356666666666667,
    2.364,
    2.4063333333333334,
    2.36,
    2.3529999999999998
  ],
  "samples": [
    0,
    1,
    2,
    3,
    4,
    5,
    6,
    7,
    8,
    9,
    10,
    11,
    12,
    13,
    14,
    15,
    16
  ],
  "settings_history": [
    [
      [
        [
          []
        ]
      ],
      [
        [
          [
            -1.3111113818129814
          ],
          [
            0.572809726203984
          ]
        ],
        [
          [
            0.042591592628494546
          ],
          [
            2.699537503894378
          ]
        ]
      ]
    ],
    [
      [
        [
          []
        ]
      ],
      [
        [
          [
            -1.2671124736289294
          ],
          [
            0.231221142574903
          ]
        ],
        [
          [
            -0.10178291400511671
          ],
          [
            3.0962839021305872
          ]
        ]
      ]
    ],
    [
      [
        [
          []
        ]
      ],
      [
        [
          [
            -1.2750898591460644
          ],
          [
            0.03815118577667481
          ]
        ],
        [
          [
            -0.27563059667637546
          ],
          [
            3.3467108278656976
          ]
        ]
      ]
    ],
    [
      [
        [
          []
        ]
      ],
      [
        [
          [
            -1.3410438646938483
          ],
          [
            -0.04219884943886157
          ]
        ],
        [
          [
            -0.48023202905829915
          ],
          [
            3.536266458103438
          ]
        ]
      ]
    ],
    [
      [
        [
          []
        ]
      ],
      [
        [
          [
            -1.4218785070641387
          ],
          [
            -0.09404352781556433
          ]
        ],
        [
          [
            -0.5668278771660655
          ],
          [
            3.621705427285082
          ]
        ]
      ]
    ],
    [
      [
        [
          []
        ]
      ],
      [
        [
          [
            -1.5084345870108704
          ],
          [
            -0.1724390434881251
          ]
        ],
        [
          [
            -0.7044741998335714
          ],
          [
            3.657062802753404
          ]
        ]
      ]
    ],
    [
      [
        [
          []
        ]
      ],
      [
        [
          [
            -1.6155741876734815
          ],
          [
            -0.2038947544518323
          ]
        ],
        [
          [
            -0.8098351484457595
          ],
          [
            3.673546860461422
          ]
        ]
      ]
    ],
    [
      [
        [
          []
        ]
      ],
      [
        [
          [
            -1.6532630656324794
          ],
          [
            -0.2797469008301571
          ]
        ],
        [
          [
            -0.8569672889073814
          ],
          [
            3.6376906568262597
          ]
        ]
      ]
    ],
    [
      [
        [
          []
        ]
      ],
      [
        [
          [
            -1.724876443595904
          ],
          [
            -0.2970103915572827
          ]
        ],
        [
          [
            -0.9305289551445154
          ],
          [
            3.6190556499237276
          ]
        ]
      ]
    ],
    [
      [
        [
          []
        ]
      ],
      [
        [
          [
            -1.8013796251905807
          ],
          [
            -0.31188461872407514
          ]
        ],
        [
          [
            -0.9883718044692762
          ],
          [
            3.6029434045141535
          ]
        ]
      ]
    ],
    [
      [
        [
          []
        ]
      ],
      [
        [
          [
            -1.8085981704439518
          ],
          [
            -0.34942806132661774
          ]
        ],
        [
          [
            -1.0578316088963795
          ],
          [
            3.6220332341718073
          ]
        ]
      ]
    ],
    [
      [
        [
          []
        ]
      ],
      [
        [
          [
            -1.8590657148282346
          ],
          [
            -0.33994228952897204
          ]
        ],
        [
          [
            -1.0851831624799
          ],
          [
            3.61872053112009
          ]
        ]
      ]
    ],
    [
      [
        [
          []
        ]
      ],
      [
        [
          [
            -1.8592883964425495
          ],
          [
            -0.341689895860743
          ]
        ],
        [
          [
            -1.1096817830150867
          ],
          [
            3.6442682393590577
          ]
        ]
      ]
    ],
    [
      [
        [
          []
        ]
      ],
      [
        [
          [
            -1.887340354774068
          ],
          [
            -0.42605679111731926
          ]
        ],
        [
          [
            -1.135744737524787
          ],
          [
            3.572365377234131
          ]
        ]
      ]
    ],
    [
      [
        [
          []
        ]
      ],
      [
        [
          [
            -1.879172705764578
          ],
          [
            -0.4081473939110766
          ]
        ],
        [
          [
            -1.1460980488815238
          ],
          [
            3.5965074301986046
          ]
        ]
      ]
    ],
    [
      [
        [
          []
        ]
      ],
      [
        [
          [
            -1.940871932462285
          ],
          [
            -0.42428961478660554
          ]
        ],
        [
          [
            -1.1644104650271891
          ],
          [
            3.544561778576505
          ]
        ]
      ]
    ],
    [
      [
        [
          []
        ]
      ],
      [
        [
          [
            -1.9774439806029487
          ],
          [
            -0.4133159281409683
          ]
        ],
        [
          [
            -1.1647980870548353
          ],
          [
            3.5128514572972738
          ]
        ]
      ]
    ]
  ],
  "step_times": [
    259.75763297080994,
    259.75763297080994,
    239.6013445854187,
    239.42638611793518,
    269.5661027431488,
    309.9506297111511,
    250.34885692596436,
    220.5309932231903,
    209.92200589179993,
    240.14959692955017,
    209.73040199279785,
    193.3700270652771,
    169.83729100227356,
    199.77493119239807,
    179.82928800582886,
    189.88329076766968,
    469.63312005996704
  ],
  "step_size": 0.13,
  "theoretical_score": 2.3506666666666667
}