{
  "datetime": "2021-12-08T00:28:47Z",
  "opt_score": 0.04799999999999993,
  "opt_settings": [
    [
      [
        []
      ]
    ],
    [
      [
        [
          -1.8496185459746846
        ],
        [
          -0.32334892099609114
        ]
      ],
      [
        [
          -1.5100139445338367
        ],
        [
          0.8057857281028712
        ]
      ]
    ]
  ],
  "scores": [
    -0.722,
    0.04799999999999993,
    0.7963333333333333,
    1.3856666666666666,
    1.694,
    1.7533333333333334,
    1.8016666666666667,
    1.835,
    1.9493333333333331,
    2.013333333333333,
    2.0566666666666666,
    2.1833333333333336,
    2.238,
    2.3213333333333335,
    2.384,
    2.39
  ],
  "samples": [
    0,
    1,
    2,
    3,
    4,
    5,
    6,
    7,
    8,
    9,
    10,
    11,
    12,
    13,
    14,
    15
  ],
  "settings_history": [
    [
      [
        [
          []
        ]
      ],
      [
        [
          [
            -1.9430197411303536
          ],
          [
            0.04873764758123933
          ]
        ],
        [
          [
            -1.7033181314074692
          ],
          [
            0.7781725375508475
          ]
        ]
      ]
    ],
    [
      [
        [
          []
        ]
      ],
      [
        [
          [
            -1.8496185459746846
          ],
          [
            -0.32334892099609114
          ]
        ],
        [
          [
            -1.5100139445338367
          ],
          [
            0.8057857281028712
          ]
        ]
      ]
    ],
    [
      [
        [
          []
        ]
      ],
      [
        [
          [
            -1.793209073201621
          ],
          [
            -0.7691106173411812
          ]
        ],
        [
          [
            -1.411128665298515
          ],
          [
            0.8448462509892904
          ]
        ]
      ]
    ],
    [
      [
        [
          []
        ]
      ],
      [
        [
          [
            -1.605568034165541
          ],
          [
            -1.1392768798662742
          ]
        ],
        [
          [
            -1.3372969802369288
          ],
          [
            0.9581110091621847
          ]
        ]
      ]
    ],
    [
      [
        [
          []
        ]
      ],
      [
        [
          [
            -1.4389736131508464
          ],
          [
            -1.3531745731604055
          ]
        ],
        [
          [
            -1.3763252674188162
          ],
          [
            1.0832732709469737
          ]
        ]
      ]
    ],
    [
      [
        [
          []
        ]
      ],
      [
        [
          [
            -1.3810432398778685
          ],
          [
            -1.4811885976457952
          ]
        ],
        [
          [
            -1.4583981607123662
          ],
          [
            1.1097112937709066
          ]
        ]
      ]
    ],
    [
      [
        [
          []
        ]
      ],
      [
        [
          [
            -1.3021822385883386
          ],
          [
            -1.5696823969642177
          ]
        ],
        [
          [
            -1.46549741605792
          ],
          [
            1.0905370872706932
          ]
        ]
      ]
    ],
    [
      [
        [
          []
        ]
      ],
      [
        [
          [
            -1.2312823148875427
          ],
          [
            -1.6089698504518177
          ]
        ],
        [
          [
            -1.4861779110389255
          ],
          [
            1.0668688450869834
          ]
        ]
      ]
    ],
    [
      [
        [
          []
        ]
      ],
      [
        [
          [
            -1.154099035306837
          ],
          [
            -1.6657815862511038
          ]
        ],
        [
          [
            -1.4674944840887938
          ],
          [
            0.9948926555719202
          ]
        ]
      ]
    ],
    [
      [
        [
          []
        ]
      ],
      [
        [
          [
            -1.1124585210490778
          ],
          [
            -1.7185689817248324
          ]
        ],
        [
          [
            -1.4833595963335828
          ],
          [
            0.8735869881960888
          ]
        ]
      ]
    ],
    [
      [
        [
          []
        ]
      ],
      [
        [
          [
            -1.0499620287205003
          ],
          [
            -1.789915968211155
          ]
        ],
        [
          [
            -1.5662572245736714
          ],
          [
            0.8179617863413351
          ]
        ]
      ]
    ],
    [
      [
        [
          []
        ]
      ],
      [
        [
          [
            -0.9576243814232345
          ],
          [
            -1.881725297089381
          ]
        ],
        [
          [
            -1.5255542287840138
          ],
          [
            0.6895272200954882
          ]
        ]
      ]
    ],
    [
      [
        [
          []
        ]
      ],
      [
        [
          [
            -0.877027293822783
          ],
          [
            -1.9043822313463548
          ]
        ],
        [
          [
            -1.4937413740817682
          ],
          [
            0.5837052541085023
          ]
        ]
      ]
    ],
    [
      [
        [
          []
        ]
      ],
      [
        [
          [
            -0.7662355356183405
          ],
          [
            -2.0025313277160732
          ]
        ],
        [
          [
            -1.468427850276061
          ],
          [
            0.4661554189871734
          ]
        ]
      ]
    ],
    [
      [
        [
          []
        ]
      ],
      [
        [
          [
            -0.70523342459909
          ],
          [
            -1.97903858061194
          ]
        ],
        [
          [
            -1.446438975731302
          ],
          [
            0.42914776624225665
          ]
        ]
      ]
    ],
    [
      [
        [
          []
        ]
      ],
      [
        [
          [
            -0.6568598696336462
          ],
          [
            -2.0439468806434116
          ]
        ],
        [
          [
            -1.4558226165678698
          ],
          [
            0.38212522975076735
          ]
        ]
      ]
    ]
  ],
  "step_times": [
    219.92829704284668,
    219.92829704284668,
    220.12952184677124,
    285.5384430885315,
    240.02403092384338,
    189.81891989707947,
    320.0721826553345,
    220.4359290599823,
    219.78739881515503,
    209.99698114395142,
    249.8587028980255,
    230.49741530418396,
    340.17434525489807,
    430.5658218860626,
    359.84521555900574,
    220.03738498687744
  ],
  "step_size": 0.13,
  "theoretical_score": 2.448
}