{
  "datetime": "2021-12-09T22:26:53Z",
  "opt_score": 0.4813333333333333,
  "opt_settings": [
    [
      [
        []
      ]
    ],
    [
      [
        [
          -0.4378978706420824
        ],
        [
          2.3576936212295903
        ]
      ],
      [
        [
          2.857151605231004
        ],
        [
          -1.8232621983541244
        ]
      ]
    ]
  ],
  "scores": [
    -0.5976666666666667,
    0.4813333333333333,
    1.3726666666666667,
    1.8103333333333333,
    1.9370000000000003,
    2.073,
    2.2693333333333334,
    2.387,
    2.4233333333333333,
    2.4793333333333334,
    2.4806666666666666,
    2.4646666666666666,
    2.4766666666666666,
    2.451,
    2.4086666666666665,
    2.4386666666666668,
    2.449
  ],
  "samples": [
    0,
    1,
    2,
    3,
    4,
    5,
    6,
    7,
    8,
    9,
    10,
    11,
    12,
    13,
    14,
    15,
    16
  ],
  "settings_history": [
    [
      [
        [
          []
        ]
      ],
      [
        [
          [
            -0.18611044389157927
          ],
          [
            2.4691933917599425
          ]
        ],
        [
          [
            2.96769193871227
          ],
          [
            -2.2624611122510667
          ]
        ]
      ]
    ],
    [
      [
        [
          []
        ]
      ],
      [
        [
          [
            -0.4378978706420824
          ],
          [
            2.3576936212295903
          ]
        ],
        [
          [
            2.857151605231004
          ],
          [
            -1.8232621983541244
          ]
        ]
      ]
    ],
    [
      [
        [
          []
        ]
      ],
      [
        [
          [
            -0.7739701602587419
          ],
          [
            2.2615801825056727
          ]
        ],
        [
          [
            2.7565628356149836
          ],
          [
            -1.4077714559629542
          ]
        ]
      ]
    ],
    [
      [
        [
          []
        ]
      ],
      [
        [
          [
            -1.1117879868907932
          ],
          [
            2.2752711441764193
          ]
        ],
        [
          [
            2.732247022853738
          ],
          [
            -1.2176678484575978
          ]
        ]
      ]
    ],
    [
      [
        [
          []
        ]
      ],
      [
        [
          [
            -1.323042821840064
          ],
          [
            2.3425899882804275
          ]
        ],
        [
          [
            2.7910567494687677
          ],
          [
            -1.086708327306575
          ]
        ]
      ]
    ],
    [
      [
        [
          []
        ]
      ],
      [
        [
          [
            -1.5543712958246423
          ],
          [
            2.327686835481103
          ]
        ],
        [
          [
            2.8408413960365353
          ],
          [
            -1.1598376303218205
          ]
        ]
      ]
    ],
    [
      [
        [
          []
        ]
      ],
      [
        [
          [
            -1.7283657282540372
          ],
          [
            2.3415681460022872
          ]
        ],
        [
          [
            2.9752494873919453
          ],
          [
            -1.2491131215868418
          ]
        ]
      ]
    ],
    [
      [
        [
          []
        ]
      ],
      [
        [
          [
            -1.9145299417244097
          ],
          [
            2.3786198706267863
          ]
        ],
        [
          [
            3.1239348835489698
          ],
          [
            -1.34786460259909
          ]
        ]
      ]
    ],
    [
      [
        [
          []
        ]
      ],
      [
        [
          [
            -2.0385703853294777
          ],
          [
            2.4144863274359336
          ]
        ],
        [
          [
            3.2401171871553442
          ],
          [
            -1.4100174730733077
          ]
        ]
      ]
    ],
    [
      [
        [
          []
        ]
      ],
      [
        [
          [
            -2.1744107686381575
          ],
          [
            2.374800510454828
          ]
        ],
        [
          [
            3.2303999733093063
          ],
          [
            -1.4639750351521938
          ]
        ]
      ]
    ],
    [
      [
        [
          []
        ]
      ],
      [
        [
          [
            -2.2406716760923637
          ],
          [
            2.280403212162581
          ]
        ],
        [
          [
            3.1739694632656765
          ],
          [
            -1.5504610809077715
          ]
        ]
      ]
    ],
    [
      [
        [
          []
        ]
      ],
      [
        [
          [
            -2.3384550516801066
          ],
          [
            2.186924286075906
          ]
        ],
        [
          [
            3.0766362287616222
          ],
          [
            -1.6365111537333574
          ]
        ]
      ]
    ],
    [
      [
        [
          []
        ]
      ],
      [
        [
          [
            -2.402149061070238
          ],
          [
            2.189134874246867
          ]
        ],
        [
          [
            3.118987861190941
          ],
          [
            -1.761704135676347
          ]
        ]
      ]
    ],
    [
      [
        [
          []
        ]
      ],
      [
        [
          [
            -2.412988360057219
          ],
          [
            2.159273253535914
          ]
        ],
        [
          [
            3.1810018320052014
          ],
          [
            -1.859022608750153
          ]
        ]
      ]
    ],
    [
      [
        [
          []
        ]
      ],
      [
        [
          [
            -2.4947381048113244
          ],
          [
            2.1033744120398024
          ]
        ],
        [
          [
            3.078373977383044
          ],
          [
            -1.8746590985985347
          ]
        ]
      ]
    ],
    [
      [
        [
          []
        ]
      ],
      [
        [
          [
            -2.4842718734359392
          ],
          [
            2.1189667090712034
          ]
        ],
        [
          [
            3.1078534196728778
          ],
          [
            -1.8976965794508944
          ]
        ]
      ]
    ],
    [
      [
        [
          []
        ]
      ],
      [
        [
          [
            -2.532242108116427
          ],
          [
            2.1094423722133384
          ]
        ],
        [
          [
            3.140136620777943
          ],
          [
            -1.9663304003504227
          ]
        ]
      ]
    ]
  ],
  "step_times": [
    430.4188938140869,
    430.4188938140869,
    409.8162434101105,
    400.18324995040894,
    180.22707509994507,
    390.32379603385925,
    179.95408010482788,
    419.93774008750916,
    169.98297214508057,
    399.8368151187897,
    400.0042769908905,
    440.2518970966339,
    430.26503705978394,
    400.10449504852295,
    419.84286737442017,
    399.9362590312958,
    179.99098086357117
  ],
  "step_size": 0.13,
  "theoretical_score": 2.4923333333333333
}