{
  "datetime": "2021-12-10T08:05:10Z",
  "opt_score": 0.29966666666666675,
  "opt_settings": [
    [
      [
        []
      ]
    ],
    [
      [
        [
          0.8605584441320706
        ],
        [
          2.7373852844940876
        ]
      ],
      [
        [
          -3.179203831193025
        ],
        [
          -1.295715188664815
        ]
      ]
    ]
  ],
  "scores": [
    -0.5616666666666668,
    0.29966666666666675,
    1.1099999999999999,
    1.5666666666666667,
    1.891,
    2.099666666666667,
    2.231,
    2.2616666666666667,
    2.3023333333333333,
    2.397,
    2.3133333333333335,
    2.3483333333333336,
    2.4176666666666664,
    2.316,
    2.3546666666666667,
    2.365333333333333,
    2.3396666666666666
  ],
  "samples": [
    0,
    1,
    2,
    3,
    4,
    5,
    6,
    7,
    8,
    9,
    10,
    11,
    12,
    13,
    14,
    15,
    16
  ],
  "settings_history": [
    [
      [
        [
          []
        ]
      ],
      [
        [
          [
            0.822548706647301
          ],
          [
            2.9451206109612276
          ]
        ],
        [
          [
            -2.9419925802505946
          ],
          [
            -1.6771435520452014
          ]
        ]
      ]
    ],
    [
      [
        [
          []
        ]
      ],
      [
        [
          [
            0.8605584441320706
          ],
          [
            2.7373852844940876
          ]
        ],
        [
          [
            -3.179203831193025
          ],
          [
            -1.295715188664815
          ]
        ]
      ]
    ],
    [
      [
        [
          []
        ]
      ],
      [
        [
          [
            0.7638928123644119
          ],
          [
            2.6455403415521475
          ]
        ],
        [
          [
            -3.512490824719103
          ],
          [
            -0.9026144408476288
          ]
        ]
      ]
    ],
    [
      [
        [
          []
        ]
      ],
      [
        [
          [
            0.6976733777534316
          ],
          [
            2.645360081807761
          ]
        ],
        [
          [
            -3.678324797687949
          ],
          [
            -0.618887306051388
          ]
        ]
      ]
    ],
    [
      [
        [
          []
        ]
      ],
      [
        [
          [
            0.649812377785122
          ],
          [
            2.612856356035282
          ]
        ],
        [
          [
            -3.85453901904064
          ],
          [
            -0.42660369793024067
          ]
        ]
      ]
    ],
    [
      [
        [
          []
        ]
      ],
      [
        [
          [
            0.6252135086660404
          ],
          [
            2.6341493348723017
          ]
        ],
        [
          [
            -4.021807120760206
          ],
          [
            -0.27941467340249027
          ]
        ]
      ]
    ],
    [
      [
        [
          []
        ]
      ],
      [
        [
          [
            0.5726203778940224
          ],
          [
            2.647802241887103
          ]
        ],
        [
          [
            -4.19092806216102
          ],
          [
            -0.20491586015792085
          ]
        ]
      ]
    ],
    [
      [
        [
          []
        ]
      ],
      [
        [
          [
            0.5834603719422332
          ],
          [
            2.606133038367108
          ]
        ],
        [
          [
            -4.301301205548258
          ],
          [
            -0.16969216262218795
          ]
        ]
      ]
    ],
    [
      [
        [
          []
        ]
      ],
      [
        [
          [
            0.5813241739875052
          ],
          [
            2.532758530958331
          ]
        ],
        [
          [
            -4.386627602464419
          ],
          [
            -0.17853503319669967
          ]
        ]
      ]
    ],
    [
      [
        [
          []
        ]
      ],
      [
        [
          [
            0.6122952699520794
          ],
          [
            2.50196829909888
          ]
        ],
        [
          [
            -4.447001368203883
          ],
          [
            -0.17408603658591718
          ]
        ]
      ]
    ],
    [
      [
        [
          []
        ]
      ],
      [
        [
          [
            0.5656120591916349
          ],
          [
            2.4897340244418316
          ]
        ],
        [
          [
            -4.499772263492124
          ],
          [
            -0.2326847118830116
          ]
        ]
      ]
    ],
    [
      [
        [
          []
        ]
      ],
      [
        [
          [
            0.5973858366870736
          ],
          [
            2.5140409646634034
          ]
        ],
        [
          [
            -4.500245943816864
          ],
          [
            -0.2008226747140535
          ]
        ]
      ]
    ],
    [
      [
        [
          []
        ]
      ],
      [
        [
          [
            0.5766974298316414
          ],
          [
            2.4675566557514115
          ]
        ],
        [
          [
            -4.536954668688069
          ],
          [
            -0.23080662288488424
          ]
        ]
      ]
    ],
    [
      [
        [
          []
        ]
      ],
      [
        [
          [
            0.5376147185203433
          ],
          [
            2.451341456349502
          ]
        ],
        [
          [
            -4.584219392690031
          ],
          [
            -0.21585160956464006
          ]
        ]
      ]
    ],
    [
      [
        [
          []
        ]
      ],
      [
        [
          [
            0.4922384516689967
          ],
          [
            2.41485195490588
          ]
        ],
        [
          [
            -4.602814932602298
          ],
          [
            -0.2836118173975986
          ]
        ]
      ]
    ],
    [
      [
        [
          []
        ]
      ],
      [
        [
          [
            0.48527999375873637
          ],
          [
            2.3476811214952624
          ]
        ],
        [
          [
            -4.6332780632271895
          ],
          [
            -0.3278953859827638
          ]
        ]
      ]
    ],
    [
      [
        [
          []
        ]
      ],
      [
        [
          [
            0.46759305576451465
          ],
          [
            2.331940735858965
          ]
        ],
        [
          [
            -4.6368319798491875
          ],
          [
            -0.359288725568919
          ]
        ]
      ]
    ]
  ],
  "step_times": [
    179.93469905853271,
    179.93469905853271,
    419.9978802204132,
    179.8787009716034,
    409.6859748363495,
    451.07211112976074,
    410.0098340511322,
    810.5689432621002,
    200.06022191047668,
    170.05928111076355,
    400.1471428871155,
    399.9158718585968,
    420.15557289123535,
    399.70517802238464,
    400.2139530181885,
    399.9599359035492,
    410.02548694610596
  ],
  "step_size": 0.13,
  "theoretical_score": 2.4130000000000003
}