{
  "datetime": "2021-12-07T22:19:33Z",
  "opt_score": -0.08633333333333337,
  "opt_settings": [
    [
      [
        []
      ]
    ],
    [
      [
        [
          2.1944080919690125
        ],
        [
          -3.1216261685798776
        ]
      ],
      [
        [
          0.8812937174173411
        ],
        [
          2.4083420498676533
        ]
      ]
    ]
  ],
  "scores": [
    -0.7543333333333334,
    -0.08633333333333337,
    0.6936666666666667,
    1.3246666666666667,
    1.747,
    1.9283333333333335,
    1.9986666666666668,
    2.1393333333333335,
    2.1936666666666667,
    2.2746666666666666,
    2.3053333333333335,
    2.3666666666666667,
    2.2236666666666665,
    2.3903333333333334,
    2.459,
    2.386
  ],
  "samples": [
    0,
    1,
    2,
    3,
    4,
    5,
    6,
    7,
    8,
    9,
    10,
    11,
    12,
    13,
    14,
    15
  ],
  "settings_history": [
    [
      [
        [
          []
        ]
      ],
      [
        [
          [
            2.313479409412696
          ],
          [
            -3.0631761101971606
          ]
        ],
        [
          [
            0.5825559794376955
          ],
          [
            2.6040388273463435
          ]
        ]
      ]
    ],
    [
      [
        [
          []
        ]
      ],
      [
        [
          [
            2.1944080919690125
          ],
          [
            -3.1216261685798776
          ]
        ],
        [
          [
            0.8812937174173411
          ],
          [
            2.4083420498676533
          ]
        ]
      ]
    ],
    [
      [
        [
          []
        ]
      ],
      [
        [
          [
            2.078144570267481
          ],
          [
            -3.2007832393252826
          ]
        ],
        [
          [
            1.2530391555749545
          ],
          [
            2.219089455507271
          ]
        ]
      ]
    ],
    [
      [
        [
          []
        ]
      ],
      [
        [
          [
            1.9814249184653268
          ],
          [
            -3.2518702546884763
          ]
        ],
        [
          [
            1.6557538394880358
          ],
          [
            2.020157205819022
          ]
        ]
      ]
    ],
    [
      [
        [
          []
        ]
      ],
      [
        [
          [
            1.9986154171266175
          ],
          [
            -3.300182752259571
          ]
        ],
        [
          [
            1.9716672341532075
          ],
          [
            1.8227873440312174
          ]
        ]
      ]
    ],
    [
      [
        [
          []
        ]
      ],
      [
        [
          [
            1.9976022184752593
          ],
          [
            -3.2541560487874466
          ]
        ],
        [
          [
            2.153672472639269
          ],
          [
            1.731359445905416
          ]
        ]
      ]
    ],
    [
      [
        [
          []
        ]
      ],
      [
        [
          [
            2.0166865706667805
          ],
          [
            -3.256875881194682
          ]
        ],
        [
          [
            2.2995998133750373
          ],
          [
            1.5402295967294788
          ]
        ]
      ]
    ],
    [
      [
        [
          []
        ]
      ],
      [
        [
          [
            2.029255231310802
          ],
          [
            -3.1656821197548153
          ]
        ],
        [
          [
            2.4123102507032885
          ],
          [
            1.435782711542421
          ]
        ]
      ]
    ],
    [
      [
        [
          []
        ]
      ],
      [
        [
          [
            2.0511417612389002
          ],
          [
            -3.1658033955579565
          ]
        ],
        [
          [
            2.427855949227564
          ],
          [
            1.323551722877097
          ]
        ]
      ]
    ],
    [
      [
        [
          []
        ]
      ],
      [
        [
          [
            2.075274377166955
          ],
          [
            -3.099424634173869
          ]
        ],
        [
          [
            2.5319560805791745
          ],
          [
            1.25994885933539
          ]
        ]
      ]
    ],
    [
      [
        [
          []
        ]
      ],
      [
        [
          [
            2.064722566587471
          ],
          [
            -2.966397748413887
          ]
        ],
        [
          [
            2.6575188624822808
          ],
          [
            1.1980191886695657
          ]
        ]
      ]
    ],
    [
      [
        [
          []
        ]
      ],
      [
        [
          [
            2.119557562187207
          ],
          [
            -2.8348624902974113
          ]
        ],
        [
          [
            2.791771808594018
          ],
          [
            1.1841292844647238
          ]
        ]
      ]
    ],
    [
      [
        [
          []
        ]
      ],
      [
        [
          [
            2.1734870228801597
          ],
          [
            -2.7593489628962518
          ]
        ],
        [
          [
            2.9001485418840818
          ],
          [
            1.1658830513220093
          ]
        ]
      ]
    ],
    [
      [
        [
          []
        ]
      ],
      [
        [
          [
            2.1681104424800326
          ],
          [
            -2.6219989105610826
          ]
        ],
        [
          [
            2.954740450511232
          ],
          [
            1.2141870950664446
          ]
        ]
      ]
    ],
    [
      [
        [
          []
        ]
      ],
      [
        [
          [
            2.1767933922495
          ],
          [
            -2.548268455018497
          ]
        ],
        [
          [
            2.99184740415329
          ],
          [
            1.2756801086074911
          ]
        ]
      ]
    ],
    [
      [
        [
          []
        ]
      ],
      [
        [
          [
            2.211638991279779
          ],
          [
            -2.4806806190929116
          ]
        ],
        [
          [
            3.0130138095703107
          ],
          [
            1.3629288257303669
          ]
        ]
      ]
    ]
  ],
  "step_times": [
    199.98437905311584,
    199.98437905311584,
    230.03306818008423,
    200.6469497680664,
    229.75386095046997,
    220.00243306159973,
    239.87229800224304,
    300.1752460002899,
    209.17012810707092,
    199.6419289112091,
    219.50925207138062,
    190.42494106292725,
    430.1497550010681,
    420.1360328197479,
    219.73899602890015,
    300.0104887485504
  ],
  "step_size": 0.12,
  "theoretical_score": 2.413666666666667
}