{
  "datetime": "2021-12-09T19:36:26Z",
  "opt_score": 0.5543333333333333,
  "opt_settings": [
    [
      [
        []
      ]
    ],
    [
      [
        [
          0.009941371831305335
        ],
        [
          2.0629863102174313
        ]
      ],
      [
        [
          -2.0297909594961614
        ],
        [
          -0.2736889875630416
        ]
      ]
    ]
  ],
  "scores": [
    -0.41466666666666663,
    0.5543333333333333,
    1.282,
    1.8806666666666665,
    2.1813333333333333,
    2.3023333333333333,
    2.367,
    2.4426666666666668,
    2.389666666666667,
    2.4633333333333334,
    2.429666666666667,
    2.4263333333333335,
    2.3663333333333334,
    2.373,
    1.8546666666666667,
    2.2146666666666666,
    2.2476666666666665
  ],
  "samples": [
    0,
    1,
    2,
    3,
    4,
    5,
    6,
    7,
    8,
    9,
    10,
    11,
    12,
    13,
    14,
    15,
    16
  ],
  "settings_history": [
    [
      [
        [
          []
        ]
      ],
      [
        [
          [
            0.33122958229762434
          ],
          [
            1.628534193456396
          ]
        ],
        [
          [
            -2.0730357900472702
          ],
          [
            -0.17385227870918074
          ]
        ]
      ]
    ],
    [
      [
        [
          []
        ]
      ],
      [
        [
          [
            0.009941371831305335
          ],
          [
            2.0629863102174313
          ]
        ],
        [
          [
            -2.0297909594961614
          ],
          [
            -0.2736889875630416
          ]
        ]
      ]
    ],
    [
      [
        [
          []
        ]
      ],
      [
        [
          [
            -0.24711593772963153
          ],
          [
            2.4424688607564957
          ]
        ],
        [
          [
            -1.9250787407024013
          ],
          [
            -0.43317107078905837
          ]
        ]
      ]
    ],
    [
      [
        [
          []
        ]
      ],
      [
        [
          [
            -0.5856205995853929
          ],
          [
            2.7283293117304055
          ]
        ],
        [
          [
            -1.8891453136754466
          ],
          [
            -0.5274416851257526
          ]
        ]
      ]
    ],
    [
      [
        [
          []
        ]
      ],
      [
        [
          [
            -0.8552903185870324
          ],
          [
            2.9594868253806457
          ]
        ],
        [
          [
            -1.8664714764174286
          ],
          [
            -0.5584034587369033
          ]
        ]
      ]
    ],
    [
      [
        [
          []
        ]
      ],
      [
        [
          [
            -1.0434723824909242
          ],
          [
            3.042676390791726
          ]
        ],
        [
          [
            -1.9187032048358164
          ],
          [
            -0.6447635843664241
          ]
        ]
      ]
    ],
    [
      [
        [
          []
        ]
      ],
      [
        [
          [
            -1.150807376678054
          ],
          [
            3.074036924915626
          ]
        ],
        [
          [
            -2.0254493905691073
          ],
          [
            -0.6394229011088736
          ]
        ]
      ]
    ],
    [
      [
        [
          []
        ]
      ],
      [
        [
          [
            -1.2749521850362513
          ],
          [
            3.0993555989282484
          ]
        ],
        [
          [
            -2.1381638938104266
          ],
          [
            -0.6612730193444122
          ]
        ]
      ]
    ],
    [
      [
        [
          []
        ]
      ],
      [
        [
          [
            -1.3125664418260283
          ],
          [
            3.147125212131058
          ]
        ],
        [
          [
            -2.1993346964247755
          ],
          [
            -0.6272704208980461
          ]
        ]
      ]
    ],
    [
      [
        [
          []
        ]
      ],
      [
        [
          [
            -1.3932069418085435
          ],
          [
            3.1644186630106734
          ]
        ],
        [
          [
            -2.260683086810776
          ],
          [
            -0.659164169965752
          ]
        ]
      ]
    ],
    [
      [
        [
          []
        ]
      ],
      [
        [
          [
            -1.459794767036099
          ],
          [
            3.1263565988593647
          ]
        ],
        [
          [
            -2.2971915658615405
          ],
          [
            -0.716179079241199
          ]
        ]
      ]
    ],
    [
      [
        [
          []
        ]
      ],
      [
        [
          [
            -1.4613287655522629
          ],
          [
            3.1319248747651156
          ]
        ],
        [
          [
            -2.3189078146584614
          ],
          [
            -0.6987152895749879
          ]
        ]
      ]
    ],
    [
      [
        [
          []
        ]
      ],
      [
        [
          [
            -1.5199049492587464
          ],
          [
            3.076179709462886
          ]
        ],
        [
          [
            -2.342609022114732
          ],
          [
            -0.8018980568496943
          ]
        ]
      ]
    ],
    [
      [
        [
          []
        ]
      ],
      [
        [
          [
            -1.5328720593139715
          ],
          [
            3.1124436420330017
          ]
        ],
        [
          [
            -2.3412959972815783
          ],
          [
            -0.7785678771597588
          ]
        ]
      ]
    ],
    [
      [
        [
          []
        ]
      ],
      [
        [
          [
            -0.7005962157382084
          ],
          [
            3.1086889653686742
          ]
        ],
        [
          [
            -2.375479380118717
          ],
          [
            0.25139902956993576
          ]
        ]
      ]
    ],
    [
      [
        [
          []
        ]
      ],
      [
        [
          [
            -0.720596931834661
          ],
          [
            3.3828402000414197
          ]
        ],
        [
          [
            -2.320933438341426
          ],
          [
            0.037269459259686916
          ]
        ]
      ]
    ],
    [
      [
        [
          []
        ]
      ],
      [
        [
          [
            -0.7693364621041321
          ],
          [
            3.5001065899190618
          ]
        ],
        [
          [
            -2.249510527791019
          ],
          [
            0.0039940215350679695
          ]
        ]
      ]
    ]
  ],
  "step_times": [
    780.3850111961365,
    780.3850111961365,
    669.8542468547821,
    469.76200699806213,
    560.5908770561218,
    389.88808822631836,
    370.1604118347168,
    280.32001399993896,
    280.2020900249481,
    340.35810589790344,
    319.935583114624,
    220.0833878517151,
    390.74287605285645,
    190.0726878643036,
    210.47094702720642,
    210.3057017326355,
    179.21696782112122
  ],
  "step_size": 0.13,
  "theoretical_score": 2.4766666666666666
}