{"noise_params": [0.0, 0.05, 0.1, 0.15000000000000002, 0.2, 0.25, 0.30000000000000004, 0.35000000000000003, 0.4, 0.45, 0.5, 0.55, 0.6000000000000001, 0.65, 0.7000000000000001, 0.75, 0.8, 0.8500000000000001, 0.9, 0.9500000000000001, 1.0], "max_scores": [2.8284264436524427, 2.742846196920906, 2.6164273753347302, 2.5073722022387424, 2.5291021473697377, 2.3325630722686377, 2.315746272357191, 2.0672702013182827, 1.9734856451531617, 1.8519582206201826, 1.9247601521692612, 1.6406836125655866, 1.7500866337136527, 1.6664676023819718, 1.2399374663799925, 1.3382504259888233, 1.2641643643252003, 1.0948352111700124, 0.6615337166378694, 0.5469038110696341, 0.0], "opt_settings": [[[[[3.704143477026426, -1.4391135408670954, 3.081942252304997]]], [[[-2.067330640660869, 1.7623249157861292, -2.754125046903571], [2.682855227620883, -2.3710844206068544, 0.3735857109912284]], [[-1.4661620628706442, -1.7478052048751895, -2.805876097288554], [-2.9111399302976557, -0.47070396475342646, -1.7996569343352593]]]], [[[[1.4188749406506134, -0.5663438303806942, 2.454070844674257]]], [[[-0.4616559191169588, 1.051159447948768, 1.3612391554332177], [-1.473872672114476, 2.84646009234325, 1.3247209450162325]], [[-0.10243777594380196, -1.74266007614463, 1.557331603805948], [2.401167538234987, 1.1530949481857227, -1.814896387840425]]]], [[[[1.6091224040297132, 1.7322671538824244, 3.033211609307887]]], [[[0.19926370473236035, -1.315817433849474, 2.814210848260048], [0.3903185650818888, 0.5717224116430332, -0.4171028706027985]], [[-1.5286226497347795, 2.0632088989259554, -1.2242514157419282], [-1.322680241877294, -2.5524373974745305, -1.2058744813832574]]]], [[[[0.7289316787469895, -2.2615590080543106, 1.5882278335698679]]], [[[-1.3742460156452363, -1.2243192836498846, -0.3024918407180288], [2.0783251109500784, 0.6036875556170436, -1.2973906151178505]], [[-3.041147589417631, -2.7790638198100495, -1.1084235271171061], [-0.6083406214060563, -3.5369541142687204, 1.8907588052352313]]]], [[[[-0.6501806451240401, 1.5332611545556347, 1.0478505797491278]]], [[[0.1578200723657327, 0.2730948636390014, 2.940937410928144], [0.46397281443236366, 2.320350909358409, 0.7440814255319097]], [[-1.0546410587531272, 1.695628065620878, -2.9754468818125126], [1.099806580185951, 1.5275962064518978, -0.18196982759635597]]]], [[[[-2.125591288723047, -0.37502171222861047, -2.8459620485921757]]], [[[0.49704948868275844, 1.9603363231031048, -0.40469970395917226], [-2.6721838809105702, 2.8424241588397594, -2.3523166640927027]], [[-2.836406007825428, 2.678198103195208, 2.2419773035317663], [-1.6474370970676704, 1.4026564889306345, 2.204190270614066]]]], [[[[2.3729089887578327, -1.7799701202586289, 1.7602536803035804]]], [[[-2.183807370049767, -0.3758656020771124, 1.9042955940135915], [-0.7993932358144479, -2.1705172978213185, 2.3037595116336336]], [[-0.2254011055556151, 2.6116407440828167, 0.8963871819189722], [-1.917988306527344, -1.7353885882562678, 1.2215964851748682]]]], [[[[-0.9043702873572539, -1.203088490677404, 2.2000035954619652]]], [[[0.9092629593566373, 2.791276105798507, -3.1042415298705697], [-1.0534524161199057, 0.1553574612511907, -0.7475332098316234]], [[-2.4926496914434946, -2.872590782629867, 0.5066703281072105], [0.9570758217696681, 2.168900242149737, -3.128406482233534]]]], [[[[0.17537861784181327, 1.123790059936437, 0.0903988970587095]]], [[[2.7325924472098855, 2.3841075436673904, 1.1046111299626684], [2.5844678358043507, 2.7858373005036916, -1.6661693780015192]], [[3.161027492319031, 1.5255163003268009, 0.6423138142446518], [-0.21147721280758394, 0.6518485848802102, -1.299296378775278]]]], [[[[-0.9998040830277269, -3.0032554315498894, 1.4460783134398332]]], [[[2.4168637994278073, -2.9183348593555105, 1.1650787478953841], [0.01900403087720144, 2.0935677749765964, 0.054112553855423684]], [[2.512619209263611, -0.7518733602856016, 2.2565139626542505], [-0.5327901722993086, -1.8569887324928855, -2.7768548927005963]]]], [[[[-0.8350610771251987, -2.9757765657596416, 1.1373677990134214]]], [[[-0.6335746493561989, -1.8055262852939962, -2.0468288884947468], [-0.4606095107138795, -1.2559154068771667, -1.6724220435256667]], [[-1.7067036762755972, -1.71619566808612, -3.0343845331961954], [0.3008160809140793, 0.5333927067091824, 0.5499682583512273]]]], [[[[0.23823216225305863, -2.7714943054904437, 2.2033471118541916]]], [[[1.0936735182420365, 0.692569002022461, -0.08712310857927717], [-2.149557786266361, 0.6264646787595877, 2.7497574769671376]], [[-2.6209964920987514, 2.725865791703483, -2.4849777697050968], [2.9469884523098804, -1.8340555177840479, 2.0368212166428545]]]], [[[[-0.6115450229744999, 4.151212084765932, -1.2240616997409486]]], [[[0.36884334039425043, 2.4973275585856616, -2.403640441095356], [-1.5574012074473067, -0.6942085024420719, 0.12903636854430942]], [[-2.8083677290410813, 0.8233610171048127, 0.2500682937418852], [1.071329504034204, 1.6296163832443267, 0.06779923457961039]]]], [[[[1.9966858691882399, -1.568320242811644, -2.6565588160706697]]], [[[-0.9298461412552537, 2.797786088144624, -2.631046287525429], [-1.777900373668225, -2.466713310133768, 0.7754973070111548]], [[1.5116024497544778, -1.5163634994019797, 3.038773186568813], [2.373464982414002, 2.0452721553901387, -2.4615491747812586]]]], [[[[-1.6190028621738317, -2.5891443001107683, -0.6431892525696216]]], [[[0.2611909226886404, -1.361677335927914, -0.20616596970581155], [0.23205351777611624, -0.48093359974388666, 1.8490171356436846]], [[-1.5989501423577321, -2.5891388280803067, 0.7801601423933757], [0.6020452659165502, 2.398824036528464, 0.14231914171382964]]]], [[[[-2.4239527195365485, 2.8577405721797002, -2.59755980499648]]], [[[-0.8588321179095505, -2.0034120553747568, 0.3896856382027698], [1.9971011419384683, -1.981204608508565, 0.19014471234454697]], [[-0.3083426559795084, 0.5395572026686978, 2.1122365429504484], [-1.170936618259616, 1.7358101262873789, 0.11233061259612986]]]], [[[[-3.39231229900711, -1.3350312910168924, 1.5952573495443774]]], [[[0.6779420702614399, -2.5718716600746774, -0.737415440837383], [-2.618169139657893, 0.6901294705102952, -1.3967654045921394]], [[1.3256909762637754, -1.567306622332427, 1.4508052741172204], [-2.792868806500621, 1.4695142740997962, -2.3026031664419677]]]], [[[[1.5782463702898022, 3.4440905853449646, -2.278821055741855]]], [[[-3.249858320659407, 1.252540074244266, -2.5566111005997776], [0.9296426807518546, 3.7962915777580704, -2.1425479208071665]], [[-0.17961768025357233, -1.6267550835841211, -1.2760386602655491], [1.2616515075159858, 1.445933488552243, 3.084120471278486]]]], [[[[-0.627484330323795, 2.8671008066337875, 1.870329179072859]]], [[[0.739819505726023, 0.9323579583232932, -1.7414504040182026], [0.8915338668050848, -0.9146806397792671, 1.847604976943412]], [[-0.00730913799363911, -3.037993031110342, -0.2476455656860268], [0.00951302971753035, 1.9172547933220325, 0.6599124876259221]]]], [[[[-0.2002389739322989, 0.6397951588300126, -1.3472118486677982]]], [[[2.2905470727342983, 0.6196392215478361, -1.3457338309287155], [2.986740963895654, 2.1388579938043173, -0.07663790123280866]], [[-2.4851453975866695, 0.18964232656809, 1.4007068932492048], [2.6517425288890855, -0.5535484075431236, 2.6232719890351595]]]], [[[[2.3299270811853408, -0.690883607306608, -1.5190410902757283]]], [[[1.0060349680395468, 2.0305970829960414, 1.6598101402955292], [-2.8937003708081486, -0.18446964868081484, 2.7711751730650427]], [[-2.245235029365155, -1.8760918161243245, -1.8221256829460146], [1.8062785237431225, 1.6007878091997467, 1.1643497144121238]]]]]}