{"noise_params": [0.0, 0.05, 0.1, 0.15000000000000002, 0.2, 0.25, 0.30000000000000004, 0.35000000000000003, 0.4, 0.45, 0.5, 0.55, 0.6000000000000001, 0.65, 0.7000000000000001, 0.75, 0.8, 0.8500000000000001, 0.9, 0.9500000000000001, 1.0], "max_scores": [2.8283597530125597, 2.723060702696525, 2.615819851207748, 2.5946560222804944, 2.474347155497255, 2.2973336815872765, 2.3312546972119907, 2.219824410735436, 2.0774685909922104, 1.9284890514826776, NaN, 1.6148240773971512, 1.7753357401871503, 1.672791687896911, 1.249723828925748, 1.2227216517316708, 1.248758811078678, 0.8337580547747988, 0.8876415728807165, 0.4833620235547308, 1.1102230246251565e-16], "opt_settings": [[[[[-2.3594291923211284, -0.1501871071202937, 0.06482080275839636]]], [[[2.9691445466489963, -0.5291684604383613, -2.8079729167553795], [1.3108410825877748, -0.36788173847992733, 3.1354570625510663]], [[0.3836304051696101, -0.07588131364763014, -0.5174575695883017], [-1.453064102277928, -1.8747651269610168, 2.7370100035160956]]]], [[[[0.8846169100998511, -2.3504642896381998, -1.1518742798971489]]], [[[0.42942466138160224, -1.0217486088084051, 0.8676827657595991], [-1.1288205176756152, 1.152841606423461, 0.07524833345849168]], [[2.2234372519818035, 3.264220254873724, -2.851685781504309], [0.6694084008141269, -1.7048733485217404, -2.570158201504117]]]], [[[[-1.840937938296164, -2.8886843975968888, -0.02048235662350377]]], [[[-1.6416500512654124, -1.4923819287332456, -0.35810265296515187], [2.9977598313341156, -2.9520914245302974, 2.8541517633030793]], [[-2.901710156519737, -0.7188512650444041, 0.2601355295254564], [0.08035240321023414, -3.6914758082102708, -2.155489607361608]]]], [[[[-1.2272675580657801, 1.361906067636808, -2.751935894642396]]], [[[0.867780919373231, 2.4466624649888353, 1.6232827757721635], [0.6518809399624913, -1.6856507094126059, 1.2945949477165177]], [[1.962749886345519, -2.1931278723685987, 2.0984798450756363], [0.03384586195389768, -1.1874634969456492, -2.758645781808054]]]], [[[[1.8631441593567593, -0.42770038674638006, -0.9302711636096815]]], [[[0.782085806826686, -2.922245036875131, -2.878279291815855], [2.1650463009827168, 0.3385818365268355, 0.17614880584866022]], [[-3.0070615735191804, 0.39579100442444926, 1.62193183696486], [-1.4216374871044164, 2.8316800025518223, 1.9750259598632027]]]], [[[[-2.157025049556623, -0.579268500593811, -0.3774696316605683]]], [[[0.7515923913081036, 0.9039424516593374, -1.4427387046759723], [0.4437242652362523, -3.160009786827927, -2.9772449877883145]], [[1.6457280877173357, 1.0706450386045152, 0.9380518209891449], [0.7811953302652308, 0.07036446722210446, -1.4052705931824432]]]], [[[[1.785621933752009, 0.990671393847376, 1.3663597464233206]]], [[[1.1349363952596943, 0.7180887032176171, -2.4091472166976495], [-0.19555460167895117, -2.705890386578814, 3.139727636436832]], [[-1.6659503799018487, -1.512402343797058, 2.0197651255159776], [-2.4345354936713877, 1.0482746497267084, 0.0827412684567913]]]], [[[[-1.3062602049074883, 2.021673151405634, 0.8037111755148575]]], [[[1.1329569495282583, -0.4061970348060467, 1.2640555450282234], [-1.0643626557580392, -1.2799990624216648, 1.2341480793506738]], [[-1.7588421166913593, -1.3721440938895528, -0.15961935900199806], [-0.2871026392898352, 3.58262354574106, 2.3607713740327805]]]], [[[[2.2247776294655117, 3.125341056528927, 2.9235252443491104]]], [[[1.8907799664821217, -2.432187208983629, 0.18849662754327315], [-2.149173860208293, -0.0844256128101804, 2.968419807030598]], [[-1.2594718449966624, 3.1555571659077364, -2.1925613090477816], [0.14395648165678124, -0.10219120140640828, -0.11922924107660599]]]], [[[[1.7055469428865053, 1.725855381868989, 1.2893757812843434]]], [[[1.2625834447350364, 0.9585968459450894, 3.070774112416987], [2.2839412685372076, -1.2593364730776786, -1.24716364712733]], [[0.607851544646898, -1.2029654088805466, -3.003231440413619], [1.0775055475476112, -0.610522979096115, 0.8165996903639154]]]], [[], []], [[[[-1.7142313546680967, -0.9001801907840749, 2.710699145597304]]], [[[0.636532913656657, -1.647669922655299, 1.9675956474790866], [2.939624396590588, -2.63512695250878, -0.7319422763607144]], [[1.3627450027643848, 2.0719270620780916, -1.887824324569406], [1.413892436372733, -0.030005702695465965, -2.754918781103845]]]], [[[[2.253581187491214, 0.5857610042737679, -2.170115938583711]]], [[[2.9625012404899818, -2.517187822864289, -2.1805659484561564], [-2.265424875348848, -2.5655395012345212, -0.30111171858005337]], [[-2.854675529037454, -2.1782552611746833, 2.744826562960851], [-2.4064922396927293, -1.9778262342592763, -2.394756239664131]]]], [[[[0.7870192349667802, 0.7417772560080389, 2.3381805398791298]]], [[[-0.3140872482878204, -0.5502145717338615, 1.6848773505405719], [0.9548605130268053, -0.6675826918818587, -2.9270393052401564]], [[2.6291192051295242, -1.284427531581522, 1.5124831279590536], [1.1022062146143334, 1.6314966053294588, 0.17461411607785404]]]], [[[[-1.166214817348597, 3.02733729443813, -0.5664535504892776]]], [[[-0.8096229813282203, -1.7643115069238873, 0.8877511114687833], [2.570442892467087, -3.1384582068184437, 2.599823181394677]], [[1.9088298677046371, -0.3065125407659625, 2.818916755731956], [-1.4542708825575945, -3.154196032976299, -1.904367271573789]]]], [[[[0.15775137187162558, 2.1674567603123185, 2.638433664673028]]], [[[-1.6497662757901939, -2.7290926512476483, -1.992836875978745], [3.0760404022058294, -1.9400749033053226, -1.8225281163797504]], [[0.4854877862615449, -0.18270124597802287, 0.37147536905490997], [0.04355059883601577, -0.48100693104377884, -0.00292194122662657]]]], [[[[2.9199642647959494, 1.9350887251029585, -0.7908719159846612]]], [[[-1.1219776378074893, -0.7438509585738625, -1.4257179507163213], [-2.3989445263523823, 2.484975926525128, 2.3878721965694485]], [[-1.296796931064916, -1.339155935371539, -0.2203769665964721], [2.6487968301491476, 2.0585600937721296, -1.935855774274614]]]], [[[[-1.586365050760474, -2.661318702372227, -0.8482830371657846]]], [[[0.438444385421803, 2.5832146336913056, 3.12455650599959], [-2.0543353278752954, 2.2515274975564985, -2.2909127789064323]], [[1.0771242642870569, 0.36619772326236644, 0.29322257719455], [-1.0946454371923027, 1.127475477606073, -2.399552233792137]]]], [[[[-1.1380438808580116, -2.3515967472111736, 2.9551749999435892]]], [[[2.087541091925673, -1.3548959029301222, -1.3106573731376596], [3.2028112448692188, 0.32560694499836423, 1.7554336695133044]], [[-0.4136713735422267, 1.3970568773749295, 2.4111733544048635], [0.5843405371260524, 0.5420240689612758, -2.6731263690297165]]]], [[[[1.9606028132028552, -2.8034499531539767, 1.1675252804386482]]], [[[0.5288182699835612, -2.3219916595523338, -1.7232016433762425], [0.32928315974173733, 0.8950875534137039, 1.8274659227701973]], [[0.59492392392113, 0.25455802918584375, 2.934559499633541], [-0.8192941614734656, 2.707491875506701, -0.8080691886972855]]]], [[[[0.2741857485126449, 2.102798831619169, 1.3657179156900856]]], [[[-2.4852339742284757, -2.7420116703122144, 0.4618538247583279], [0.4749898647505133, -2.917262326432878, 0.8066604395300008]], [[2.622891870461335, -1.0848218836398882, -1.8257779684128417], [2.193984326570898, -2.0082398203857963, -1.8669464848908182]]]]]}