{"noise_params": [0.0, 0.05, 0.1, 0.15000000000000002, 0.2, 0.25, 0.30000000000000004, 0.35000000000000003, 0.4, 0.45, 0.5, 0.55, 0.6000000000000001, 0.65, 0.7000000000000001, 0.75, 0.8, 0.8500000000000001, 0.9, 0.9500000000000001, 1.0], "max_scores": [2.8284267753472974, 2.727516161596113, 2.615984979290203, 2.5343914905365166, 2.406828855253606, 2.2917140727116987, 2.3606519786182605, 2.071827451155893, 2.178683661638401, 2.0543349095601675, 1.8114572112313216, 1.6654742729984515, 1.7815136442945425, 1.5703351847599794, 1.517158359477259, 1.4078789590089067, 1.253565460413191, 1.0654041745095617, 0.6660983209251972, 0.5839670641095478, 0.0], "opt_settings": [[[[[2.8842817105228895, 1.3658130029293403, -1.2741893783467901]]], [[[2.1839545359467865, 1.750210607487147, -0.40703263136057144], [-3.0029493844652158, 3.3838541953361156, -1.6249174804173674]], [[0.9391253736375248, 2.2839887414110933, -0.15537832359010387], [-0.6961798167250469, -1.9001370516271292, 1.5052283617999382]]]], [[[[2.7501350189486566, 0.041119187967964994, -1.6077785451601723]]], [[[-1.0661259205726747, -0.7712377480042678, 1.3232821087996687], [-1.9126832296516507, 0.7796814390064448, -0.29955107666239256]], [[-0.6983447051676319, -0.47127385862556215, 0.804065759600017], [0.27430986835684196, -1.380283974887009, -0.3424026930869202]]]], [[[[-2.4919142670581116, 1.5529391732214823, -0.3122855112655942]]], [[[-1.0919488817070135, -0.5010505259350364, -0.289994061208088], [-2.808101495829781, 1.260178836401582, -1.834168899483564]], [[-0.7395388125107536, -0.6529414920896424, -2.626898094746587], [-0.981649862927841, -2.880369926637674, 0.5187007578374137]]]], [[[[-2.1604374539531417, 1.711409845045956, -2.794542335850425]]], [[[-3.1650626044797456, -2.8611247314971773, 1.460577537774185], [-2.8508960886958494, -0.9070529997390402, -2.4837065207970697]], [[-1.4059457315933488, 0.6613420615432346, -1.4847490825711125], [-0.8526895660737362, 1.4887334271354367, -2.1135711087085376]]]], [[[[-2.90812798246458, 3.0377411778490866, 1.6891952009262696]]], [[[-0.4760647347973606, 2.550595554615147, 1.4461542113544992], [-1.1434348490437722, -2.177437802958458, -0.5110059403440759]], [[-1.541441873888877, -0.29543231630400557, 2.7709559596043], [0.5930136222196312, 1.1401009039377554, -1.3222414298179574]]]], [[[[-1.5267095772583648, -2.46137896886403, -1.2305271947822858]]], [[[1.2121729675043893, -2.9078676141799358, 0.9121308077530336], [-1.9920827250402078, -1.348511861051907, -1.1149187201722093]], [[2.459491012581222, -0.10997927260925937, 1.9921079165206397], [-1.7076017512972492, -1.4644268335413946, 1.0692893874922316]]]], [[[[2.9073808085357613, 2.8235642907777136, 2.476402245546279]]], [[[1.117231928374319, 1.7141129654397576, -2.8204409721608967], [1.6726030721281238, -1.5822072119266166, -0.0035716740602294433]], [[1.5514428882668467, 1.5595620241102894, 1.071930116584035], [-1.9930000662904332, 1.3776534804401621, 1.8444984122438663]]]], [[[[0.4606468141875792, -2.4388403430660843, -2.2104332527597785]]], [[[-1.6351666736362502, -1.9995395697169986, 3.0679766381597497], [-1.53038686121898, 2.2891273233081977, 2.9194103438064865]], [[1.492865507879813, 0.07280975060288614, 1.4323098663535676], [1.791272119867468, 0.970408635169802, 0.667547487267325]]]], [[[[2.110525471243116, -1.088575696257558, 0.1722356823504524]]], [[[-2.206855625570169, 1.570350418910329, -0.3731350503412352], [0.5825179111041979, 0.1660152208917981, -0.6405392069730027]], [[-2.4882777114366603, -1.2297662706130137, -0.1025451078353856], [-1.3782788095992935, 2.2770365464199425, 2.98376921377662]]]], [[[[0.8878920476327202, 0.5601628872398298, -3.5640425403968603]]], [[[-3.0875906398507373, -1.9536812348970587, 2.435312299894899], [-0.9434677014211567, -0.6664866780889745, 0.15807556931432926]], [[2.101382226734064, 0.9522789332115639, 0.20373757624622207], [-0.35311276173665485, -1.661157077997491, 1.3235698250363797]]]], [[[[-2.722205742757408, 0.5378614077388798, -2.468997924989791]]], [[[1.0409678818174741, -1.9793019747718772, -2.558801842960553], [2.682626592780826, 2.8678276071239104, 0.6722467126645153]], [[2.1233677520744667, -3.0257062265651147, -2.57167259608687], [-1.9155089081858743, -0.7500248901756309, -1.8497949951968162]]]], [[[[-3.0561377087134076, -1.9627785724384086, -2.468334216219914]]], [[[-0.23119192790994733, 0.25249508447239427, -2.086099977796584], [-0.7387619257369664, 1.708515892284762, 3.1230529204166535]], [[-2.324050395247149, -2.9436849417640745, 1.6065614251016864], [-0.1404137011014784, 1.4385419414281457, -0.3366925621398358]]]], [[[[-0.8677954046377441, -2.016273114622396, 1.6980360291401144]]], [[[-0.6878320315779665, -0.9159834574640402, -0.18834289924127348], [-0.7473798685126578, 3.0831089945356114, 0.3110237438181702]], [[2.569131750559153, 2.5068495666264363, -0.8367957770277945], [0.04727858454080461, -2.261034858092335, 0.7748155156289633]]]], [[[[-1.5769809884999209, 2.5241373003540026, -0.7389155672002816]]], [[[1.7131100989671182, 0.5616727274490649, -3.0676450292284656], [2.0558605252319375, 2.7079872640003066, 2.7933951179945726]], [[3.022737739899733, -2.1661751342556657, 0.35495477843264345], [0.6599007363666156, -3.4301163641750962, 1.7012789889085669]]]], [[[[1.4530098935486178, -2.049250041352658, -1.7510515719833684]]], [[[0.9315837377539709, -2.6906585181724036, -3.0112878437289132], [0.8997249963550289, 1.2402071654022577, 1.6225316177902798]], [[2.4231687968015474, -0.5034311565923604, -2.4377455100529826], [1.1738028248608807, -1.8925998138059417, 1.3069222639235392]]]], [[[[2.189040897011062, -1.5204328528099413, 2.3136069027163315]]], [[[-0.7005680411375473, 2.819186812921616, 1.2682303566924942], [-3.4500327046086903, -0.7203129438908673, 1.1855913306378634]], [[2.1399192986437416, 0.5636857258698332, 0.881629107137643], [1.2179868995112944, -1.418156183027541, -2.7393455789935763]]]], [[[[-0.06761276418326097, 1.3031118619549584, -1.1094128443016051]]], [[[-2.743732098583101, 0.6469148450025733, 0.8307489801908923], [-1.8645131473490895, 2.8134447342522586, 2.902589271347467]], [[0.2922829275612384, -1.8065029476636032, 0.17385582630209484], [2.984372304245025, -1.6286398558357027, 3.038319834912847]]]], [[[[-3.1799411993879887, 0.3069867540265494, -3.3553397368433293]]], [[[1.3200970527622957, 2.3227519022672007, 0.250976524266322], [1.8377207019096544, 0.6142287303187991, -2.7121716538033884]], [[-0.7494262654946522, 0.8036572963993851, -3.051048120816116], [3.0256691132211344, -2.2758796443326466, 1.3570992406960993]]]], [[[[-3.1462639637661183, -0.24113812960850878, -2.5272435306320506]]], [[[0.17386431093953836, -3.050897817619097, -1.8035055388280754], [2.8920962654529334, -1.3878394089451127, 2.4030611384889156]], [[-0.4538955974596346, 1.591365172296225, 2.868985644921433], [-0.2566605975320672, -1.9895798892575074, -1.859285779513634]]]], [[[[1.8180290050216732, -1.4389544533367178, 0.42031531402773925]]], [[[0.569386965725305, -1.8147342734628336, -0.33817144272332733], [-1.6891359502864847, -2.3405092635829168, -0.5482082909321639]], [[2.4163907696791216, -1.4791291234846211, -2.4148378576456015], [0.443852100035364, -0.20475702703082288, -3.0594197888892416]]]], [[[[2.1936697327598065, 0.11503959854384416, 1.519429486168037]]], [[[-1.0719916563550949, 2.117242024331592, 0.9931023741979823], [1.1917858100704963, 0.4520806283849952, 0.4466383937473788]], [[-1.5008463880104859, 0.5800972680599514, -1.6830448612334685], [1.7071171151213944, 0.9779716695970402, 2.2434823307322747]]]]]}