{"noise_params": [0.0, 0.05, 0.1, 0.15000000000000002, 0.2, 0.25, 0.30000000000000004, 0.35000000000000003, 0.4, 0.45, 0.5, 0.55, 0.6000000000000001, 0.65, 0.7000000000000001, 0.75, 0.8, 0.8500000000000001, 0.9, 0.9500000000000001, 1.0], "max_scores": [2.828426902481613, 2.7227449557678676, NaN, 2.520307822060345, 2.5293354855023105, 2.2916769585857693, 2.365914972597565, 2.2305370410497245, 2.1884478591912417, 1.8476843373444494, 1.989565104204289, 1.7879107683378626, 1.7216431797790164, 1.3746437966080116, 1.4748139807215672, 1.3117839794784536, 0.9808090289362392, 0.9293531124461769, 0.7160853643907062, 0.544891607169803, 0.0], "opt_settings": [[[[[-1.030720576763981, 2.933266632727102, -0.20416052545702565]]], [[[2.9763030613504955, 2.0877731961090533, 1.18005320042312], [-2.298849830983068, -1.5448301036738223, 1.8547068342706634]], [[2.8089762519328043, -2.3423352989363475, 0.8526500021317052], [1.1881926060971006, 1.1589562458109837, -0.35596327479248974]]]], [[[[0.2867498680418051, -3.3184697541964976, 2.710506725379837]]], [[[-2.710684966358201, -2.767301518621512, 2.551126354128203], [-2.878135739950299, 2.8539253834914353, -0.9797164879476332]], [[-1.433545449173178, 0.030345921947006353, 3.0218144046738074], [2.8815963560211704, -0.6659340136534224, 2.6666692896041955]]]], [[], []], [[[[1.0125506148203856, 0.023676561591571773, -0.05577682307102043]]], [[[3.0356267664679693, -2.2778108719629593, -2.0455282187677923], [1.0864816602017473, 0.014198772528592238, -1.1315498814197404]], [[-1.4230344034155482, 2.314971069414949, 2.076655798090391], [2.590782656913003, -2.392850006918214, -2.9620310039421187]]]], [[[[0.7473440820781758, -1.531539070332736, 2.6362164827812853]]], [[[-1.3090894502000534, 0.5197041156640578, 1.698148343264009], [-1.06844393221611, -0.7830557285734996, 2.6213703371183126]], [[2.0902849328575592, 1.501822012665938, -0.9145745255799644], [-2.176142919216673, 1.5627753006722094, 1.9570153431051551]]]], [[[[-2.0476915261475863, 2.7133339018196585, 2.247436318357212]]], [[[-0.027864613867971007, 2.07595897226918, 0.8205418883300144], [-0.8219927835215338, 0.599483124190927, -1.8070193684882916]], [[0.8865887012761212, 1.6252300764473087, -0.8345802308684336], [0.38990614129718765, 0.07065856798863988, -2.4683617703235607]]]], [[[[0.47470070850537993, 2.2724930488791895, -0.44789243428310593]]], [[[-0.2946887781155641, -0.7468016489188319, -2.818443040341045], [-1.8312187843864167, 1.0150668614693577, 1.5535556893640061]], [[-0.24643471836061, 1.5712719915856166, -2.6720562741796], [0.9719617562101404, -1.7162100020224378, 2.3366299563872213]]]], [[[[0.460731762903107, 2.241555301017444, -0.9911477120347921]]], [[[-0.1486302770689366, -2.1161754559283916, -1.29138981321306], [-0.5225826177764561, 2.0329148389113194, 2.275088779847729]], [[-0.3591022754623593, -0.44913495829060635, 0.22611469600491405], [-1.9351891928685634, 1.3143323455473133, 2.8059296063520334]]]], [[[[-1.7874294454800925, -2.1800765708112437, 0.13365053536288773]]], [[[-2.7507411840238514, 2.2977734965263097, 2.3744223682324437], [1.6669591246793014, -1.6964434065108425, -2.5978452821982203]], [[-3.4057176690164543, 1.5088915688028284, -0.5511805102314935], [1.0345987519217117, 2.0324021144027773, -2.2399252831617824]]]], [[[[-2.2197280677319027, -3.6472132510462645, -1.9228736946306937]]], [[[3.014870102229091, 1.5056772437562298, -1.0593923044096067], [0.6610375407618397, -1.7183810791570955, -2.7447352513075116]], [[-2.5039044745692562, -1.5525965774831418, 1.6277325770875457], [0.7191915864211913, -2.837161820864553, 2.667796115511841]]]], [[[[-1.2442698998664399, -3.7009800442339595, 0.5132658916179379]]], [[[-1.424008449003451, 2.2791548973926106, 0.6872055183535837], [-2.892801534150487, 1.64548258609631, -2.2394972853990107]], [[-0.8458077319279104, -0.7532334772833805, -0.17363423203777106], [-1.255587104685944, 2.1330577825830783, -2.8869394570525593]]]], [[[[-0.2636283004667331, -2.3139010389194725, -2.616154002324805]]], [[[-1.4031778980141687, -2.1444047859527413, 2.4261392183044164], [-3.006299814016766, -0.42207467918365826, -1.5206032300558228]], [[1.943259926138839, 1.2301509943570788, 2.53956728787849], [0.23301692634201812, 0.1680367812737076, -2.0523349681392595]]]], [[[[-2.271587794062004, -0.3587153386327564, -0.5918210863877831]]], [[[2.8984313204873304, 2.679239093891091, -1.5320060859789866], [-2.257453515547836, -0.992965647495059, 0.731601848111922]], [[-1.829221974381288, -2.1077252944015585, -2.412228357362382], [1.7813279954874566, -2.163549778677499, 2.406482159865898]]]], [[[[1.0960274255245954, -1.5936013463968317, -2.6599833281945022]]], [[[0.20290951990594625, 1.8561801894758407, 0.5737689812851254], [2.0085438429376987, 2.190359653053873, -0.397514782047355]], [[2.7488403776212422, -1.2412461872893612, 1.9250572656258678], [2.9942924408854683, 2.8698438399096835, -2.586555871534779]]]], [[[[-2.084841568848823, 3.1717314187707735, 2.5239861220032163]]], [[[2.6521752892057653, 1.3041974427192402, 2.476367653988934], [-2.8697209223753584, 2.1804445245428563, 2.132684188588027]], [[-1.9189612666790177, 1.478356760826719, -0.6277423035954866], [-2.451535435629656, 2.596549983314631, -2.3070442726212477]]]], [[[[0.5172452696131998, -0.8640050657803704, 2.0730225992249345]]], [[[-1.6875394461632636, -1.773145740482102, -2.5799187857220276], [1.9973251769171825, -0.33830800845809583, -1.4925289291796024]], [[-0.8908084450656942, -0.9178900418078361, -0.7185260067659898], [-1.85466829736558, -2.7448721419306565, -1.0341573158192854]]]], [[[[2.1837134784786074, -2.5817110431932275, -1.2439806218932965]]], [[[-2.053638040534824, -1.938457115344307, 0.8581929758694611], [-2.337988278184648, -0.6459923347828974, -1.5450776024054922]], [[0.6946519073756875, 1.3996292099317424, 0.3960550875549522], [0.6164116154193103, -0.35040349539246723, -1.821000431563361]]]], [[[[1.412095665985088, 0.5144103033091038, -1.467791751840431]]], [[[2.2375328548008757, -3.050726661328742, 1.7128448047284932], [-1.2540334463684772, 1.8942137096692053, -1.205882107871497]], [[-1.5532081908965372, -1.69287049907503, 0.18893634371879564], [-2.2537640272335, 1.7111245864587916, 0.9119324208488289]]]], [[[[-0.6827797315087918, 1.4278542671050107, 0.1371587922604743]]], [[[1.3877591029299856, -2.6535757531208404, 3.089240131903913], [-2.3182986571955, -0.3419141743895205, -0.31371908769147705]], [[-0.3889178301504739, -2.6183589099972924, -2.25807830873853], [3.262055258815043, 1.3967843170496435, -2.378594202503561]]]], [[[[1.150249841361226, -2.2103867718263728, 1.3179424655833947]]], [[[-0.9806097908425654, 1.2601743660369484, -1.3789904109620872], [2.438218736395592, 0.1598721273983898, -1.4947334367296372]], [[2.005497781386515, 1.2559630507764254, -2.865756770044379], [2.771538004048073, 1.4235295806766137, -3.112701943272354]]]], [[[[-0.41765487600820084, 2.73368000840176, 2.1943635858019954]]], [[[-2.373614493090251, 1.7762552722249207, 0.9823603740414848], [0.5542483729044951, 1.156177701420198, -0.33142277499263084]], [[2.398995825633876, -2.0503194238706923, 1.439240284731885], [1.0354241680496612, 1.6907121923225894, 0.6760378235113289]]]]]}