{"noise_params": [0.0, 0.05, 0.1, 0.15000000000000002, 0.2, 0.25, 0.30000000000000004, 0.35000000000000003, 0.4, 0.45, 0.5, 0.55, 0.6000000000000001, 0.65, 0.7000000000000001, 0.75, 0.8, 0.8500000000000001, 0.9, 0.9500000000000001, 1.0], "max_scores": [2.8150843888947987, 2.747273703376486, 2.662736512108541, 2.5548195399640155, 2.5248462903721736, 2.29652287102826, 2.2046146917545446, 2.0903844616919836, 2.1154212508018517, 1.8814136830084385, 1.9972438507447658, 1.7134295994884834, 1.5144666360265386, 1.6384166322935503, 1.373527741001642, 1.3950260557910128, 1.1358809244796424, 1.0075844790911983, 0.7411221182670851, 0.5384548128004213, 0.0], "opt_settings": [[[[[1.0254303751679996, 3.028691198621759, -2.0618866751306477]]], [[[2.706539965106321, 0.10214471559396313, -1.586783383345762], [-3.066993945038771, -0.042766960874556004, -2.8513517264564143]], [[2.554852468560903, 3.1754955463178134, 0.2636961997321165], [1.1906498214716725, -2.9696701068266393, 0.630885352745453]]]], [[[[1.4055276039347344, -0.38512547275605763, -0.9719097460480998]]], [[[-3.2010186532056637, -1.2121823119050488, -0.1315117261134801], [2.1881896761960706, -0.7907782153451057, 0.2667948834628881]], [[0.5678268968504032, 0.9939640659123642, 2.7044670400041753], [1.2050329530245345, -2.127569966235658, 0.9374993529541911]]]], [[[[1.8520703422092666, 2.3512401815336723, 1.0281601731044867]]], [[[-2.8110173477827374, 0.5728795488861802, 1.1103049458842902], [0.39019554534397133, 0.5593767132703859, -0.18933150302127144]], [[1.168502033506122, -2.352855068895577, -3.130411553105017], [-3.3945590746848953, -1.3655601214564894, -1.9925348799196612]]]], [[[[0.6497450319936184, -2.69889411094758, -0.20067866319440297]]], [[[-2.0792341285394023, 3.0887546315869416, 1.892814356199409], [-1.8238139660109305, -0.4460794663258603, 1.9183811875125967]], [[-0.9365786736779486, 1.0978696385826998, 0.6015328610793622], [0.05641866644946207, 0.42346136288545844, -1.2561957472834278]]]], [[[[-1.7638609102016367, -1.9983002231275266, 2.1990986966504136]]], [[[2.3260869858555053, -0.8917059842811429, -0.9064505439609576], [-0.11120224212093867, 2.920925220826801, -0.038537125132477056]], [[0.43548401668153297, 1.1609153637037064, -0.4476990081980632], [2.082602259719816, -1.9447828876347315, -2.060997699341086]]]], [[[[1.1568148248286247, -0.9281575130918198, 2.3200010548907]]], [[[-2.2073671847269662, -1.599003275530692, -2.070711994779213], [0.6232438733582978, 3.1469555606009147, -1.8011295937227625]], [[-2.9689349974735975, 3.181981007262091, 1.9230878482758298], [1.8571953078802794, 1.8684154003343996, -2.485445695301135]]]], [[[[2.952300291352501, -0.09654914463211473, -0.8388915575904744]]], [[[2.7620927843040812, 2.719470845172626, 0.39276837850727775], [2.400298637926632, 2.615854589094966, -0.22364910681191444]], [[-1.572596720388167, -2.6714272871714684, 2.8189608705706526], [-0.5924404245878262, -2.986626321758711, 2.07203595212472]]]], [[[[-1.9743085209928648, -0.9157204076143481, 2.494091955334732]]], [[[-2.4443500635876494, -2.2797078222799287, -1.9643525441657435], [0.09102876744674572, -1.145403351074485, 0.2980395691520039]], [[0.13722075651075769, -2.5675740333111343, -0.48976141985055355], [-2.582812565990709, -2.995128328917588, 1.5347869483663512]]]], [[[[-2.187406162668003, 0.5838540004681954, -2.6526550263427193]]], [[[2.2735044590849127, -2.8036067149555994, -0.41112212228172407], [0.6566969156273981, 0.8221406073029246, 1.4959736041569007]], [[1.286158615201479, -0.8384068651270913, 2.348601422421506], [-1.2343712645884521, 2.8038437078753677, -0.841535530170153]]]], [[[[-0.8970409714423785, 2.880561820854984, -1.9807977899816227]]], [[[2.621358079041593, 1.2787189708762696, 1.7424723521535208], [2.4844746597164784, -0.10851362352908442, -1.7316123997004391]], [[-1.1857083696227808, 2.392772457522185, -1.6613326383817546], [-1.7683960917836496, 1.5936244025743864, -1.2212899966599444]]]], [[[[1.577304757365115, 1.2399894584010178, -3.0948164071008786]]], [[[1.1962530957062916, -2.819658418727205, 0.29580859125602826], [-1.8392992864722955, -0.9926594478163075, 0.8006853589512013]], [[0.5326530774613347, 0.9218674585492608, 0.5745885402056627], [-0.8270118314881248, -1.9520832370095615, -2.9635651854806957]]]], [[[[2.3919181631172974, -0.9214170168907551, 1.3579532024400123]]], [[[-1.9912631501893892, 0.6715613628724696, -1.2355414421346487], [2.5951778854861236, -2.6410902169874286, -2.7152424990848503]], [[2.2330127989920165, -0.225625966240069, -1.65022521760021], [0.41024727322019944, 0.6210634744727095, 1.3899664675823091]]]], [[[[-2.6313267076472475, 2.3000768160061007, -3.048105948748167]]], [[[-0.8128867612929138, -3.452435600039821, 2.2132176250671813], [-2.396399014173886, 1.8458255970852253, 1.9588647007688538]], [[0.22614267952954833, 0.794429018287286, 0.06399401663644921], [2.5828042888394096, 0.05586318859044844, -0.9126229291158712]]]], [[[[-2.583176862896494, -0.82315635942999, 2.4806445016109016]]], [[[2.312192214504943, -1.033537470597657, -3.0820639700540244], [-3.0819057397283043, -0.0847568335727632, 0.48142018853642193]], [[-2.87291141173598, -1.1009952066374828, -2.3053214977767915], [0.9622715533565598, 2.3704960249176206, -2.0155637188404776]]]], [[[[-0.24505922079776038, -2.181536511127048, 2.2179062047152076]]], [[[-1.2512067491704575, -1.196209399079826, 0.9186392014431704], [-1.271866880143453, 2.444474126101832, -1.612828916669136]], [[-1.1660001882101332, -1.8958352433567118, 0.41835592512336506], [-1.7095915329826143, 3.5757324030032867, 2.0929936494675596]]]], [[[[-1.17564304933006, -1.746420094011829, -2.061827574847189]]], [[[-0.4193996857670366, -0.49005203807377223, -2.384377880967324], [2.8820276956511393, -0.045180266656731145, 2.0803063053825372]], [[1.5449341517459272, -1.9930995020710864, -3.010066550878455], [-2.9232955795042046, -0.7968486304641964, -0.33010511885339167]]]], [[[[1.7414085947487927, 1.3852029584959946, -1.159333190526111]]], [[[-2.396630955229242, -0.3259320891277631, 2.2341343843835135], [2.3455743027768325, 0.12440856329264512, 0.170416957577892]], [[1.7304509850535459, -2.019916726111002, 2.8669835343969874], [0.9675720693443922, -1.075199409374503, -1.2561611808684103]]]], [[[[-0.19228681541772394, 1.1592412715319604, 2.517761853921122]]], [[[1.9267858746334823, -0.7128293077045156, -3.03730488909573], [-1.2329526702659308, 0.4440543762133732, 1.0312035255920735]], [[-0.21055230892103943, 1.3855851547682172, 0.699594532979757], [-1.7840525192500216, 0.3834341852141628, 0.34917487399183145]]]], [[[[1.887290604491807, -2.0444750726847345, 1.0356773493265679]]], [[[2.620147436351118, 1.359490611751749, -0.44048400053216463], [2.7690809439337825, -0.8964877056354679, 1.9140839616347707]], [[-1.266630677084847, -2.97558811350811, -0.6152909733954304], [2.681609222868842, 3.3688646090866734, -2.445377997328319]]]], [[[[-0.6845289761400553, -0.8583793366727444, 0.5916134221296042]]], [[[-2.5665702747708425, -2.011200509478671, 0.05430495522849376], [-2.190047228432463, -2.8263742953905693, -2.418641900014704]], [[-0.6120222799709947, 0.17812512285633936, -2.147295673743397], [2.7315335844404083, -1.537205205256937, -1.2619159672348614]]]], [[[[-2.3078603152866064, -1.1630775413754124, 0.5004361423998938]]], [[[2.895018540157265, -1.587412874405686, 1.7692578759025546], [2.884208245199922, -2.9071639146769837, -2.319036508206691]], [[-1.1818121294541735, -1.5200921173431365, 1.8109786266722017], [-0.7732772878714678, -0.6995705537960522, 1.4341399780945148]]]]]}