{"noise_params": [0.0, 0.05, 0.1, 0.15000000000000002, 0.2, 0.25, 0.30000000000000004, 0.35000000000000003, 0.4, 0.45, 0.5, 0.55, 0.6000000000000001, 0.65, 0.7000000000000001, 0.75, 0.8, 0.8500000000000001, 0.9, 0.9500000000000001, 1.0], "max_scores": [2.8284259021779805, 2.7222061462874363, 2.618335534174773, 2.5773940641790705, 2.416045156741315, 2.293787780129049, 2.2571023889044515, 2.238323035280089, 1.9689995886353944, 1.9231744975343745, 1.7436139842680909, 1.8971622344415404, 1.7884949060172135, 1.6472722598228668, 1.4681082842465942, 1.4118390820421278, 1.2018105790231606, 0.8404926230522554, 0.8556522070037391, 0.619984704387364, 0.0], "opt_settings": [[[[[2.0529563113409592, 1.8522762062284215, -2.0282704146172374]]], [[[1.02888537154452, -1.245054493953817, 0.7482154923449897], [-1.3995190799508832, -1.124513842132138, -0.007066078608708926]], [[1.0473977615839258, -2.5020127579507703, -0.8281468563110725], [-0.3079932967169701, -0.5227140759495079, 2.533322869537808]]]], [[[[3.4397796739900843, -2.3693102975060265, 1.7210076462443806]]], [[[-1.9410179286056122, 1.2176291366961824, -2.9878269885738655], [0.18079583339566216, -0.062319052583180906, 0.6322331227435125]], [[2.657851391802729, -1.882772567373073, -0.6561438462705254], [-0.8498400184179172, 0.03373975865945844, -0.7804375676573438]]]], [[[[1.3400131878707737, -1.2520170856928012, -0.4474304687377332]]], [[[3.2474612915601258, -1.5689800739199988, 1.4693631727398992], [1.876828281001325, -2.5833766940431806, 1.9203613446578736]], [[-0.5783372448596004, 0.9390242070475142, 2.9810245411405827], [-2.8965031877454814, 0.0196638839946657, -1.2325018635589629]]]], [[[[-0.9139844017557675, 0.5405935005949001, -1.7143579357833685]]], [[[-0.8648766856840718, -3.386681045381604, -3.0842815346442793], [0.601323269159104, 1.5836124144707335, 0.9888213622734376]], [[-0.42880335521157, -2.284726604224823, -1.7859073922239652], [-1.5602940352259747, 1.8990303699961488, -0.4718987282117779]]]], [[[[-2.1177609874539858, -1.6572879284705389, -2.3239580640727104]]], [[[2.901629815883754, -1.5466104077098586, -0.9834751388858951], [1.343333815187646, -1.1248346482356406, -2.616356609018016]], [[-0.6724355536724145, 2.904756135333696, -0.07813749416181709], [0.23486748653851422, -1.8501750128372627, -1.3322238149696763]]]], [[[[2.161944069979291, 0.4818929265083302, 1.132041501807445]]], [[[2.0464084073157194, -2.3870501572051435, -1.1398494556422412], [-2.3288246585025667, -2.227982376484065, 2.1474670216254284]], [[0.701700456444839, 3.237456028196916, 0.3472394535030787], [-2.004860751961957, -3.6558696892030436, 2.7575858052262276]]]], [[[[0.6116210455926273, 0.3890947840629617, -1.2813473671562094]]], [[[-3.2129162586085522, 1.9418294581594242, -3.009795260452759], [-1.8031972038814625, 0.05296431024568075, -0.8820347952170704]], [[0.9211659281857526, -1.0325251889246083, 0.061721855107540684], [0.34094706551481585, -2.3908969098314725, -0.23617201593091994]]]], [[[[3.0677244781720385, 1.0767978211472609, 1.8732055517794726]]], [[[1.8587113162053999, 0.6139587124503249, -0.7959703860002247], [-0.9012500835099216, -1.645991470126109, -2.897175022853724]], [[-1.6041437369217009, 0.671822745938248, 1.5305447407494128], [-0.6113123854361163, -1.2082521753551487, 1.7256901076370132]]]], [[[[0.7834341444736563, 0.2373193184544877, -0.5693436487531728]]], [[[0.5336514337573791, 2.528959331248353, 1.9598007343261399], [-1.588978902667911, 2.170176532324741, 1.9364000371308725]], [[1.6659802277381948, 2.260357676457749, -0.03273419816097609], [1.3823354606280813, -1.177067183653245, -0.3966781099404266]]]], [[[[-3.13353926054471, -1.4259268028208079, 1.907543651073604]]], [[[1.0139894074455849, 3.009097518162585, 2.2870805693354077], [1.1706013978307277, 3.5441007270203273, 2.812586753042523]], [[0.04291671306259583, -1.5800194962409926, -1.043403243705609], [-1.6139226056578784, 2.668227364447287, 1.9680008577627248]]]], [[[[-1.0901164381584352, 0.30417977236305327, 0.5615258707705622]]], [[[0.0919835572212227, 1.6035774685504989, -0.9686504835993248], [-0.1373331993218704, 0.08440357197786529, 1.3610163985557788]], [[0.5093362602661362, 1.0185935233178391, -2.3922914627224], [0.42230950479721135, -3.479238426075097, -0.6177429303242672]]]], [[[[-1.5168867741702947, 2.9298356088202038, 2.720243680041728]]], [[[0.3939344804388931, -1.914542024417086, -0.09788361215393145], [2.2387393745286004, 1.6610038376497438, 0.056304709410519106]], [[-2.367098481218117, 1.4633524233728465, -0.5177783100862703], [-0.61105920722179, 1.403686976223893, -2.2781576405079655]]]], [[[[-1.8866504387725824, -1.9851514224285602, -2.6954987841230236]]], [[[0.7756199461130258, 1.9146841003805948, -1.8198991155700355], [1.1943028998651433, 0.9714970824267405, -2.4914633797993884]], [[0.17973783657892844, -1.7586997600113365, -0.9142818877361099], [-0.7154705012730427, -1.8678604025631547, -3.020000799317073]]]], [[[[2.056438445175006, 1.717570640167706, 3.6478790962621233]]], [[[3.2705398161775485, -2.2300396326149015, -1.463707943616114], [1.1769420256200565, 2.809624039623179, 1.985611354298273]], [[-2.578295861948657, -1.2274583118420335, -2.63997497409119], [-1.7430688158448486, 0.770277504768434, 2.0953417872127336]]]], [[[[-1.5661604296412617, 2.6532528637044037, 1.8018241949765368]]], [[[2.7198354560886844, -2.554908233534119, -1.422612569007768], [0.988210627618236, 0.33013721935027746, 2.8964811082767827]], [[2.8977731854852875, -0.09138624901952143, 0.20085247982215912], [-0.8360720558812434, 0.9892992950766338, 1.9209951781393917]]]], [[[[1.5495161207203865, -1.5268995473322866, 2.647427520184729]]], [[[0.7353629494529165, 0.7954343101707784, 2.1503041241618304], [2.3862880930418626, 1.7943230463610256, -0.1968930721761959]], [[3.205903690224813, -0.8822455249832077, 1.2640352481581916], [-0.7919243391852268, -1.9404578530765515, 0.9686403038444293]]]], [[[[0.8135672199307732, 2.9308665137511527, -2.6906270008809168]]], [[[-2.12442962354773, -2.5015440314125548, -0.43115078518383454], [1.5111843188677556, 1.5180390205258874, 0.4933006173835697]], [[-2.1676073043082678, -1.8243850626205897, 1.6593249406344626], [-1.6604506074013008, 1.09990548830229, 0.37112504469108964]]]], [[[[1.3082658883896439, 2.700016240322528, 2.3531917843164427]]], [[[-2.3367338664170965, 1.1783208202218838, -0.5728902956809288], [1.759654120815708, -0.266860296744764, 1.2733510101683247]], [[2.287750398835129, -3.2664234687677176, -2.0726671283967706], [-1.8558064362798572, -2.272342354880359, 2.1863315493762503]]]], [[[[0.6714494265992711, 2.3230735693448206, -2.648429465968421]]], [[[2.0216305489555713, 1.1293643505809468, 0.03147730955718408], [0.5994239713134258, 1.561488216600832, 2.51023539858057]], [[-0.43992656344595626, 2.102244145546976, -2.763737281645111], [0.9021248237587731, -1.3119164505530423, -2.975763032117988]]]], [[[[-2.1068947453240248, -1.868494749390347, -1.9808704030993374]]], [[[-1.6260862543487686, -2.762375883722906, 2.053218517062744], [-2.577099626327989, -2.0615465832616904, 2.897037149139874]], [[2.281766365876972, 2.3932058822470945, -2.1038923622233625], [0.9631934236146112, 2.11857858664564, 0.6521275562879651]]]], [[[[-1.7553214900788114, -0.6320993679770082, 2.5326511594340237]]], [[[2.3794683199294235, -0.002970185208379661, -2.6758819985083706], [2.465752163627143, 2.195257703465983, -1.4734351440443667]], [[-2.669003385171183, 1.9799845037691535, -0.6695039700055649], [1.4243682746302415, -0.36491143790997826, -1.9792492330157578]]]]]}