{"noise_params": [0.0, 0.05, 0.1, 0.15000000000000002, 0.2, 0.25, 0.30000000000000004, 0.35000000000000003, 0.4, 0.45, 0.5, 0.55, 0.6000000000000001, 0.65, 0.7000000000000001, 0.75, 0.8, 0.8500000000000001, 0.9, 0.9500000000000001, 1.0], "max_scores": [2.8284265276032583, 2.7426079924703393, 2.6722891643728297, 2.513815532804908, 2.404158397125902, 2.4487796930363332, 2.190674728206288, 2.208025537714053, 2.152980462721951, 1.8473557775136018, 1.992349394588877, 1.83645685470719, 1.6194652809868049, 1.6617545559223421, 1.3447806694604483, 1.2178719006092993, 1.2013867091397368, 1.0893306661368405, 0.6674364183835464, 0.6162113069306813, 0.0], "opt_settings": [[[[[1.1448990351050905, 2.0832389116029835, 2.320608390506436]]], [[[-0.32324356755751155, -2.03373488946898, 1.286225018670029], [-2.53190497511933, -4.046716658545441, 1.091236345961197]], [[-1.7365839966053533, -1.8168218462784849, -2.322026543678513], [0.11189721838186757, 1.1100077642114607, -0.815216284135603]]]], [[[[-1.8016697955905658, 1.6621404087148588, 1.2458608121765036]]], [[[2.0017244513951757, -2.337020842884162, 1.5291834860144125], [0.4685764727065227, 1.8561381403233326, -2.949555801395695]], [[-0.5359540451294582, 1.8790354259696178, 0.6623082039630117], [0.6820449671159662, -2.2396753443663586, 2.9395891725068033]]]], [[[[-1.305660327138736, 0.44996010136672826, 3.3498522103334603]]], [[[1.5987212348692457, -1.988960456510361, -3.0485421771089123], [-2.2430532301466286, 1.9111536814123815, 2.7017286998613574]], [[2.952503477573062, -2.0019773445535316, 0.7381193307471103], [-2.514777108170564, 0.9680428489530357, 3.0576972656800745]]]], [[[[1.4461203552835726, -2.112529402487761, -0.41708627187997777]]], [[[1.0494969472144684, 0.721637093223005, -2.5539902121804405], [-2.7680539690378194, 0.18996234820702018, -2.6917034356360254]], [[-1.0783834926682683, -1.8897474171912843, 0.40883482314428976], [-2.5254288831788863, -0.3927887335412367, -2.1494229613687277]]]], [[[[0.2319619988334608, -2.704299642275779, -0.14453972480927055]]], [[[-2.0850781997846846, 0.1999927396993169, 0.3304765151916329], [-0.9581625059972525, 1.413648101658392, -1.8185898251029653]], [[-3.3849854207342123, 2.742589469400002, -1.320978899914327], [2.3540072742935823, -3.0374027775517645, 1.8476442144846432]]]], [[[[-2.678316210410864, -1.0689894830518771, 3.3543351289832484]]], [[[-0.7793741962454587, 0.7734040297840739, -0.9629389990077306], [1.2339229103719123, -1.8826936403631942, 0.7977006301509522]], [[0.6723896440435609, 1.732959231109799, -2.530076121697509], [-0.8783285442915436, 1.6726272425278237, -1.6337498273244964]]]], [[[[-0.8571850713103103, 0.8218243559309197, -3.007536282543604]]], [[[-0.23157820105884908, 2.458225850373554, 3.0960712742140046], [2.871031823005164, -1.5045910909701556, -2.576857289999097]], [[-2.1383990218038, 1.041293922924404, 2.0590512638987155], [2.64916670660275, -3.2137998651410506, -0.9797932297067575]]]], [[[[0.024402108003081516, 1.2450146075962676, -2.9336817555778136]]], [[[1.4212414354322596, 3.9781578100017785, 2.126423816442764], [2.6175655162804907, -0.8899923001547667, -1.6341175153561323]], [[-2.078574386193541, 1.2166357310639577, 0.6990648893988816], [-2.5217461463287774, 2.158940037150964, 2.8105332715952605]]]], [[[[-0.14535532926059774, 0.8681098733389074, 0.06397342727686264]]], [[[0.8567470415676847, 3.0126930275780563, -2.27889230468275], [-1.904599505128819, -0.9689243589559211, 0.9385271686747885]], [[2.1184845586035075, -1.7251906824259058, -2.2610668433118564], [2.4992986695172403, 2.00790005901055, -2.1477763987954743]]]], [[[[-2.844744240189336, 2.1855741518097034, -1.8512331632440175]]], [[[0.38318121158648166, 0.5815117019754292, 1.1623854144778827], [-0.7149319556414332, 1.7617136319758464, -2.73929278793969]], [[-2.642155170346353, 1.587067354644289, 1.2470678129753248], [0.7436610898461234, -2.8255539088303228, 2.4451278138429426]]]], [[[[0.8084195825943319, 1.4978782322946234, 2.187387530173535]]], [[[-0.664229594851862, 1.543945692625033, -1.2116911631599676], [0.26584237052774645, 0.7979394360147666, -2.3983289601763857]], [[1.1199926772953464, -1.2793980544269379, -2.457718241277844], [0.18648661610347628, -2.1455864283928, 0.8864548188731733]]]], [[[[-1.0997978439287983, -2.463943117260717, 3.4020335578967025]]], [[[-0.3339633700199151, -0.3447828479990614, -0.6536776334674235], [-2.726584327493404, 1.7781443147525122, -1.804721723754419]], [[1.537307999417368, -1.5243166477169419, -1.1917650545497944], [0.630588070796209, -2.766665166595082, 0.6226339319005358]]]], [[[[1.0662009779790627, -2.159715877276928, 2.4031927445071903]]], [[[0.6825238954151454, 3.0464803253278494, 0.40235828518045347], [0.37677740776622254, -1.5464660012321576, 1.1980417736691633]], [[3.0609580382681947, -0.005444395690424264, -1.991549665328152], [1.5947498274394667, -2.0509658418816885, 0.26922614750317964]]]], [[[[-0.7436321174326423, -1.592949192525208, 0.7599247459696246]]], [[[-0.41813427738967246, -2.091134791361848, -0.32055627840140577], [1.4525672105911767, -0.9053413264130338, -1.8964679049294695]], [[-0.5931458724101977, -2.2965929192243877, 1.2653006652529655], [-2.4171974237403666, -2.4496495995897116, -2.3892769151521946]]]], [[[[2.802159054202483, 0.18463486434103368, 2.704136820661369]]], [[[-1.7910831031158068, 0.7826131132217259, 2.624082187158093], [2.945001777476762, -2.620391969584815, 1.4510260091506586]], [[0.29274232664597966, 0.29429640401069773, -0.6203485323833133], [2.457363957566921, -0.20088587286455759, 1.2348596648303678]]]], [[[[-2.531084348277298, -1.8737587607569255, 2.4417159651814218]]], [[[0.8569920303799654, -2.9881604249477016, -0.26246077929694467], [0.7828883910229969, 0.9686397207489212, 0.5037321780167265]], [[1.794346840709767, -2.4931962942882673, 0.7166310620655052], [0.4154038218672081, -2.457571674178345, 3.119971907437688]]]], [[[[-3.132104372436665, -0.7641381768689061, -2.3805323936564693]]], [[[0.1722062307948959, -0.570164025355913, -1.741202621084959], [-2.4881779663430983, 0.5027210654340288, 1.7558379930520767]], [[1.5307709691112081, 0.40895906639297974, -0.09857969171720882], [2.4760200970368844, 0.4656138994493989, -0.3927567462273127]]]], [[[[3.069640674867383, -1.8038723634208143, -1.8610136674127284]]], [[[-2.314028009609061, -0.15896391240463614, -0.9529609804906496], [0.45819068221298487, -1.030303918911452, 0.3768135708105546]], [[-2.4115321860213976, -1.8011032480258014, 2.401246767193622], [0.5492612135885179, -1.5792162304824935, 0.7700803863312746]]]], [[[[-0.36465730414395214, 0.4163829785120144, 1.6357775095461382]]], [[[2.736308683690276, 0.8501716872064428, 0.6437556192447209], [-1.152425979925546, 0.855597392857984, -0.21100074238292782]], [[-0.19580090494819, 0.2528161485296937, -1.7725820765306455], [-3.010969814404627, 2.2778066479277266, 3.0594597635909837]]]], [[[[1.2533055346300004, -2.234923737659308, -2.0496604441628636]]], [[[0.5540238482404908, -1.3903244140785311, 0.24160321259389184], [-0.2615366941134289, -2.8350384017944967, -0.5727262421831987]], [[-1.6092020252818744, 0.6289030185348161, 2.849614550002233], [-0.0032473548636903805, -1.225136417487043, 0.6316435872100996]]]], [[[[-2.6477615108369656, 3.077774955913637, -1.209826437004335]]], [[[2.9018608636396497, -2.478850376446823, 2.0824585503702533], [-2.2349317813774157, -1.2016075092373129, -2.234546645599579]], [[3.127629868690579, 2.0366877726781256, 2.183914034506172], [0.9244776923442535, -2.657923692729516, 2.4158098083839654]]]]]}