{"noise_params": [0.0, 0.05, 0.1, 0.15000000000000002, 0.2, 0.25, 0.30000000000000004, 0.35000000000000003, 0.4, 0.45, 0.5, 0.55, 0.6000000000000001, 0.65, 0.7000000000000001, 0.75, 0.8, 0.8500000000000001, 0.9, 0.9500000000000001, 1.0], "max_scores": [2.8159418455607934, 2.7247893622384165, 2.61801042771524, 2.521994849484823, 2.4518699596849842, 2.344856205195081, 2.3438941427223416, 2.0713321628169363, 2.128264106121721, 1.8843330993627383, 1.9522339788368686, 1.888166901585594, 1.5657320663402408, 1.563117840492605, 1.5229877148986475, 1.1182115582989414, 1.1897164213658593, 1.0846049874218417, 0.7470204783382413, 0.46395801683178695, 0.0], "opt_settings": [[[[[2.2313601035640422, 0.04353151192189883, -0.8302903113266215]]], [[[3.0534262992526413, -3.0325013652697907, 0.9657641221312128], [3.2890515898553403, -2.644281107637253, -1.9079330693624]], [[0.5549396862029975, -3.07283095339357, 1.8757235931410046], [2.89386300515752, -3.013828965966521, -1.3525198122163629]]]], [[[[1.1893765141963097, -0.3684801043252565, 1.5537439999442098]]], [[[-0.4138548654015788, 1.1817696575341425, -2.26220895804096], [2.6956266495059205, 0.6267098036160049, 0.23055478370215707]], [[0.04033281420021352, -0.4267663351619802, 2.8681838703865665], [-2.2878000184917613, 1.6050912925907288, 0.8319852333865874]]]], [[[[1.152804579232181, -0.2935948743188391, -0.5047777437538931]]], [[[-2.639650927776671, 2.701760199649958, -0.03609558605197181], [1.8565236012538178, -1.4041408497763719, 0.8411372331542761]], [[0.8240437164116856, 2.335090678665391, 1.889319687871546], [-2.6296562747591947, 2.4809704434287365, -1.702030496403146]]]], [[[[-1.0231730624166655, -0.7065203625006449, -3.4237154838048918]]], [[[1.8824524599648793, 1.0756512454601292, 0.6971070855907913], [-2.947009901781734, 0.4345661281328093, 1.813808801827017]], [[0.06713023727426565, -0.619751329732582, -1.181831218526886], [2.638639633103404, 2.2062535187817276, -2.343776119350462]]]], [[[[1.868266434185195, -0.5658846727010101, 2.4668087817757893]]], [[[-2.4096884272716608, 1.3906202050302279, 2.1391768091983616], [-0.23741326531431597, 0.685938309610998, -0.5383036862345696]], [[-0.1557546195896749, -0.388425616514305, -3.133342280797495], [-1.5965313776994987, 1.3841798324809826, 1.6714102429069086]]]], [[[[1.2711935135972465, 2.4310521599036843, 0.9657919845815824]]], [[[2.5322465679959913, -2.1912423530497422, -0.3523307716094224], [0.9369728181658645, 2.465276197832359, 1.9493463714108223]], [[2.3009572153407385, 1.128225266048312, -1.8676900339943032], [-1.2654111464469198, -2.46639552357963, 2.1421254756292205]]]], [[[[1.154674536777192, -1.5759653581860535, 1.1358086472216111]]], [[[0.7349268217462944, -2.020792206811739, 2.914113180739111], [0.8006555904330152, 1.6556458876139324, 0.4414766483070629]], [[0.7702908642145572, -2.3478361406365784, 2.538072804044318], [-2.7748090375537076, -1.2642832160768616, 1.2400425189964848]]]], [[[[-2.6574260099504508, -1.711970470690066, -1.1857762036615191]]], [[[3.5594382965100793, -1.8364213485986338, -1.836113325054193], [-0.3523029133333059, -1.374889338771518, 1.4532427030917585]], [[-0.46468306956532096, -0.04361815039433657, 1.1420126095376677], [-2.2467570033717665, 1.0353700268234416, -1.7124092883387254]]]], [[[[-2.57591067909883, -0.3419287212153099, 2.578951583584018]]], [[[0.9265702447599102, 1.4224930651122267, 0.7965221133424878], [-1.6730498550118975, -1.0444206269559637, 2.69593549156527]], [[-1.2300660293806511, 1.4276975236873806, -2.3981582859244845], [1.3300667097466337, 2.412256256367295, -0.19218881311613867]]]], [[[[1.9880315927420535, -1.807068199676929, 0.11112042992040103]]], [[[1.4458009913479652, -0.5516858282235427, 0.05396100292818541], [-0.3515690319949488, -3.6795883003816536, 0.11747723005008619]], [[-2.4968096020791624, -0.42951185251261687, -0.16408063551375163], [0.8205639873441611, 2.083870888962437, 1.8535800344531985]]]], [[[[-3.2011144880321916, 2.252809446669544, -2.7419987225349964]]], [[[1.0681818253596986, 0.6142007212264665, 0.5488647748360638], [0.04058404367180055, 0.9991457353791626, -0.23987711791566244]], [[-2.5401780927439095, 1.449852472467465, -0.6935505798378125], [3.034884580638735, -2.3022199611503593, 2.1392711523951853]]]], [[[[-2.0583830862020958, 1.2595680927101829, -2.1723939228409974]]], [[[1.9818705483130485, 0.5684905518817585, 2.2437178503114152], [1.4692968116552367, 1.654588397524266, 1.2663994764436515]], [[-0.9066349826821134, -2.0723630467170757, -2.345481294606763], [-0.964772265440597, -2.020852434633345, -0.20224607456503835]]]], [[[[1.3266024741299962, 3.6893042388745116, -1.3777304793376997]]], [[[1.9021838554927917, -1.7755438373879353, -1.5669785149297797], [2.9487438445763967, -3.1359676610158, -1.0096648287072836]], [[-0.814381573830593, 2.0323149940273804, 2.6861177976720576], [-0.6158744590876903, 2.4770760852357085, -1.7865991857488834]]]], [[[[-1.5003398246565431, 1.7683490310729097, -3.435352055859337]]], [[[-2.3011341422837766, -0.8336060819981057, 1.6393961507945765], [-0.9158568637001637, 2.0063528959988157, 1.6275020433635223]], [[3.0391224421674576, -0.36697914379471036, -0.16562111772582447], [2.4375078905691105, 1.4527467464098478, -2.7667880206377364]]]], [[[[-1.9930849111128284, 3.1272724516517596, -0.8360089256248338]]], [[[0.09057334444960469, 0.5486767214091071, -0.04502614722577781], [-1.139966743074734, -2.046103549472915, 2.1227972916813993]], [[2.7592103849655243, -1.4594360842132714, 1.298554957271131], [0.1753892531984418, -2.511431809351923, -1.731898346961402]]]], [[[[-2.5063943422895587, -0.798291901758204, -2.354918020235732]]], [[[-0.7604711288663711, 1.7929055425024347, 2.095433609643247], [-1.3216145584736798, 0.6263054090644287, -2.9288240383614648]], [[0.19659277076471016, 2.381871632368801, 0.06377736763336325], [0.031438922794556276, -2.4605479061395665, 1.2998307743105872]]]], [[[[3.175539032566097, 0.47643785713234044, -0.2634864561490603]]], [[[-1.220808166569149, -1.4455128376598354, -1.6447725499280226], [-1.3862870625637869, 1.662026971865396, 2.2502249351546535]], [[-0.7908376308538356, 0.5703740913636757, 2.2007759684396877], [-1.564884283768624, -1.4645816034133663, -0.7830226385194567]]]], [[[[-2.164021077832755, 2.5603961107763116, -0.4347729966916043]]], [[[1.7568789173203894, -1.2270487721022352, -0.177067553394787], [0.014652176722338345, 1.9429947834566534, 2.8325157348554484]], [[0.35805810990843684, -0.34418138034463175, 1.1253677912083742], [-0.4454847353066634, -1.5428341557367609, -1.0136383510705378]]]], [[[[-2.0010556716167023, 1.3994599734444493, -3.0098417355140614]]], [[[-0.9236943647349986, 1.2511125462338273, 0.15119409780235307], [1.4085238996641771, -1.3519039140398055, 0.37109620018525113]], [[3.0619784572759197, -0.17767405813052006, -1.5465662509370655], [0.7676192730523004, 0.9224486934954035, -1.9232394887401747]]]], [[[[-2.7263949172139412, -1.2551992104725236, -1.5405172756573466]]], [[[-2.710910130848601, 1.940664224899266, -2.449159384233941], [2.483555305896243, -2.1420771443722306, -0.6624799805033983]], [[-2.2928073252804833, -2.4032162969911544, 0.9737474186982231], [0.8743979095881516, 1.6555288871923937, 0.8905743677352502]]]], [[[[-0.9666405847517292, 2.7971791786311497, 1.7820678662383695]]], [[[-0.2991832167814912, -1.3840815767391865, -0.20424895112501185], [-2.831048910597361, -0.1644585112513437, -0.5151158570918426]], [[-3.01662672874593, 0.7165684484709289, 1.7765657485586521], [-0.7432794070411495, 1.4853647450403829, 1.0155827975750524]]]]]}