{"noise_params": [0.0, 0.05, 0.1, 0.15000000000000002, 0.2, 0.25, 0.30000000000000004, 0.35000000000000003, 0.4, 0.45, 0.5, 0.55, 0.6000000000000001, 0.65, 0.7000000000000001, 0.75, 0.8, 0.8500000000000001, 0.9, 0.9500000000000001, 1.0], "max_scores": [2.8282206276807886, 2.7217533759977446, 2.6391101756245314, 2.5079959966690617, 2.4204752424157383, 2.2934741969639645, 2.3483846684276983, 2.2170605622645105, 1.9596068851967874, 1.846635829026677, 1.9963876599213821, 1.8857964486453251, 1.6695299029830517, 1.6724969395532912, 1.545264722478576, 1.4127963526304896, 1.139288558948142, 1.0922385003062234, 0.8045228321807224, 0.4997300303497927, -8.32396217925746e-17], "opt_settings": [[[[[-2.727610633953096, 3.186681103377441, -0.13029481835179504]]], [[[-2.185005143177229, 3.4936534310157366, 1.5822687744194361], [2.341619579516973, -3.255746809267751, -1.1866604806231469]], [[1.5331858733717199, 0.04806316321405729, -0.47533262470158544], [0.011306012590042394, 1.1951048822660233, 0.7050077188240267]]]], [[[[-2.141598487355369, -0.1012405236253763, 1.7895398052913614]]], [[[-2.912856193880185, -1.0568570462915834, -2.3978777778381355], [-1.0460629960896526, -3.0751150329252606, -1.8715418041417424]], [[0.06268703276606784, 2.045767944514964, -0.7671031035405673], [3.2059753964140008, -0.5367083652355031, 0.3536690740228794]]]], [[[[0.03536485965150145, -0.7684462676574665, -0.7293394151034723]]], [[[-0.03974371237715022, -1.5882258155950237, 2.26941386421697], [-1.7067850129592532, -3.081419771619315, 1.8327841374290026]], [[1.525453452364795, -2.5470512852540343, -2.6419787299561377], [0.5381868168692365, -1.5731350446385532, -2.5496854357106846]]]], [[[[2.4271788146401403, 0.17931979017479519, 1.8787579276778215]]], [[[1.91083033124454, 2.5596490049965572, 3.0612477235958417], [1.0735450224799319, -2.3966214999339024, -2.070794482168762]], [[-2.663049979654927, 3.2537295454336035, 1.8416038529074], [0.5784612547341285, 1.5486839060458046, 1.5272400302474063]]]], [[[[1.9026774051589752, 1.844409578079009, 1.5373867376047308]]], [[[-2.407784641640057, 1.3558538469775645, -1.4630833012170987], [2.3122180462966915, 1.4286408179207726, 1.5167320945194476]], [[-0.5809149655306906, 1.6009197231813195, -0.5976400467642251], [-2.5197886739194493, 3.3710273086623443, 0.9907635242018769]]]], [[[[-0.06021154134323479, 3.0839823705825022, 1.5538729045110549]]], [[[-2.053044994764728, 0.11603948090467854, -0.9418105119149227], [2.291168612716154, -1.2871483473839471, 1.144913864000383]], [[1.0595328446110783, -2.6381795267897012, 1.0344159130798856], [1.1832690392005185, -3.421683786392865, 2.535896733365429]]]], [[[[-0.19781147135765656, -0.04470613310161791, 2.2561455173457228]]], [[[0.05734503614324765, 1.5927312484946274, -0.23666180248700336], [-1.66822328488746, 2.383316204615744, 3.097563477404216]], [[1.4969101886874134, -1.9145560450007608, -0.393437943171719], [0.6212383302615172, -1.2585254799981997, -2.0463000019725475]]]], [[[[-2.5033142494284193, -3.059635174773008, 0.7797530345211547]]], [[[-1.5077998596448392, -0.7010508508217472, -2.5496069744005894], [0.3758160306997552, -2.6385110935466276, 1.9243902458608373]], [[2.412373310933889, 1.7747132604214544, -1.0539960879894497], [1.330814794266815, 2.733763703461209, -2.6478634370017478]]]], [[[[-2.6541461103604576, 3.691702704015347, -0.8582041080793598]]], [[[-2.896804307714982, 0.45899062810365615, -0.6475052785209674], [-2.2212310218388356, -1.4684298676096899, -2.8483142589877675]], [[2.991287151205974, -2.2707743250088477, 1.8496327757411537], [-0.12268277247941889, 3.398235623966587, -2.2065401187837015]]]], [[[[-1.6831605243314716, -0.6424803593390788, 2.2288372719533553]]], [[[-0.8335887781557906, 2.1037306401665834, -2.2323441284372936], [-1.3001763550439744, 1.6826524815288055, -0.6084035860596]], [[-2.4675805198292893, -1.679150647957441, -2.494465022428092], [0.8110869115198007, -3.0116151893537055, -0.8642960468550434]]]], [[[[-2.278758511823212, -2.607028285920122, -1.3853948597601464]]], [[[-1.9405260046481438, 1.9900909752301523, -1.7991961480688472], [-2.8678020079517186, 1.5195315956970692, -0.8027512289410583]], [[-1.340674418487031, -1.8958080605231726, -2.921077436834596], [-0.5233048273299236, -1.2293661209579165, -2.9853703461937107]]]], [[[[-0.35040965580498007, -1.9472757146973296, 2.824374467536858]]], [[[3.0097599597004026, 1.0352419619661546, 2.6129589175596024], [-1.737174212907554, -1.3964966605966898, -2.3233868298171783]], [[-0.8298078430296083, -1.4120403974927556, 1.1117319733006958], [1.0994802047912948, -0.6364165592976089, 0.4794961031097813]]]], [[[[2.123035006281212, 1.617237129869407, -0.44569203204675856]]], [[[1.1597288166743331, 2.5239093570316364, 0.040557684667265274], [-2.228933806514811, 0.6411020257307829, 0.1498625465481034]], [[2.1160838700559923, -0.6184770113231324, -2.405236618972877], [1.3285317037095667, 2.0661124997370917, 1.7619000996072796]]]], [[[[-1.108158564743683, -1.5193564659912349, 0.6317796852522886]]], [[[1.385559775224366, 0.5632087933574543, -2.110166168113592], [0.8628478005495317, -0.92158210222153, -0.39463011353167854]], [[-2.0353394308316277, 1.9341354737053889, 3.1239040754472596], [-0.930965263305402, 1.8658865702797536, 1.0883411210360778]]]], [[[[-2.088850419030436, -1.3426437363674233, -1.1876141774071427]]], [[[-1.393121617109722, -2.641888773165943, 0.08942407188056391], [-2.5327547088074605, 1.2750110681253073, 0.44426557339515593]], [[-1.7817040747823316, -1.7028024800508017, 0.9978775155437356], [-1.0671788545550613, -1.2437719051974019, 1.4858433369516009]]]], [[[[-0.261821641856738, 1.906277484938421, -0.5754998835084133]]], [[[1.79159836596866, -1.5134843018860522, 0.8785442465223721], [2.404944544550754, -2.601212232858023, 2.930271448727381]], [[2.5892343580175723, 1.1261549398264858, 0.7754470391982298], [0.22613940262238036, 1.8802261703671035, 3.0920070373702613]]]], [[[[2.870359578609459, 1.86210150792874, -2.2623973999261415]]], [[[1.3090735287604744, 0.31565389218728557, 0.8425592233280037], [0.9876915289151496, 2.9997885754904416, -1.6300788768261807]], [[-0.5392406324197283, 2.965459148468843, -2.718369690976729], [0.39320096825482925, -2.0262664827666446, -2.8004558091112894]]]], [[[[-2.308844578490224, -2.227478402480461, -1.1253185974851343]]], [[[2.586350281068584, 1.0852618677390744, -0.6907535295947156], [-2.653977682490136, 1.8008815824235531, 2.006276854122394]], [[-2.2995105506607816, -2.2463144362882126, 3.0638289763019806], [-0.6494218822537957, 1.2714957612359863, -1.561944113644431]]]], [[[[2.4692126437274475, -2.2146579703953733, -0.5433862129485368]]], [[[-1.2446418697073929, -0.820256691280563, -1.9964041172496172], [-2.8845630847315253, -2.429372626077802, -0.740174124326467]], [[0.8860118023498151, -1.761422215850248, -0.13139933914607393], [3.0397062538641793, -0.3942756440962776, 2.274884737028189]]]], [[[[1.9393288339998953, -2.155792855303232, 2.5535543471460347]]], [[[-1.4746002741438464, 1.8825731299209358, -2.536169808122664], [-3.0346674809209255, -1.5847746293126617, -2.786653720002627]], [[2.9776216001681433, -3.3726044092733702, 0.7143884495303783], [-2.518342908997874, -2.9576161702402115, 0.3928700387120587]]]], [[[[0.4884390371411613, -0.377111981797809, -1.3338741128244713]]], [[[2.08062956036545, -0.7954211085640939, -2.253439586645102], [-0.7572932938644441, -1.3776703040803133, 0.9625806705354378]], [[-1.0964444123943187, -3.099645932269829, 2.387784584810251], [1.9300377324410949, -1.4670727007708229, 0.9469673175827849]]]]]}