{"noise_params": [0.0, 0.05, 0.1, 0.15000000000000002, 0.2, 0.25, 0.30000000000000004, 0.35000000000000003, 0.4, 0.45, 0.5, 0.55, 0.6000000000000001, 0.65, 0.7000000000000001, 0.75, 0.8, 0.8500000000000001, 0.9, 0.9500000000000001, 1.0], "max_scores": [2.828422439234471, 2.7221258134246655, 2.620173851658533, 2.6051184750482994, 2.4384014459306096, 2.441787480920317, 2.3412302452253875, 2.089013697572928, 1.9617653747339676, 1.9195934093379887, 1.9960011652198895, 1.7815073440612896, 1.7796242074916422, 1.4233499749203626, 1.544925468880996, 1.3968336180449357, 0.9810052097183317, 0.8826393670489294, 0.6561611618053282, 0.4629010366020774, 0.0], "opt_settings": [[[[[-2.0310867486767314, -0.6553833857844606, -0.5966011690441273]]], [[[-2.1600148197261904, -1.5758278174860203, 2.7088547691396716], [-1.620431274460605, -2.568382514671625, -2.597324844382916]], [[-1.6152494044304364, -1.505152447772802, 2.211541514009469], [-0.3572426965905915, -0.05598291571688888, -2.728212984792008]]]], [[[[-3.4558818415508954, 0.498570658300265, -1.9503501185406746]]], [[[-2.8870424859548285, 0.5329121813159682, 1.2104193738764568], [1.9294154630566533, -1.0654385510043436, 0.612812208725916]], [[2.9083479047184655, 0.07402520773613823, 0.9720077291089027], [-0.06774236436856539, -1.69875580165536, -3.0742317815516502]]]], [[[[1.0206657634419962, -1.1767090778569025, 2.680168124774402]]], [[[-2.2407175065315252, -0.8627708627716328, 2.8188955115217293], [0.002354729886986694, -3.3319136084327075, 2.4237752020138474]], [[0.8349082677559595, 2.721223905948031, 2.2832170804123377], [-1.2081483865897074, -1.4933046285693776, -1.4557435855063712]]]], [[[[0.46799425239208464, -1.3084679508775858, 1.83184734706955]]], [[[-2.1884550985692326, -0.2661137626513748, 1.1007438049067515], [-0.14574821577883884, -0.9810978225385528, -0.24410742153557718]], [[2.1680546637412337, 1.3762682235466064, -0.8697905303086029], [0.821366868587877, -1.8226089378645118, -2.9366372072850813]]]], [[[[1.2274703991312688, 2.607675779782182, -2.1241645730503524]]], [[[-2.5557952361859555, -2.9597418881955635, 1.2171895003989022], [-3.2155420228570986, -0.7265267531211219, 0.9457167995222671]], [[2.7084690088850625, -0.35586960580023064, -1.6813607334650646], [2.0644917977823223, 0.7028867931656555, -1.799806949398248]]]], [[[[0.6753437165332365, 2.2624337106242884, -3.062642322326442]]], [[[2.4965616193681446, -1.3675519839764194, -0.4446975321110482], [0.9307569371963511, -1.9173124669735673, -1.440475457770353]], [[1.082345955176092, -1.2924959146536492, -2.809521807692728], [2.5722159758686436, -1.0284472502970896, -2.506172468948686]]]], [[[[1.0339771634713741, 1.838684719985916, -1.7736539926195527]]], [[[0.45697899277775844, 0.5714985343875038, 1.5973341619325163], [2.903000736340446, 1.3861955600032398, -1.7276996876435537]], [[-2.069807197758598, 2.4084903957478603, 0.19237810760441706], [-2.875049184914583, -1.382605169215874, -0.6147250807073399]]]], [[[[-2.499733089405564, -0.9900511291126655, 0.02242144620382756]]], [[[0.32228227770207196, -1.873809152452703, -0.7270492464446914], [1.6527240565811105, -0.6485738128709332, 0.6676039235270292]], [[1.6920899563643137, -2.170570048792234, 1.234507318611727], [-3.1004482316017827, 3.047752209972094, 2.6529817824284425]]]], [[[[3.207411152664211, -2.3345125798983366, -2.4696395371997286]]], [[[-1.739055946655967, 0.997713511567436, 2.4097189209444476], [-2.6851535385654426, 1.8384026191746445, -2.564294018698081]], [[-1.7655534704642986, -1.753182797290412, -0.09910423348129661], [-2.479714746424054, 3.1101627078277003, -0.5091873053375386]]]], [[[[-0.7841937915057988, 0.9403426187349593, -1.1334503604375374]]], [[[0.9610531568563673, 2.878917077618011, -0.9002236536328674], [-1.089071694795893, -0.5111290254633754, 0.9303895507121913]], [[0.1887739776272825, 1.5887015705064926, -2.0809560911722658], [0.46633163079833706, -2.0461937951549896, 1.2235897832867284]]]], [[[[2.4441018840685316, 1.8226940473553181, 2.0951029696198598]]], [[[0.655570878304083, -2.4485787272035644, 1.2768888451031124], [2.9478306659737163, -1.8071061609268255, -1.8429461696416314]], [[1.1422769353874445, 1.8628953356503786, 0.6028595484283992], [-3.1489653912768807, -2.2901910769023655, 1.5040987890655773]]]], [[[[1.7935554616273663, -0.4595409602611524, 1.9977481536958752]]], [[[0.6469766491769299, -1.641072521511904, -3.012782728591764], [-1.5746191462377326, 2.6725780230917175, 1.8873503211714402]], [[-1.4671031586980856, 1.5423677070067885, 0.5742832359119783], [2.1211731182137106, -0.6466638870768363, -2.2517930072586037]]]], [[[[2.0751337717662346, 1.0614879975261464, 2.896307704960602]]], [[[3.0829259414779875, -0.7475629306848238, 0.711130846957901], [-1.5460113709921646, 1.3408693077618021, 2.78825451072583]], [[-1.0504122765017299, -2.5972926458314642, 2.2113668087172274], [-0.01923280789442374, 1.9596833644475373, 2.6246210047171994]]]], [[[[-2.012030762579848, 1.6412917977628534, 1.4291643388893742]]], [[[-0.03765665575271747, 3.1703166504612867, 0.9961963148968884], [1.3320674301350572, 0.14512607510242576, 1.107082950288592]], [[0.05616624437894528, -0.21606074224911812, -0.09416342038188798], [-1.122300113224832, 1.4951010643687543, -2.0544936942526038]]]], [[[[-1.178277011657651, 0.8228694269718667, -0.658344087420546]]], [[[-1.0242461552816808, 1.372552388856942, -0.842705016296371], [2.8316742246368367, -1.02553648856471, 0.13793618669365101]], [[2.5103792892533305, 1.6272757194296232, -1.476748683018323], [3.198210544998415, 0.9743555245321216, 1.028102971988389]]]], [[[[-0.4533729916678304, -2.0449716303844916, -1.8937091982621614]]], [[[-0.7400635032283878, -0.3106648061224764, 2.5075744435034677], [1.1685271944573785, 3.261489484103491, 2.207036422575615]], [[-0.3173590210171695, 1.9765591721459486, -1.9357311632438796], [-2.725788484953822, 2.047648666219901, 0.13295958234529956]]]], [[[[0.8503513358233635, 0.4502350168953178, -0.3793182334856827]]], [[[0.8875113412794937, -2.0790049416664296, -0.8559981598976023], [-2.6770755207272456, -0.03866089652983021, -2.199954715563475]], [[2.2621289964646474, 1.0933797228568938, -0.3469754217098666], [-1.7485409403514225, -2.28311395465002, 2.7244292226714544]]]], [[[[1.9175468635598183, -1.1688800773476016, 2.7047391113557455]]], [[[3.2008014307401518, -3.263388835899589, -2.7868291378677776], [1.3256154071429327, -0.36842901561545105, -2.653941269994568]], [[1.5460922215479607, -0.8578431151023271, -2.181041960398528], [1.760244508729541, -2.0137048633440044, 1.9208399642546672]]]], [[[[-0.7992867287469531, 2.2540057320009566, 2.2665096739073443]]], [[[-1.2189491167268753, 0.24211116702388172, -1.9644642056774462], [-1.8110565404623076, 2.429154912327413, -0.6308836330537826]], [[0.9888828047483942, 3.1018966456973573, 1.215480662662502], [-0.79122905283559, -0.25007895051071083, -0.40135950723567815]]]], [[[[1.2208357706925046, 0.5761782004079788, -2.3463517546148345]]], [[[1.711988672963506, 2.175855488156211, 3.08847335548115], [-1.7506086666331075, 1.2360319201141303, -1.4644803616987478]], [[1.0883488098817258, -0.14680661725466704, -1.0731260783924688], [-0.5237883900517983, -1.7499578559698505, -1.660058595924637]]]], [[[[-2.7369445917613024, 2.825708009935042, -1.668903261209873]]], [[[2.3723083936878577, 0.1021485378735032, 1.9958675762032438], [0.2070623882459688, 0.37351038124493474, 1.011899322265064]], [[2.0541972605226775, 2.3238764349186027, -3.0796027904113203], [0.7679269271562843, 1.2071318709409624, -0.4736062630223361]]]]]}