{"noise_params": [0.0, 0.05, 0.1, 0.15000000000000002, 0.2, 0.25, 0.30000000000000004, 0.35000000000000003, 0.4, 0.45, 0.5, 0.55, 0.6000000000000001, 0.65, 0.7000000000000001, 0.75, 0.8, 0.8500000000000001, 0.9, 0.9500000000000001, 1.0], "max_scores": [2.8284265983800805, 2.72214636266665, 2.6688363327611118, 2.549532231871522, 2.400522306467243, 2.4254737979420877, 2.2338817105277853, 2.2126928729662243, 2.147408580110467, 2.0324423980308666, 1.9307471111999757, 1.8960316925516267, 1.7837230714064627, 1.3953689393662843, 1.5240925135386523, 1.2733604879937834, 1.255482523362914, 1.0191622956746493, 0.8911238735136495, 0.4490589543062123, 0.0], "opt_settings": [[[[[-0.39489937824187155, -0.6181651891054424, -0.43006808013535436]]], [[[1.2272381327556265, -3.924815945066669, -2.1806363647786324], [-0.15132317931018077, 0.9362800999631075, 0.16019706659297406]], [[0.5457589398408167, 0.8608114341818943, 0.9021678046990704], [-0.8274658995491593, 2.4474777389350444, 2.849585754387159]]]], [[[[-2.342724645561301, 0.0650719406846545, -0.47444220539184045]]], [[[-2.965879936898104, 2.9399990085875927, 0.9104213177151674], [0.21776248402249568, -3.3108572513962455, -3.0696108055765077]], [[-1.8188065674118188, 3.0045483244621445, -2.9172282667640785], [0.41505572981262734, 1.9307240167497888, -0.3889114311002637]]]], [[[[1.4963128384056263, -0.05593400135635122, 1.3438121766857223]]], [[[-0.8338871206528291, 1.039510545807222, -1.2582978450416262], [0.5340326348709403, -2.0086630406711072, -0.8631736346851557]], [[1.8293823240248717, -0.7903683870644022, 1.482310074176655], [0.5596532001224689, -1.236471244359606, 1.7276309364981763]]]], [[[[0.14233609270468536, -2.3621193890104935, -1.1120063007136975]]], [[[-1.9396137859434546, -0.8270324042043383, -1.2590466714515038], [2.9537830617902956, -2.652760390053401, -0.4185281252996407]], [[-0.5165120514993341, -0.8620563474480384, -0.5821442671167092], [-3.0342705496891127, 1.9152561301189863, 0.2056353159348468]]]], [[[[2.0431081859260276, 3.107600967014088, 0.984856427525417]]], [[[-2.2079996320452446, 0.5991890881275117, 0.4492947982325939], [-0.4412326219874792, 0.007237930748307253, -1.8873247066481202]], [[2.6250734062952397, -2.770164927570174, -0.17627945082484855], [2.5535951879746226, -0.6415554931576808, 1.4564909836290711]]]], [[[[-3.0737112542992917, -1.6886263484479347, 2.0667966333166925]]], [[[-1.071786795505222, -1.0507569062959397, -0.4795538210075807], [2.4620848531819357, -1.6605036141198917, 1.904464485174402]], [[0.7288983803207829, 2.233558130228217, -0.6869218418398506], [-1.3602306854862634, 1.9708796363545378, 2.233545596266482]]]], [[[[-3.1086520991599955, 3.3468923997499673, -0.00821617709678315]]], [[[1.7253389123855114, 2.8392330743106364, -2.159294005264897], [-1.5662316944723331, -1.7875084524126774, -2.7511863682646105]], [[1.7454788090831819, 0.9567147669445529, -0.3067449471626049], [-1.8305357233237356, 1.2711229698346636, 0.7008866917329728]]]], [[[[0.14553342678057746, -1.4746320344349675, 0.2728499231064214]]], [[[2.2115477293237897, -0.8349717515269401, 2.8981220015992095], [2.5024442930194897, 1.0309388027991206, -0.6756694698152659]], [[-0.3894685915012477, -1.2933638278333601, 0.8891981125037072], [1.9125377556961454, 0.5452640162913899, 0.43548463373805735]]]], [[[[-2.2747124031607497, -2.5468244579370563, -1.428420237134589]]], [[[-2.593482686543773, -0.35732112853157355, -0.9249963029480188], [1.972849868380044, -2.314268512441158, 1.6701315752793002]], [[-0.17800877587779235, -2.052637915544016, -0.03232216912336308], [-0.6253696728375312, 2.0493837446538867, -0.8911412388016884]]]], [[[[1.607619054327242, 1.0999983088935579, -2.511492927054137]]], [[[-3.031029820864758, -1.3586712915669095, 1.0453748986761404], [1.519712480708717, 3.4320336421237867, -0.5544083768904056]], [[1.3647915690546641, 0.6548832756410987, -0.9150822762937993], [0.6611187683781268, -3.2609538620066085, -0.2889036444141646]]]], [[[[-1.9684287603239916, 2.778441047333818, -0.41355481735836935]]], [[[-1.2334709322643518, 1.2001119070682664, -1.1044179656118778], [-0.5752612666999272, -1.338121079674671, -2.5923399832704286]], [[-0.20582057217914965, 3.5055407457204533, -1.172996344842781], [-2.6042369435872383, 1.6625083989802674, 2.6077187854305164]]]], [[[[1.845203974567242, 1.3803571697741888, 1.68559014360378]]], [[[2.5587205269248408, 1.638440926369189, -3.043397885437773], [-3.245304095606673, -2.693489089162973, 0.22695514285116625]], [[1.3203189914139317, 1.6636714849258785, -1.535056130761642], [-1.0578844207371823, 1.2483073902921111, -0.9342602527403776]]]], [[[[-1.2121852731326381, 1.374607037406424, -3.3085871012260344]]], [[[-2.7992547984886134, 0.30988219533463457, -1.8555234398763245], [-0.6189031544644177, -1.2612820134569578, -2.5872338186159975]], [[-1.556830619861625, -2.008760675745314, 1.5725890174708965], [0.2683578715992433, 1.0864075800195931, -2.4996561186584425]]]], [[[[1.5777081245954543, 2.6372850095508378, 3.27295778588767]]], [[[-2.4670198721087626, -0.9173037259024601, -1.358488121485956], [0.9179071497568584, -1.7123111030969793, 1.8397322469418649]], [[2.547386562055805, 0.5546907146962639, 1.4643914669308753], [2.705931685429533, -0.9244666195326044, 1.1661531029613057]]]], [[[[-1.4796829628460848, 1.4322160459688071, -0.011482256639655436]]], [[[-0.7898621298140556, 2.8184048704187448, -2.0299077801180005], [1.2872346316038785, -3.320637735820722, -2.7210212087859036]], [[-1.6470046899751778, 1.9781031328854326, 0.2189777851322479], [-2.5707443269607215, 2.5487936897413426, 0.8426106414536214]]]], [[[[-0.6975529629723926, -1.6341375260254196, 0.9882696518138255]]], [[[-2.669945034901322, -1.1228186410827898, -0.003212713343194246], [-1.8888599199187874, -0.46481555587268014, 1.3159349245138126]], [[-2.736872862545567, -0.060753717638960286, -2.584295686354877], [-3.0068284140122725, -1.0506723359434067, -2.140849509347231]]]], [[[[2.0707763357108786, 2.2043021188855474, -1.8319239980840156]]], [[[1.4869432110658423, -0.7371272005322796, 2.212244880223105], [0.10999933932796514, 2.8766655871684716, -1.8251411255024796]], [[0.07484099948655082, -1.2517432416670315, -1.6206945370205388], [-1.2727737236313448, 1.0397559741852764, -1.205881318177457]]]], [[[[0.9178077295891669, 1.7740011087782401, 1.9137866767685567]]], [[[1.8031623727206443, -0.8870996354858858, 1.2912859537962458], [-1.9811801818771233, -0.3143598058884346, 1.2939658193077275]], [[-0.5046255074072721, 2.54659276821273, 0.9237415392035935], [-0.41001541577268624, -2.0595478470785307, -2.3630109062946754]]]], [[[[-0.30565516500115186, -2.9754912647499885, -2.953196485654249]]], [[[-0.5803174771693304, -1.194571041758826, -2.0396886955330267], [0.9166249248207995, 1.4909297877497474, 0.15540508981343937]], [[2.5800580035777396, 2.0830066332140937, -0.3219707645762493], [0.3549910498422609, -1.6931000795515108, 0.6474328095022157]]]], [[[[0.9533819839280956, -2.199874415100657, 3.1051793994196886]]], [[[2.224568698155706, -1.733412136737479, 1.0443533987838975], [-1.343013454219371, -2.6862646188983557, 2.144899666581055]], [[0.03002702219128231, 1.6079922146989025, -2.2152766545387834], [-2.858377675195119, -2.339179329330003, -0.2406894692155919]]]], [[[[1.2787038075937076, -2.6639716332263017, 3.078954749721217]]], [[[2.1298287466302117, -1.801863570334943, -0.05356012731935156], [0.0335740667620259, 0.8511453970232448, -1.9409260492519904]], [[-2.7861231703335285, 2.765378823646925, -3.082490676780511], [-1.0178498197718038, -2.3990840828875397, -2.9943406637974728]]]]]}