{"noise_params": [0.0, 0.05, 0.1, 0.15000000000000002, 0.2, 0.25, 0.30000000000000004, 0.35000000000000003, 0.4, 0.45, 0.5, 0.55, 0.6000000000000001, 0.65, 0.7000000000000001, 0.75, 0.8, 0.8500000000000001, 0.9, 0.9500000000000001, 1.0], "max_scores": [2.8284097744095082, 2.7234580761623937, 2.634812644056531, 2.516016218955194, 2.4034515453132075, 2.294152518143041, 2.185845519204565, NaN, 2.1492852275652714, 1.89019559953407, 1.8937398623936468, 1.8024228942328122, 1.5530159605315415, 1.374393834359724, 1.5191879887667858, 1.4136367072326417, 1.262491451810264, 1.0911751953242648, 0.6602504123705027, 0.5908813119058461, 0.0], "opt_settings": [[[[[-0.8252625077991945, -3.851524761887303, -0.36158732364634133]]], [[[2.1423148813633506, -0.5901708486208801, 2.7237208787923732], [-1.045075836681496, -0.43237714073290556, 2.9598877142480964]], [[1.302617891529361, 2.4725262850113117, 1.7618105572220815], [2.199248246739003, 1.9788907373491575, 2.824924506063292]]]], [[[[2.412384575063886, 2.9916991378488396, -1.2814951842703828]]], [[[-1.3700589194985329, -2.3270384654346037, -2.806176899467754], [-1.1655527845231088, -1.2740757717955444, 2.5647850156305347]], [[-1.8127228557098667, -1.4757538350643806, -1.121057944573142], [-0.7260402923975426, 0.15682592965336895, -0.8482377480995731]]]], [[[[2.369464577794089, -0.09646269834833998, -2.3862535961391664]]], [[[1.1332267168266552, -0.4573779544883323, 2.775187441114098], [2.6511761751006064, -1.7567793664839086, -1.986422948796694]], [[-2.3634911619622603, -1.3606166808615725, -2.6047766059611592], [0.2076207753503948, -0.8802966327596513, -1.3361995282618708]]]], [[[[1.4449167697742933, 1.023506692553054, -2.3346555169224064]]], [[[3.114590019486739, -2.8811876822268587, -2.876977350516353], [-0.17679734394382884, -1.360054379222731, 2.795690362017038]], [[-1.4366435006249652, -2.6699926042641384, 0.5430887831325468], [1.2488778677662906, 1.5488231019172947, 1.0960718036747412]]]], [[[[-1.5719422485364696, -1.7257566519072172, 0.5171590224037061]]], [[[0.4341973810457461, -1.6173029120318965, -2.027810361152441], [2.240562213621658, -1.9754983920139464, -1.8050174864634618]], [[-0.5781000291303686, -0.9614510330397369, 2.2074246998606837], [-3.204640238967538, -3.204665508696032, -2.7075539478862223]]]], [[[[-0.304780677124964, -2.956325279499616, -1.3989816146760934]]], [[[1.6539627864477269, -0.6438309054763126, -0.3022650005067775], [-1.2045271015511558, -0.7239426350059136, -2.4458541537677014]], [[1.8547053748985682, 3.045083949648169, -0.618855423435797], [-2.3541820954592554, -1.9903250759127802, -2.498531372467138]]]], [[[[-1.8785860486804278, 0.7708112633354026, -1.723637122076061]]], [[[2.5594473342091795, -1.0925340567576132, 0.255834428819902], [0.2758753621631772, 1.8393858124399167, 2.9773879406433617]], [[-2.7085778183982248, 1.4792079836404524, -1.170694133510297], [3.3868904918595386, -0.724600693790337, 2.311372133786449]]]], [[], []], [[[[-2.6346512288611876, 0.012007489019119105, 1.8069263381816447]]], [[[1.262068146465622, -0.857382279252693, -0.3839971444147867], [-0.7366610149526586, 0.6703997981536606, -0.24961704399337142]], [[-0.9090987521489635, -0.5798991406575064, 1.6921062410858259], [0.471351973912579, 3.797960382402267, -0.46076188705939103]]]], [[[[1.511155042672901, 2.6594713986951226, 1.9405770336974306]]], [[[-2.137652649483659, 2.71908622597371, 1.6056724133774338], [-1.5039443458196335, 0.268640824401937, 1.5283113334310023]], [[0.32294791437703674, 2.894127503817227, -2.251681246188026], [-0.5733627298977618, -0.32635132231531, 0.7964985608008934]]]], [[[[1.0947193726061528, 1.2763555998999396, 1.4322747336103687]]], [[[-1.0007262924968858, 2.3339858591995024, 3.054289542839564], [1.9312206071755615, 2.8630410694888018, 2.0771270523900913]], [[-0.8996391387721967, -2.190480465943811, -1.467857219896899], [-1.6774602911709524, -3.557139253941449, 2.4740342944551]]]], [[[[-3.211192438237024, -1.1700710005854968, -1.8519099401216135]]], [[[-1.5496090648349403, -1.0168357205981353, 1.2931037775320808], [2.860532544884486, 1.2867360404411863, -1.7169451842253522]], [[-2.2727354644074227, -0.3422896109790921, -1.3973118615032496], [-1.3873081616635399, 1.2700776003579313, 2.0216745092243054]]]], [[[[1.959566567021641, 0.3145885276908269, 3.0047116133189125]]], [[[-1.3026741810431672, 0.24748174798236564, -2.512354678570148], [-2.385969190400761, 2.140259469215261, -0.1802889615152355]], [[-2.6031156746643367, 2.0743333928451886, 0.06589243450092441], [-0.0641854415319775, 0.7944447698238226, -0.9029318031078892]]]], [[[[-2.493125401185888, -1.1545931050955733, -0.1091352196363899]]], [[[0.6981418698526332, 2.1151665935040134, 0.23977063350102637], [-0.12125952647744331, -2.793424307496137, -2.447091507359673]], [[-1.0239835552064234, -1.8536415994946778, 0.6150301040277735], [2.230752105559063, -0.031865389696629734, -1.3732467194587958]]]], [[[[-1.3325048097782324, -1.5690405811482608, 2.7255134226246063]]], [[[0.9631645831103123, -2.4584135595352095, -0.6264484748468333], [-0.743663413829976, -0.7336121350704794, 2.26616361931106]], [[-1.6265157677270805, 1.146353387460297, -1.2976600421038151], [0.6250376334062945, 1.6296295986485343, 0.5115335666923451]]]], [[[[-1.1307868617385604, 1.855028843015499, -0.5083266793805817]]], [[[-0.5766994958791899, 0.32796087373966204, -0.48148890436196146], [-0.5291359119684723, 1.6910755663768222, -1.4379916130499706]], [[2.00527801037299, 1.3618362275605929, 2.453360860772346], [1.068059132290358, 1.9217938443158604, 0.7905555618379854]]]], [[[[2.8628069198300885, 2.39927590467392, -1.6040435149284162]]], [[[0.523581715460514, -2.2965714202720178, 1.5085127614708638], [2.7807355414662807, -0.6472490239214723, 0.6288033335101653]], [[3.0794888858361467, 1.9032133322441611, -1.3798698964615008], [1.411488979563239, 1.8564667958404901, 2.1201915904004096]]]], [[[[-0.5940920901706181, -1.0964767203580847, -2.087306706366382]]], [[[0.06142925167930089, -2.945351309340875, 2.2956578803575534], [0.7144039359301336, 1.6815686888460548, 0.28053258803163983]], [[-2.103430328057062, -2.129029037566962, 2.222275844732283], [-0.41366190008925424, 2.2209418681477793, -1.0610271891676097]]]], [[[[0.39797853343540046, -0.8965583648339951, -2.796492251202296]]], [[[-2.191525838741566, 2.668683437825514, 0.9014824173639289], [-1.2875409023180537, -0.8637850259191826, 0.24470591200350042]], [[-0.4579240236997631, -0.2623016611559041, -2.129468657296232], [0.26709731878381, 1.775578734012597, -2.94071387099486]]]], [[[[0.10925378783372322, 2.432526825168903, 2.691898303816906]]], [[[1.0302845679625368, -2.171806791428248, -0.4883966198380332], [-1.4671861846316179, -2.024945598706411, 2.736578376607876]], [[-0.01715719776593859, -2.750557273556952, 2.198196504188548], [0.7863268384070891, -1.3881852679661546, -3.008034244005428]]]], [[[[0.4784079214854895, 2.2806497879570893, 1.9545962257786034]]], [[[-2.865068412730501, -0.8960200965496106, -1.4123026325646943], [-1.5696136159762293, 1.5198262416323356, 0.2854259462867854]], [[0.05422465331971882, 2.9432814728432, -0.9075659513305996], [2.811809453015041, 3.0361953525028937, -2.7578699472538775]]]]]}