{"noise_params": [0.0, 0.05, 0.1, 0.15000000000000002, 0.2, 0.25, 0.30000000000000004, 0.35000000000000003, 0.4, 0.45, 0.5, 0.55, 0.6000000000000001, 0.65, 0.7000000000000001, 0.75, 0.8, 0.8500000000000001, 0.9, 0.9500000000000001, 1.0], "max_scores": [2.828426607202015, 2.747160187243225, 2.6269395235336717, 2.5030272519446344, 2.411132147768674, 2.3680357687626525, 2.3643139346989828, 2.256164859325458, 2.102174108880702, 1.859730834629807, 1.9490990310099336, 1.821699516501239, 1.7853405045349993, 1.669321745767415, 1.5392787947520339, 1.3240979085747973, 1.2577944022254033, 0.829930275312599, 0.5283396573987778, 0.4001465258581887, 0.0], "opt_settings": [[[[[2.9081047685267323, 1.8317287224349617, -1.0466169084707175]]], [[[0.4037186951518838, -0.06296015967675063, 2.2515867324853938], [-2.9475643653832933, -2.5033980531147226, 2.677833344027083]], [[-1.4762385140381415, 1.5964709829721089, 0.6573491770849724], [0.0176150150606376, -1.5625192168222273, 2.474449563738662]]]], [[[[-2.715183303254679, 2.585640521013389, 3.080616955735788]]], [[[0.003230482908066667, -2.8037744800366804, 0.2760574233768792], [-1.4305958675127997, -1.7957472426269931, 2.7545721555128404]], [[2.122303038457643, -0.993155062442376, 0.41644262506476515], [0.328282870345953, 1.0322236727335021, 2.8690966554689643]]]], [[[[2.7299070930085123, -0.6368433838990225, -0.045247706154138125]]], [[[-2.111727872282149, 1.554687696610257, 0.3505233900186866], [1.6347268472400152, 2.870550652422282, 2.9261229497418286]], [[0.8190283731974648, -2.84558663546313, 1.6339334061741448], [-0.41247796591548863, 1.3752712647167806, -1.2909328856893763]]]], [[[[-0.24029164553511498, -2.9304971629346306, 2.5083263867488057]]], [[[3.0002495049969355, -0.4075730477304267, -1.5431564644414675], [0.33710781902011655, -2.7080664673077703, -0.5337343599128728]], [[-2.402363497205677, -3.118206575665991, 0.887524754063528], [-0.8473455089832301, 2.8547517490384595, -0.8947255779934018]]]], [[[[0.004404563876445265, 3.6701178462036177, -2.705896458551909]]], [[[-1.993564636179351, -2.9803680544387485, 1.889205743985226], [2.5388128272430173, 1.1647919598060346, -0.1724957524738308]], [[2.7676034526946873, 0.6125616186408863, -1.8206551099170636], [3.098686829802342, -1.125740494048925, 1.4868297203215723]]]], [[[[-1.7328418922036521, -2.388757511766835, 0.517306313017797]]], [[[2.9395390465092426, -1.0268824651411375, -0.24205325317598136], [-2.95488448561953, 1.8703848872616158, -2.316363159364439]], [[2.5971236124146992, 2.232302542922201, -2.718960615114944], [2.343381544620261, -1.3423907628367941, 0.2994162157723758]]]], [[[[0.3241156720655562, -2.903068322958758, -0.1770874767321758]]], [[[2.167215649936813, 1.4179413064955435, -1.7747089783767287], [0.9192018263103247, -1.7942892491974485, -1.2960981702972076]], [[2.557876419019638, -1.7091273072653224, -1.9664426346674884], [1.0092122663505676, -1.872096941657833, -0.5675996685344922]]]], [[[[-2.115859404571266, 1.282917153373382, 0.5194402837586146]]], [[[0.16786751746656486, 2.676632081099179, 2.106034816483775], [-1.5495386832213613, 1.5135896984760908, 2.0538651499791474]], [[1.2415449374630072, -2.5094097507186044, -1.7474741833784782], [-0.140360768926447, 1.612602999650771, 2.3170955477146054]]]], [[[[1.4867987745781306, 1.0328959352049036, 1.2372846982349877]]], [[[0.7610211372045032, -0.6439614742853644, 1.1097386557858142], [1.5753684629407958, -2.424128938646909, -2.7163327859079685]], [[-0.6325335719086848, 1.989141938715502, -2.544798235596729], [2.023711138957841, -0.9396898590967938, -0.7816723139622743]]]], [[[[-2.996916762744705, 2.5661583852587273, 1.5352961416760733]]], [[[2.8159242926246084, 0.16620947755500445, -1.4087432473884336], [2.5717327430319004, -1.5154782733081917, 0.29344421539408166]], [[-2.370630331381967, -2.634827769826103, 1.545542471215808], [0.8415757648893546, -1.7187688891396582, -3.0147074668014358]]]], [[[[2.260863276316313, -0.18802047507341133, -1.5518001845884233]]], [[[-0.5362837929948585, 1.0625042947687042, -1.1680752331503808], [1.9832630252062062, -2.0525061435096164, 1.7139602281924589]], [[0.1300767890728872, 1.7637220702079284, 1.4975436590643527], [-1.1958813965171882, 0.539054035629875, 2.138884483226529]]]], [[[[-1.6263535136696876, 1.3867721172982135, -2.455634418360237]]], [[[2.8275189456388814, 1.6054108842043682, 1.0586495899717967], [-1.9653609078241494, 0.20853670797087442, 0.8405066232357754]], [[-1.943731087649984, -2.0334413580998474, -2.30687016924673], [-1.4648182843766806, 2.4570232788313695, 0.7883461864792056]]]], [[[[-2.0644121697554234, -1.0999602741295833, 0.35591692717409373]]], [[[0.8658758281963034, -1.0720179131242742, -0.06710055597753858], [-0.7152991816217498, -1.2512461433991517, 2.5681701031244364]], [[1.4598399666219142, -1.9065497410161814, 1.27946124439731], [-2.490341068842543, 1.3066575559023037, 2.054941884507806]]]], [[[[-0.15278053383105275, -2.046715056518858, 1.6709927407358003]]], [[[0.348020887715747, 2.3745806901825524, -2.7372056767842445], [2.5255440972119865, 1.8829225557586036, 1.9202856731465463]], [[-0.7646906567365673, 0.7338576158067983, 2.9953341592952425], [-0.8746830666878164, 1.2682591040609288, 2.3538943910382955]]]], [[[[-2.1038604051701717, 1.5554471079879322, -2.7773703483363352]]], [[[3.1406402066536456, -0.734364831636571, 0.7461654746064568], [-1.3189464479607016, 1.619221935299433, -2.298284895116429]], [[1.8447475931097614, 0.5662208300536463, 0.030713683763503585], [0.07241160875719738, -1.0422723460706778, -3.134487118137613]]]], [[[[0.1780146996934292, -0.6117172788011779, 0.5285026524701152]]], [[[0.2235676509634884, -0.2580910193573729, -2.141493170099068], [-2.315784810773046, 1.6262848630908777, 3.0047046768311922]], [[-0.20271306042398607, -0.876511465956918, 2.863402782000228], [1.3032222956635777, -0.09372076052663243, 0.4829872474004784]]]], [[[[3.5060483807435587, 1.329318733933118, -1.2018345303840152]]], [[[-2.537313905342288, -2.2684493834624164, 1.4844935018053924], [-1.7004414533854872, 2.9126103496855085, 1.3162856707860442]], [[2.4114207736210767, -1.797873824362771, -0.5147414856242101], [2.9658011790075656, 1.2806818463808447, 2.587921011180173]]]], [[[[1.1654543776581956, 2.131840177584171, 1.5597905245895352]]], [[[-2.6092241277768684, 0.5253931318855536, -2.3207835212377885], [-0.26159212577137964, 1.781549609959216, 1.694104690071483]], [[2.816534633871893, 2.1573191090277883, -0.16903896617277778], [-3.0190109507569183, -1.3750689900225719, -0.011222207687594299]]]], [[[[2.2760893462714535, 0.21066626690013684, 2.3155068951877773]]], [[[1.5803032761468727, -1.1113532041704368, 0.8489075432091697], [0.08696833882906146, 0.1552552805859635, 0.8115606083137621]], [[-2.8000024163132564, 0.9046585995397551, -1.4443069394972328], [-2.051535020413161, -0.011303391231998652, 0.24971115547956613]]]], [[[[3.208592997979484, 2.713305332816603, 1.881537465423861]]], [[[2.93970317457716, 2.52924437726088, 2.7343275848839754], [-3.0720312880067393, -2.4612263031906245, -1.2175293299269387]], [[-2.6328291472851877, 2.767075578827158, 1.2983325706993565], [-2.80165051939186, 0.9569970417179343, 2.4264438781220257]]]], [[[[1.9480210342159863, 2.567231060284393, 1.2709873152410127]]], [[[-0.9813771858950417, 2.828039295076774, -1.8172386619083973], [1.4366341845977324, 2.5876649121691644, 3.0203291267527375]], [[-2.6263397954701877, -2.1551698224715006, -1.1073027959187298], [1.868722070278377, -1.6984477808704437, -0.6260135495342536]]]]]}