{"noise_params": [0.0, 0.05, 0.1, 0.15000000000000002, 0.2, 0.25, 0.30000000000000004, 0.35000000000000003, 0.4, 0.45, 0.5, 0.55, 0.6000000000000001, 0.65, 0.7000000000000001, 0.75, 0.8, 0.8500000000000001, 0.9, 0.9500000000000001, 1.0, 0.2196699141100894], "max_scores": [2.8276830114994125, 2.6398626871813327, 2.4512358882081733, 2.262726655405846, 2.073621257567191, 1.8855749893107565, 1.6970466057854396, 1.5083781232195188, 1.3198913454266141, 1.1282607166760128, 0.7810150653320154, 0.5358308402411925, 0.5417340889601966, 0.36633256867827546, 0.1423679225801025, 0.0, 0.04849497435303837, 0.31421217630961024, 0.41328306046102825, 0.7494549917554362, 0.9427045100022462, 1.998439764937901], "opt_settings": [[[[[-3.4467055540125404, 1.6661128765005635, 2.0412359320627984]]], [[[-0.11294509710083553, -1.643338459256421, 0.9590793481456892], [0.6821487918410171, -1.2266591420268538, -2.7855494058388897]], [[-1.6640773582647383, 2.5115872877601593, -0.3336295292127245], [-2.2961963269379297, -0.3135862386524809, -3.0449462386790858]]]], [[[[-0.23466058930584327, -2.140927968075421, 0.6192108549932676]]], [[[-1.8319137953388072, 1.8523442872041986, 0.38212365657566494], [0.7360728100629517, 2.9837303783597435, 1.1580943274347977]], [[0.6237305528389976, 0.8530017498990307, 0.17195649778760908], [2.6548130455173995, 1.858117240388017, -0.29277570256436114]]]], [[[[-0.2226225972754871, 0.40456333159826774, 3.2364027127600608]]], [[[2.9100077118387024, -1.2764608222137495, -2.976068840375843], [0.8353744259368905, 2.5147423767196826, -2.1112961763962232]], [[0.09139827124909934, -1.4903780577782908, 2.3015408284380294], [0.6002289983153375, -0.18341058648773156, -0.3739258470826554]]]], [[[[-2.3311906487657934, -1.7075403025823874, -0.3601720710515364]]], [[[-1.9776124777724293, -2.134967414677796, 1.5078268055498345], [1.8069326665473728, 3.4753054816531224, -0.7208329933609381]], [[1.7719525275762649, 0.8566567192557459, 1.0690166426774939], [0.905288101651427, 1.025367854255179, 2.132124482795078]]]], [[[[-0.24841525527461603, 3.0169660263915814, 0.22565556518343965]]], [[[0.7867813087499452, -3.0289846719119393, -2.9174077751015934], [2.496257051123033, 2.146633338455679, -2.0645709366352003]], [[-0.38822712055290626, 0.1877987421731698, -1.1067744202765213], [0.3042251520149638, -0.30906985782333973, 1.380361817357632]]]], [[[[1.5014733303719572, -2.7401969464026386, -2.3063288170262606]]], [[[-0.8545862843162529, 2.2124587147051993, 2.5124835886881325], [-1.77531645826894, 1.8787313334634694, 0.36006999350542435]], [[1.353676407689934, -1.324688697500351, -2.446439903542222], [2.3904853442159046, -1.5526627572082041, -0.8978926662535849]]]], [[[[0.8391745160852464, 0.7557550935440595, -0.9749324018993724]]], [[[-2.396309434031903, -1.8493985326448956, -2.7852365647695687], [-3.6063848349787553, 1.708409199834578, 1.3357492221438783]], [[0.7903363397204016, -2.4545717843981025, 0.20275848029506846], [-2.898770401273244, -2.0019501533647177, 0.30641182430035974]]]], [[[[-2.562715938681597, 3.172399951529201, 0.07661267422301651]]], [[[0.06513903792852573, -1.4045364767760071, 1.01090704511265], [-3.1497267503993736, -0.6051966222164847, 1.4303225365610883]], [[-3.205984165567714, 2.5232056511354677, 3.0633223740283944], [2.6282444430616008, 1.3048563240003377, 0.40291655848787444]]]], [[[[1.609428933372519, -3.2108641615818536, -0.6636088785549884]]], [[[0.9492091956610121, -1.4825628463094795, 0.7301649863673343], [2.257206124085592, 1.188939944682997, 2.7515499757746626]], [[0.6859035291897432, -1.583656178812416, -1.2077291736010338], [-0.5102559744020659, 1.4858489545127775, 3.0218635751934375]]]], [[[[-0.5703497745484871, 3.318741840461678, 1.4452944695283692]]], [[[0.45227834807404615, -3.0884347199017324, -1.9574083780218625], [1.3396267685639378, 0.45180137870598547, -0.35055787354275125]], [[2.958262514922423, -1.2662295904076533, 2.7361376355261475], [-0.018338842015821692, 0.12018995799495648, -2.3609652630655926]]]], [[[[2.5944225468711175, 2.8273990472702133, -0.687001006091917]]], [[[-2.669070013248883, 2.6785436507998557, 0.16911212862123695], [-3.065430513420189, 2.896954732891363, -0.17374535777793287]], [[2.711180661903171, 0.36169400486439024, 3.1297343740460164], [0.6105275249341211, -0.2142461164698537, 2.6650617199878477]]]], [[[[2.0046789904450186, -0.38106671447337653, 1.0084738220346916]]], [[[-1.5732000034209213, 1.5531802714879195, 0.42643156369956836], [-0.4281492747122062, -3.069692691279682, 1.0707919923680542]], [[2.6209485679672038, 0.20879954117580987, -0.48863326610790336], [2.2063415042650396, -1.0765979382034279, 0.6159604608145894]]]], [[[[1.4735092101606826, 1.9212475577248482, 1.4638892576491274]]], [[[-1.2670048913344902, -1.0721917924267512, 0.5574415117501226], [-0.1312495463307098, 2.476594561089198, -1.1014416347184954]], [[-0.13548252652843773, 0.9145219017238719, -2.6866110577826507], [2.1263916298562795, -1.2710469788136443, -2.050507389829268]]]], [[[[2.636509248274594, 0.7838688588466522, -0.7340428369806311]]], [[[2.5887187163424046, -2.3720925911985855, 2.748614958474099], [-0.07860884851702686, -1.6630109127851118, -0.8504055770920913]], [[2.6569386730029576, -1.199002491666237, -0.5011162976342738], [2.7175420400113466, -2.65989260056046, 0.5612843912555618]]]], [[[[-2.9395548923056265, 1.252815294358266, -0.534012382947966]]], [[[-1.724985479023841, 2.0131324194932363, 2.3439196295331444], [1.2926630912063841, -1.237519350323964, 3.0572559175497034]], [[1.4957313824707175, -1.8773942302562951, 1.5148291944390913], [0.6416328746762242, -0.06312482388011734, -2.1207068106276297]]]], [[[[-0.9482637659380315, 1.2018359845535125, 0.4555278748468816]]], [[[2.2569639831594577, 2.4822276998790196, 2.3360816752359836], [1.2526109266273302, 2.985347438233842, 2.0106364334376066]], [[2.9591355644479718, -2.6038734321047565, -0.22420450380624857], [0.43356407841528055, -1.0575127398842197, -0.6691026230566575]]]], [[[[2.8828933595803434, -1.1903437293307018, 0.7527361634891171]]], [[[-1.2058548782427927, 2.3866271033607926, 2.987823512052665], [2.108191298631905, 2.3739360156127023, 0.21324367744889017]], [[-2.4502919288271805, -2.5307180363022277, -1.7606231539263923], [-0.03462880969474393, 0.1761843105252183, -0.9714635013388881]]]], [[[[-0.33209657199381354, -2.4364576840876064, 1.4377591608363232]]], [[[-2.8971473003027457, 0.28806472887354895, -0.25711636106489877], [-2.365142528240105, 1.7421449300398986, 2.783878614326577]], [[-3.1983431311424684, -2.246161008644121, 0.7608734866602265], [2.5733632318044823, -2.186079889948594, 0.24369599398578723]]]], [[[[0.8911501538783275, -1.8111062668037838, 2.779427612070227]]], [[[2.5162821103796293, -0.4494621536777857, 1.3950332816281996], [-2.211387310082294, 1.979471792798557, 2.8450102765316636]], [[-1.012783042653603, -0.34507364576285676, 1.229834971772692], [0.879459223140607, 3.0656376353368255, 2.8649899604816076]]]], [[[[-2.726635538329045, -1.7395037666546593, 1.4544171994166877]]], [[[-1.6637393279307897, -2.008279396466664, -0.2705829967103881], [-0.2867665716271457, -0.7231199901269947, 1.130745154727009]], [[-1.6289342728282652, -0.5699776336449337, -1.0216100832850246], [-1.5118289227107238, 2.139101566773483, -0.3260898834509618]]]], [[[[-3.0683966551245616, -2.270749361697784, -0.033567687437849915]]], [[[-0.23020197422668387, -2.423783310050106, 0.7252371040992189], [-0.3218982305772245, -1.1091528176664702, -1.377425847902343]], [[-0.30950588119574984, 0.8385707497605429, -2.434316305174024], [2.8605085004606035, -2.486490188669504, -0.7517775041032495]]]], [[[[0.7922531090395966, -2.1005901334530885, 0.41602134890357867]]], [[[-2.641309296775711, -1.2769572813040955, -1.871039548078177], [-0.8643145245727494, -0.7672273524433242, 0.35055191068503166]], [[-2.9505950784008474, 2.1035342339650107, -1.6627215808232585], [1.7658084891802315, -0.05921032143584987, 1.0709602125772273]]]]]}