{"noise_params": [0.0, 0.05, 0.1, 0.15000000000000002, 0.2, 0.25, 0.30000000000000004, 0.35000000000000003, 0.4, 0.45, 0.5, 0.55, 0.6000000000000001, 0.65, 0.7000000000000001, 0.75, 0.8, 0.8500000000000001, 0.9, 0.9500000000000001, 1.0, 0.2196699141100894, 0.75], "max_scores": [2.82842255120866, 2.6398121365974028, 2.4508667832470517, 2.2627403715983343, 2.07373616196598, 1.8855901271503037, 1.6969762079076167, 1.507609262099698, 1.3193479156132046, 1.1299558978553874, 0.936438354201532, 0.7373968634515241, 0.47481856005104955, 0.30790120696542, 0.15602277127202233, 0.0, 0.14932045715136769, 0.3497436567774441, 0.45061260226315225, 0.7389971851926483, 0.9339768958040686, 1.9997168314996265, 0.0], "opt_settings": [[[[[1.5095431668130503, -3.12141871559717, 0.9766305978745594]]], [[[-1.381139720050542, 2.6542984877451157, 1.2016052525879717], [2.0007417182450755, 2.1505420477016, -0.4841364319931714]], [[1.3855753226317173, -0.3718231239690219, -1.404474653886757], [-1.7162671283739976, -1.4014449338431143, 0.8412897060919788]]]], [[[[0.22807201005671202, -1.8588327177900166, 2.5187071530167904]]], [[[0.5575712620011356, -3.849431171689793, -2.1050446697236875], [2.6998859355570435, -0.12621070766647532, 2.3470259248264247]], [[-2.8286059177604392, -3.077599976894775, -2.030347051177959], [-0.22855497840237382, 1.561039830079473, 2.9078775224672313]]]], [[[[0.0767504442957202, -2.7987278078707027, 1.5985075792869012]]], [[[1.8821378069733588, -3.2009864295205173, 0.9067240203196265], [2.721978717925928, 2.3933221297719074, -0.41662586117659556]], [[0.4067406362854108, 0.6300241752301211, 0.292444502261068], [-1.768444306378495, 1.6524968976228502, -1.694423346406363]]]], [[[[-2.6516197162412567, -3.575651408123991, 0.7254594573780002]]], [[[2.928977356238826, 1.885092415174106, 2.83181747153827], [0.6972965254165849, 2.5789458565671923, -0.1614398049601831]], [[-0.0675608849551273, -0.22498405423517479, 1.4574592058396245], [-2.8970349237199335, 1.530122241290398, 2.275357861394749]]]], [[[[-1.2293583020424277, -1.4635311100169357, -0.801403980651269]]], [[[2.021106918165456, -3.349375731897794, 2.226808270767078], [-2.664092307234909, -0.9617027426853076, -2.1042129918475956]], [[1.1819495679204988, 0.42661220724859455, -0.22520099486501666], [-2.183003397583256, -2.080707364495692, -2.3929519282227125]]]], [[[[0.825180241129459, -1.829387582159354, -2.54247592716869]]], [[[2.8891072507858624, -3.268069934788482, 1.4297814435123772], [-0.30522904826572866, -3.5935336897160077, 0.7710335527771268]], [[-0.7340554528962789, 1.4766375907498182, 1.7993121488171315], [0.3877426471033213, -0.531835173268167, 0.22689067825740944]]]], [[[[2.84765811627008, 2.2244954860195683, -1.5470271558465283]]], [[[2.512482768628466, 0.3050633943589654, 2.426531697730759], [-0.7806373199958468, -1.7888293812317868, 1.1420692989186012]], [[2.248205553706951, 2.3315621786926504, 3.095430953794362], [-2.73255578896709, 1.9258977358060687, -0.43904803275957205]]]], [[[[-1.224569777200688, -2.130769170915794, -2.0279768557839875]]], [[[-1.0115633963017476, -1.9105626583505946, -0.500945913019307], [0.3219527942794518, 0.005882846430999809, -2.4482499676099225]], [[-1.5417110809393582, 0.5518767960279302, 0.5633671151434423], [-1.0937421735974997, 0.04057464339698987, -2.225479337003918]]]], [[[[-0.7005006490873075, 1.7063650538373192, 1.9740047732266155]]], [[[1.64480010335872, 0.9855401381123923, -0.23678577730233208], [1.4752489547312493, 1.6239889313453628, -2.9830847027098173]], [[-1.4599464725761193, -0.5253793338974668, -1.3972318950604765], [-1.9828826881207906, -2.415362305332115, 0.496677307499664]]]], [[[[-1.3716696200249154, 3.0349616421356225, 1.6045111021910188]]], [[[-3.307939597471522, 0.9495656285323217, 3.0990369099320123], [0.2998080386546896, 2.402887220793383, 1.1285260699065391]], [[-1.492740313777599, -1.4231123281744011, 2.533825642883146], [-2.236477575635121, 0.5350192481197862, 0.6829026398974545]]]], [[[[2.694434785922656, -0.7422198620519813, -3.4125409005953933]]], [[[2.003708353719497, 0.6743184401659579, 2.7168946884873577], [1.1683596231665985, -1.434617210188459, 0.7757686494913396]], [[1.991969799305692, -1.8157146879825947, 2.0130314319574483], [-0.7280719403461594, 2.252530040594192, 2.687588653915978]]]], [[[[-1.084391317100763, -1.9494889316940192, 1.83107280754293]]], [[[1.9024549708912233, 0.19975150442859652, -2.940736128112204], [-1.7018050758983514, -0.9023052151023108, 0.03369810291557363]], [[0.7614211266911401, 3.11278671453798, -0.15421913941717103], [-1.9371296313356026, 2.5100399818588683, -1.6658739234615008]]]], [[[[1.0325331191655378, 1.9513280842490024, 3.074563742316935]]], [[[-0.931977030084371, -2.9094217842814016, 1.1189572201551616], [1.3528978923430806, -0.6551475806003064, -2.7298825296898257]], [[3.119103625061284, -0.8983581068541844, 3.1285459649374276], [-2.15960314914005, -1.3679319875439506, 0.22422358101065903]]]], [[[[0.2859684935542092, 0.7304287508455336, -1.5722183032872272]]], [[[0.013209133397557892, 0.5621232418292695, -0.17159592474872243], [1.2744579891898633, -0.28101091370923403, -1.0426816815828368]], [[-0.301634485019612, 0.5177655339858728, -2.55192671054442], [-1.1935743377696424, 2.8802979308393892, 2.761465649238426]]]], [[[[0.6715743597897843, -2.7057286188707197, 1.9702170776728254]]], [[[0.11216946222392474, 0.8521186972270606, -0.5223659261939018], [-0.05625951046763503, 0.15532776908824636, 2.1934695154162744]], [[0.9568379006833642, -2.0234686828742334, -0.5321141933333835], [0.005280364089336291, -0.619657441484048, 0.9449385889977053]]]], [[[[-0.8260147118455983, 1.5464766940420391, -1.0458735963045656]]], [[[-2.6274897742319565, 1.0353539713358018, -2.250766566218215], [-2.3006549991227447, -0.6967951315780212, -1.9398030280972454]], [[0.7757065969857737, 1.4666050917666418, 1.2686561231376068], [-2.1054725787971744, -2.27267962928461, -3.0676739141779]]]], [[[[-0.6397381390689624, -0.7420553118300435, -1.4127306346036215]]], [[[-0.26208306922017166, 2.877159244250553, -0.29765437468617906], [1.189441872788103, 1.8737702756617236, -0.10033245414935887]], [[1.9457833984468749, -2.431485755859747, -1.4466523564236409], [-0.46571998632101314, -1.6470505967833802, 1.5332195498773924]]]], [[[[-1.9007482768674895, 0.7537461730416083, 2.7301460386571237]]], [[[2.3219412829234027, -1.6968465918343856, 0.5473285273174402], [-1.026262416642408, 1.6977165927664635, -1.3256363758370118]], [[-0.3960480312847995, -0.11392641068523923, 2.13126877932985], [2.130814194640381, 1.8031215463735313, 0.5153079345150937]]]], [[[[-0.33718215949946595, 0.5950183368544424, 2.44981095797355]]], [[[2.2116252753693373, -2.2953558232324864, -0.7598096200568256], [-0.8888323126519336, 2.6730624028698693, 2.1549729683246257]], [[1.5414462757482854, -2.680281158848261, 1.7810321527299005], [-1.0660254767567046, -2.9687581840696584, -2.049283141484918]]]], [[[[0.6731238769852906, 0.20766868594617183, -1.8318895714294212]]], [[[-0.6809822542227527, 2.040346712738344, -0.11486676895974134], [0.7132740433850479, 1.3378807891950268, -0.45591510142732844]], [[0.6678139227235724, -2.7184221725645394, 2.6144430682116946], [-0.302371174353539, 0.08183264228612093, 1.2991832704505653]]]], [[[[-0.91222677994657, -2.7622904226047997, -0.469683248453976]]], [[[-2.162853998042023, 1.0128697745095199, -0.09577823260901885], [-1.660139626333672, 0.9452697067111744, -2.4469814630674045]], [[1.4656754371079928, -0.6471588003273475, 2.0417696542330566], [3.1195946454710777, 0.8033527524834146, -2.334826367780141]]]], [[[[1.8998689126677597, 1.3971646793343526, 2.1128016283162347]]], [[[-2.194382360276238, -0.46112405622449537, -1.635609907241295], [2.6787112148559853, -2.8835609731263157, -2.9231710312839345]], [[-1.321847151653951, -1.098796282127052, -0.35320837006400607], [-1.7665946942181314, 1.2911532235676666, 2.4565344162774823]]]], [[[[1.0948482913063131, 2.7810525552277268, -2.413611779093403]]], [[[1.99501783039418, 