{"noise_params": [0.0, 0.05, 0.1, 0.15000000000000002, 0.2, 0.25, 0.30000000000000004, 0.35000000000000003, 0.4, 0.45, 0.5, 0.55, 0.6000000000000001, 0.65, 0.7000000000000001, 0.75, 0.8, 0.8500000000000001, 0.9, 0.9500000000000001, 1.0, 0.2196699141100894, 0.75], "max_scores": [2.828423569693813, 2.6395635114516187, 2.4512961410974667, 2.262724898200391, 2.072372754475735, 1.8855003138490578, 1.6970175227461044, 1.5084483739391048, 1.3175013723110152, 1.1310920242100158, 0.9410900987337222, 0.7532128374287465, 0.5448419430709481, 0.3035399999232329, 0.15118997744668292, 0.0, 0.13625645015341467, 0.3303120308408609, 0.5375022586222402, 0.730721788196821, 0.9405413393231223, 1.9999650942888776, 0.0], "opt_settings": [[[[[2.2076918243986077, 0.4904144924824126, 1.217826407632678]]], [[[2.0905707000234264, 1.5184711451714472, 0.554562603278042], [-0.3374567646600297, 3.8370014457427173, 1.9366539477637614]], [[0.4730773307360464, 1.503499733369392, -1.4077550880918004], [2.057763736432821, 0.6405074742920518, 0.6206651229003599]]]], [[[[-1.3131711236628247, 1.8763682086705376, -0.044097772951121016]]], [[[-2.749332293394311, 1.8954640323863015, -2.3830445900251567], [-1.6971496068812841, 0.0906815828816636, 0.29055814238757494]], [[2.8024899406129493, 0.3177064971184072, 0.7176841378704437], [3.179634144266918, 0.38339233490052405, -0.2387687021515404]]]], [[[[-1.689968039756493, 1.9162608845560587, 0.4480844070170798]]], [[[2.403065248702574, 0.9790129590251563, 1.9670554188209435], [2.5310766057281127, 2.6978278569559477, 0.12791200251785148]], [[-2.33563646740068, -0.38411401723526156, -2.521999289433806], [-1.556608642812431, -1.539887306678956, 1.8274628819994474]]]], [[[[3.783537518615836, -1.3214652428687177, -2.167342147694396]]], [[[-1.424422271973448, 1.5908386144905964, 2.7797466990979594], [0.5192926669648107, 0.022903646689064555, 1.5363440884304493]], [[2.6829819005660616, -2.4527005467409357, 2.644673669054895], [1.2611784479462638, 2.3729168987746965, -1.3357457211892643]]]], [[[[0.4688784014067974, -0.9450704441259612, 2.1927825969762034]]], [[[-1.0967955337821393, -1.4947662472491539, 3.040918344864684], [1.7916189964604896, -1.5708713280423963, 1.5615348864141634]], [[-1.592850435254284, -1.9310149114769048, -2.7095215008993985], [1.450580555101208, 1.9395868479653648, 0.6359091927137128]]]], [[[[1.1002976775483335, -1.7254496013118958, -1.0467098868407623]]], [[[0.6658037924386698, -2.584644647034781, 0.9540121681065186], [0.11222056434082708, 2.634674875637608, -2.0915336200721066]], [[2.141257352570909, -1.409666008633455, -0.4821633888669066], [0.24965229762312807, -2.7098589700223323, 0.07966394367753002]]]], [[[[-0.6750528978005516, 1.61469091876599, -0.664216985871561]]], [[[3.021968446471834, 1.0150330102072966, 0.6533524185806105], [1.501744959034073, 0.8302065893848758, -1.8907770805995785]], [[-0.057563432141697915, 1.6191112581929659, 0.39888624562686825], [-2.960373481838534, 0.20161960001486617, 2.639759628237603]]]], [[[[2.254801431256496, 0.06585091307024517, -1.793701273597752]]], [[[2.036896412614975, 0.8923526588333878, 1.6208170044113128], [-2.012542495045383, -1.954176472829445, 1.3697623549761504]], [[-1.9909179383391102, 1.5414455492966286, 1.8935287924592235], [2.317344821650568, 0.15483731621000382, 1.986988820959783]]]], [[[[1.606793250765757, 1.749737008255115, -1.705068144157664]]], [[[2.1302400491332993, 0.9451633728943597, -0.3770914150303897], [1.8312387628289757, -0.8459075699227245, 2.8781958343274994]], [[-1.5458728825542287, 2.354079741796072, 1.241599534423755], [-2.321743919527168, 2.876214971362092, -0.38291665141918996]]]], [[[[1.6866850787332544, 1.76295667640172, -2.3755758166986514]]], [[[-0.4265397067902556, 2.4998556874226745, 1.1042425346295026], [2.5844125406160545, -1.7029120573221497, -0.2986715713837699]], [[1.429208346572551, 0.3066089804956822, -1.430526813577317], [1.7905445963707176, 1.8400170141619292, -2.935080727574851]]]], [[[[-2.2168223180304074, -2.4037208956943537, -2.0569913816771628]]], [[[0.008549290810315469, 1.6407772808100793, -2.344269425742647], [0.6340434386453802, 1.879607254546105, -0.7295726290011095]], [[0.3225972134306655, -1.4943130942081404, -0.528207518692025], [3.063128632037083, -3.1609616663272595, 0.4478684324122768]]]], [[[[2.5989662742337756, -2.769353314272623, 2.656159785023186]]], [[[-2.025046816853851, -0.5954956993252131, 1.8730316010223262], [2.6615657349827755, 1.180164330147769, 0.6523402103860381]], [[1.9846211031478698, -2.114911147829517, 1.8255855226584323], [0.5995593272380353, -1.8768796073850378, -2.187933062987625]]]], [[[[-0.6782298393698912, 0.23405729819207483, 1.8603519852761068]]], [[[-2.3417598021170285, -1.7919566318405364, 3.1120142647995817], [0.8760077305588427, 1.792146487106112, -1.429679084315855]], [[3.0111593792119433, 0.1721150939492847, -1.6996336915319745], [2.1299351149928563, 2.219631022621507, 1.0931815264977125]]]], [[[[0.30977074904406077, 1.8048774371749265, 2.014903022807683]]], [[[-0.7184397602070964, -0.09743278505344019, 0.2629959184092159], [-0.3632131522547753, -1.6199858338322992, -0.16997422272157348]], [[1.196760282897021, -0.1975896007337588, -0.09703376076954395], [0.9802172337499494, -2.1344864571200928, -0.7481843389760279]]]], [[[[2.3718835116648984, 0.13775096904395354, -1.4964402302688826]]], [[[3.1350350577771815, -0.7437353596121724, -2.1291431608970877], [-1.9794658885463365, 0.24881707221363303, -1.8883456926612134]], [[1.8864947039433548, -1.6119232700230854, 0.5265407639994732], [-1.932839051388698, 2.9753718309791743, -0.04694814784396773]]]], [[[[1.5493400776078987, -2.3408690606584672, 0.5333205139128077]]], [[[-0.7178640207501434, 1.6355530325236476, -3.1203569864856067], [1.6816495871940305, 2.6339178466731266, -0.5518570739237472]], [[0.21666627153467743, -0.7005905069375609, 1.3627135668311867], [-0.3286148780474254, -1.1753831002687158, -0.3113963778789377]]]], [[[[0.31121855126960796, 2.1914265080224182, -1.9255472214673592]]], [[[1.5211624321703763, -2.1225817983843798, 1.256731877964298], [0.10144768823501893, -0.44386057392242484, -0.8376871336745051]], [[2.46732884667525, 0.3854018538214355, 0.3703647175478184], [-1.81233888408342, -1.3070987267216618, -1.5609665422304089]]]], [[[[-2.273270454262275, 0.17660702085201577, 0.7843187743596773]]], [[[-2.018825557200554, -1.3864020146928269, 1.3292580148433286], [1.7793362452726331, -1.0508150397925524, -2.497999962142723]], [[1.5168697641971398, 1.4960766088384954, 0.8383416824332559], [-3.0240653294092703, 1.4624419821094397, 2.9478170009345384]]]], [[[[0.9231752814545491, 1.0532293266215838, -2.7686772105063686]]], [[[2.11001530760959, -2.8991146456785954, 2.536306695914977], [-2.7217249014976472, -2.617760485471296, 0.9000424992580873]], [[-1.0327715505680302, 1.5155754808380186, -0.9355098337353978], [2.8454264238726243, -1.0937733846557467, 2.0281452299459417]]]], [[[[1.1136436301983248, -3.013632195210893, -3.260064250671696]]], [[[-2.686007164162424, 3.0357903030452955, 1.6627145788167663], [-0.33200037408958183, -0.6682429243325946, 2.5444042917867113]], [[-2.2253110820850464, 1.061443671255306, 0.6301091407378241], [0.4370758045200014, 2.8286649811672797, -0.954054072465361]]]], [[[[-2.201629753956695, -2.0235520499372943, 1.6465392466940167]]], [[[0.5602560501653571, -2.0748711889269025, -2.1310872037940465], [-0.9589262496918098, 0.3475896026391606, 0.022147172641681763]], [[-1.1037876216651266, -1.3378583599640321, 0.990395881315079], [-1.5636491839621565, 0.07888471128601013, 2.0485408735774273]]]], [[[[1.7131959022625378, 1.831977683884656, -1.752664950139983]]], [[[-3.5832158535793592, -1.2946165985031635, -2.49479536745926], [-0.8261139128066455, 2.517433563751485, 0.9506951646074775]], [[2.8905823169672553, -0.663931466570861, -2.2713801454344473], [-1.3346328125178748, 1.4742505884991917, -0.6067118707591468]]]], [[[[2.7552736077318833, -0.6730178071747681, 0.21886321831016842]]], [[[-1.892361071321313, 