{"noise_params": [0.0, 0.05, 0.1, 0.15000000000000002, 0.2, 0.25, 0.30000000000000004, 0.35000000000000003, 0.4, 0.45, 0.5, 0.55, 0.6000000000000001, 0.65, 0.7000000000000001, 0.75, 0.8, 0.8500000000000001, 0.9, 0.9500000000000001, 1.0, 0.2196699141100894, 0.75], "max_scores": [2.828404608813769, 2.6398191929602817, 2.450650822470789, 2.2606498743167935, 2.074145255027118, 1.885338148400173, 1.6970214818265994, 1.505598617247304, 1.3177725829857532, 1.0613474061933328, 0.9296017418904935, 0.7269152007029491, 0.5618612837892394, 0.3473533722790403, 0.09733962315304781, 0.0, 0.18240040860824172, 0.30567353042743933, 0.4647318465476019, 0.7509595957108268, 0.7534317202611232, 1.9999392074088251, 0.0], "opt_settings": [[[[[1.2129561005902811, 1.162705185241801, -1.5697424121652195]]], [[[-1.0131131228418555, -1.2238644606653388, 0.19794206181210194], [2.1523941190712885, -0.8466864090240721, -0.9417886861022611]], [[-0.9940343248323945, 0.9045605723178275, 2.6225824766837684], [-2.983643432138535, 2.615480558890493, 1.5944904028467182]]]], [[[[1.7485363156434504, 2.3890832315282218, 1.3567425604451115]]], [[[1.1433393618751466, -0.9573352438501874, -1.7678867987192204], [-0.18604145196770508, -2.588375667747258, 2.1793577816831684]], [[0.30179875924091537, 1.8165829705911085, -1.9586993274501667], [1.7951360257928164, 3.3549079867146525, -2.2959951398594516]]]], [[[[1.186120802986893, -3.7258766681596542, 0.4503777985704387]]], [[[1.8275301343801735, -3.0980980400775207, 1.1368025555641257], [0.27324031439391266, -2.1274798643990307, -1.9655930321793385]], [[-0.4874348677566982, 0.12162644964624328, 0.6480684319650267], [-0.18546352204757832, 4.024751241628262, -0.49478272387191025]]]], [[[[0.499673640946469, 3.644707667750984, -2.425261182511284]]], [[[1.67876924358763, -0.15270821807634058, 0.49912686557728847], [-2.782844885468574, 1.7196672803088888, 1.5602698519141036]], [[0.15950626441983323, -2.3457662273263242, -0.9442157402096121], [2.5016710968646056, 2.920576253995647, -2.490021569674712]]]], [[[[-1.0934041310375406, -0.2564314237453646, -2.830956160566591]]], [[[1.043950802330262, 1.07160730800744, -2.0586733266390773], [-1.8344568772538994, -3.2880119465552724, -2.2276471474609743]], [[2.0100165559417085, 2.684179342826576, -0.5306315349967896], [3.1792471459085108, 0.6600499214343749, -0.20389184331624358]]]], [[[[0.8884943303882712, 1.3647605122319626, 0.4896242929860179]]], [[[2.163001214045155, -2.2901842711147347, -1.8526800053034465], [-2.5094811613686088, -2.756427114939314, -2.8198976874547705]], [[2.3358802512244035, 2.200321894892916, 1.6834987950536018], [3.1353290713327118, -2.041300491158591, 2.8928478491140757]]]], [[[[-1.088350254312033, -1.5801196883881607, -0.5422384680021659]]], [[[-0.23358038061325084, -2.169373936555329, -0.9891742357593873], [0.918539001202928, -0.9703536684555754, 0.7588883648502499]], [[0.6381563719328822, -2.8032454572550476, 2.9255554425667176], [-2.5919466331338867, -1.0356695637525066, -2.049147014833255]]]], [[[[-2.1653180507585508, 2.583777383891068, 1.1616800553309663]]], [[[-0.6697566878165858, -1.7293830642637384, -1.1603956305604526], [-0.9576013924250296, 2.1301787153468896, 1.7893097009377685]], [[1.4017281985533314, 0.753315121371241, 2.3792543954238488], [-3.5159545019901723, 1.087862541483533, 0.7589117345267469]]]], [[[[-3.0917016301963427, 2.0515943747176753, 1.1806741371797433]]], [[[-2.3372076288418944, 0.02035549945803125, -2.080325961101349], [0.49194599595141514, 0.7221304021133712, -0.784361364621879]], [[2.388192588864495, 2.003615508950669, -1.6265486289572837], [2.365406129659042, -1.5650271183561308, -0.3652140033441795]]]], [[[[1.8113288980471938, 1.6603515066653902, -2.100198734296428]]], [[[2.1298682951855032, -1.3399458384753997, -1.6358957629060527], [2.180453056910351, -1.8206271702820305, 1.9405311576687279]], [[-1.7705306072593112, -0.14767291971509033, 1.3976328787092145], [2.031821348983358, 3.124172366955154, -2.981475792663676]]]], [[[[-1.671311539908281, 0.823573052033764, 0.5536340564264587]]], [[[0.4300435260538673, 0.4065136839752226, 1.090642194639381], [2.2439365473272237, 1.1009987423853385, 1.2316015544374252]], [[-0.3023982117281486, -0.9383503403591228, -1.1807281717841416], [1.854400009391248, -3.012313354311319, 0.45149209265302304]]]], [[[[0.3394110417880482, -0.3105372450612685, 2.6667513971400996]]], [[[1.128500595889994, -2.591990391414218, 1.4043725928496942], [-2.3453906517757486, -0.661645414399672, -2.839608308411954]], [[-0.12672050158434048, 2.6668123587369115, -0.6145321713316263], [1.726606537541263, -1.7193256895447373, -2.1379570553877496]]]], [[[[-0.2190136243489138, -1.2163311159146828, -2.260352277769947]]], [[[-0.4796193745582105, -1.1300292074487193, 1.042275674263312], [-2.578456187647986, 1.4031638924207779, -2.9610154934556454]], [[1.7752089727015437, -1.058622181965237, -0.43442080509891534], [-0.9500961533498696, -1.1157469220892984, 0.8847786748853137]]]], [[[[-1.4600264792533548, -1.9323504968664642, -1.5540261630736283]]], [[[1.9786440849835503, -0.4190254262874046, -0.5119108977479891], [2.3244458607788756, 2.269027477416246, 2.371085421966365]], [[-0.48878073051782117, 1.0290387407231085, 1.1795897037503638], [1.9107900499920925, -2.83135195239439, -2.7004424482594973]]]], [[[[0.07658574211519434, 1.4578359076352894, -2.888877557626593]]], [[[0.7232828233260793, -0.8005930723548105, 2.0592172511865856], [1.5379486194863643, 1.7570691732027717, -1.8139161522589502]], [[-0.9022033173522893, -0.4909712563636244, 2.7885543106719313], [0.6570205502031541, -2.336566827364457, -0.31150482614018804]]]], [[[[-2.393445913880367, 1.4996849416509814, -1.458843774873368]]], [[[-2.7868826251192242, -2.0562644072096106, -2.822719412873044], [1.4489531362726762, -0.8085945034720257, -1.574302272238741]], [[3.0202980769298966, 3.117009464223912, 0.0973428517213244], [1.230783122287166, 0.23731569358759863, -1.2994935430664403]]]], [[[[-1.6173194333331182, 0.12800291650970247, -1.2881550748547603]]], [[[2.514796374000925, -1.067826694671281, -2.73916387396433], [1.7681070418257332, 0.6679967732548635, 1.0306046987791007]], [[0.897524589310015, 2.5478135647214777, 0.5864543782419926], [-2.920621842045433, -1.2841392395823634, 1.2496011912217488]]]], [[[[-2.2204673124792635, -1.7497331885771357, -1.6139051239213245]]], [[[-1.0811641751911685, 1.587677107260591, 0.37824324905030826], [2.1500600438523554, 0.7777546168241946, -0.4734968004395692]], [[1.60712277922713, 2.6785828019191222, 2.468233839076219], [-1.1091856675110918, 0.5870803836249571, 2.352023405771214]]]], [[[[1.9952852814187938, 1.1021641277239511, 2.454891686174545]]], [[[-1.5103171863185545, -0.4409459349030431, 2.1819624974415888], [2.0388647820609003, 0.9406165002657854, 2.0353367494308605]], [[1.7780310323579165, 2.6475210500745834, -2.8327740593566233], [-1.2944527479541519, -2.6934110462923675, -0.9683235925725402]]]], [[[[-0.8160238803975773, 0.7668848110530392, -2.791672651286643]]], [[[-2.50854130004788, 1.0634710498056925, 2.920589187309351], [1.648338950115371, 2.1026470598776505, 0.6469004926176649]], [[1.6960780327250096, -0.6553469748973082, 1.1390265195687768], [-2.292990713256996, 1.6220296052249243, -3.042573131446936]]]], [[[[-2.788157410462546, 3.432934476621022, 0.11186754336967546]]], [[[-0.9887171442566165, 2.288174512003766, 0.9022557886488265], [-2.655882293654184, 0.6784356252162829, -1.923107101716611]], [[2.7745520613097154, -3.151620288282548, -0.7311819110794056], [-1.6888223032770648, -2.7230720415281273, 2.4442744662766973]]]], [[[[1.688077818425356, 1.6034347090976944, -0.17788856538698064]]], [[[-2.135685194083597, -1.7916801535167979, 2.596133542499671], [-0.30261263247441206, 1.068526010466283, -2.4448382641985695]], [[-1.2941293508164975, 2.8809459981665633, -0.32189710013011874], [-0.766456557828344, -1.1357380380532645, 2.6741439321239904]]]], [[[[-2.7957334234978193, -2.4952025851373207, 2.1314475650034934]]], [[[-2.4638109332251146, 