{"noise_params": [0.0, 0.05, 0.1, 0.15000000000000002, 0.2, 0.25, 0.30000000000000004, 0.35000000000000003, 0.4, 0.45, 0.5, 0.55, 0.6000000000000001, 0.65, 0.7000000000000001, 0.75, 0.8, 0.8500000000000001, 0.9, 0.9500000000000001, 1.0, 0.2196699141100894, 0.75], "max_scores": [2.8284270837780063, 2.6391120453083663, 2.451302876861735, 2.2627389147035295, 2.0736791773631253, 1.8856159135370707, 1.6969982599519082, 1.4994446970710777, 1.3191286038557288, 1.1306876973446802, 0.903247645898875, 0.7342393880287719, 0.563802090721783, 0.36438526323830606, 0.1828747666487819, -2.7755575615628914e-17, 0.18055804074208806, 0.31216054993261855, 0.44263650323954723, 0.7421469653374512, 0.9110657193051297, 1.9998459770566959, 0.0], "opt_settings": [[[[[-2.6078170653074775, 3.105227079136741, 0.6378182268396226]]], [[[-2.380975643074317, 0.20340586696090007, 1.827939024445402], [0.8642235035481135, 1.8084174326532534, -1.093347608069644]], [[0.8702213448380098, 1.8742314295940936, 0.8720655689485959], [-2.128471064124346, 2.215694510916539, -2.0709619844668925]]]], [[[[1.545662506552712, 0.040113224885333164, -1.4869322947123507]]], [[[0.41586159854583676, 2.7405071467299735, -2.4521826500957142], [1.084028176930335, 0.1307005406854455, -1.8344612077606521]], [[1.8988823650948246, -2.464522105968981, 0.9011318448859846], [-0.09050196522162607, 2.8335395904037375, -1.6629407754007652]]]], [[[[-1.083950093509292, 3.012151020336224, -2.705350410985684]]], [[[0.7544506278181434, -1.7836924722125493, 1.059306417625801], [2.3063730508424967, -0.8181511959247653, -0.17969615523451526]], [[-0.3204706008529039, 1.7634697145025506, -0.70876257153654], [-1.4301209140779103, 1.0762202081982697, 2.2949647388072023]]]], [[[[1.1086264658806821, 2.382156111511083, 0.5315300191242255]]], [[[0.6449962665311031, -2.5360133507045743, -0.11859647214021156], [2.078486830837463, -1.3097112911253321, 2.6466202022481804]], [[1.148215987195662, 1.4665795630862057, -0.13994273171507962], [-2.0683962456670315, -0.11490968436104113, -0.3267382421854142]]]], [[[[-3.0419342258906656, -2.2251022644445744, -2.398815123655232]]], [[[3.181063808794765, -3.0464713514942328, 0.7240453861603573], [-0.17700394425904709, 1.6986994785312368, 3.1173302895340633]], [[-2.993575711175348, 1.0647996840906169, -3.0273194951013225], [-3.290400707486154, 0.8398320148436766, -1.6039108827461996]]]], [[[[-2.730411649560712, 0.6741996198241917, 2.139220074175426]]], [[[0.33538150326027144, -1.458931871426759, 0.9820076929750519], [1.9963710486323087, -2.0334026330824106, 0.684186692087541]], [[-0.6496228273366508, -2.5101009324462353, -0.747190500497831], [-2.3545937713381835, 1.3949253994978916, -2.427464949400724]]]], [[[[2.296643978698122, 3.1575904775897126, -2.7814627706551214]]], [[[0.8518320200217482, 1.5292572663348143, -1.3845550293961428], [0.07862173592135864, -1.6022119191222124, 0.9225943353684709]], [[-0.3748618364120411, 1.8881536799440573, 1.3347032349801298], [1.7844171407232783, -1.8771149978229404, 2.699194661434282]]]], [[[[0.5588878204414889, -0.11107106382682011, 1.3563220214334852]]], [[[1.877617169733099, -2.7691503330404874, -2.6248885669957627], [2.7976506262205194, 1.2073565721191852, 2.1297225551319485]], [[1.3625681355376855, 1.2295575931753797, 2.5245965440482188], [1.7852805179411602, -2.0624256321596928, 0.08601436429763032]]]], [[[[-1.7105680912004138, 0.4234953062308018, 1.9849095245638042]]], [[[1.6042357610279154, 0.860583303411699, 0.9760571924435224], [-2.147809909998285, -2.477520252075724, -0.9525230593965777]], [[1.541255622942658, -2.136658973436172, -2.7500456055010445], [0.08609788199082609, -0.2731060974564998, 1.883929472950725]]]], [[[[0.5618294125577157, -1.926577942442995, 2.3357586551810434]]], [[[2.548899188845246, 0.09361731522913734, -0.14697430966657923], [1.1775293138420475, 1.450779256568085, 0.5485906583385578]], [[-2.0851701613038065, -2.9127308540757606, -0.7407370885620108], [0.39117338477039715, -1.7844650214242053, -0.30691937223398735]]]], [[[[2.082038485269295, 0.9592091205663368, -0.9047127344974653]]], [[[-2.0726259442437387, -0.46720603965602947, -1.7819950626598873], [0.7270951051887683, -0.14468100891742375, 1.9028323218718262]], [[0.4181953025578635, -1.5410344642158318, 0.16797969173199911], [0.3008130369069571, 1.7225592211435705, 1.2100180318843599]]]], [[[[1.4475019716342676, 3.071778695959722, -0.5297713701196977]]], [[[-2.846834902996291, -3.0477113450292466, 2.4741157128267623], [0.7634060882829655, -2.22388814401247, -0.8260638292083522]], [[-0.6211330688229149, -0.010220223288531085, -2.456127615537429], [-0.10949325367600043, -0.34789501301753656, -1.4897539308251102]]]], [[[[1.0473440557461005, -1.4047558651597778, 2.6155926855907534]]], [[[-0.5274267272998102, 1.6284073294486099, 2.846148196191953], [-1.7523550072675511, 0.7744660568320172, -0.8957679266313483]], [[-2.187010376317941, 1.2022845281017156, 0.14421949615178908], [2.4948686979307144, 2.453886510830718, 2.060915846138805]]]], [[[[-1.2079276705550626, 2.775520674057951, -2.102355363303419]]], [[[1.6396201411490803, -2.671053594984908, 1.0724048970174387], [0.9332500531390232, 2.407444766689561, 2.0661586209271245]], [[0.3026054764743318, 0.030069008535672848, -1.1988501686266102], [1.0863300921898784, 2.15871663796307, 0.19933531128195892]]]], [[[[3.002118083038107, -3.2451509222392847, -0.3633504004070434]]], [[[1.9683552381418492, 0.6782365576875082, 2.8924368856922484], [-0.9950718836000514, 0.647422622951864, 2.5692747248351573]], [[-2.978376021617606, 2.2708837560345705, -2.7070578334220166], [-1.4837585968479283, -1.1959967548100054, -0.33977043103141025]]]], [[[[-2.3012440632799853, 0.2783211490215671, -0.08386793660067848]]], [[[1.689777784114181, -2.6876614179307228, -1.2150180554691379], [-0.394720397698602, -2.3357931312818536, 2.21887991831278]], [[-2.3881543581430593, -2.6631311038490764, 2.2082117136816253], [2.6253804799124696, -1.0381854063118539, -1.5929361219236344]]]], [[[[-1.7321311716710837, -2.3142957558902517, 2.9040660551733386]]], [[[-1.791532501715912, -1.3529033692489378, -1.9468646937667982], [1.2319084694931755, -0.30935564402524907, -1.8237922582068904]], [[1.8143217486038874, 0.07567299090068222, -1.4395351889620343], [2.5363930425697685, -1.7333784894315998, -0.6339753105209476]]]], [[[[1.884287084450185, 2.0209414783222064, 2.20526438780611]]], [[[0.6053896942760453, 1.0938960610328952, 0.5788838255184383], [0.6878184601081553, 0.16908892715157195, 3.124597523056652]], [[1.3827282916164239, -2.4464250834883656, 0.848677341572369], [1.2374657102550337, 2.9974245812497062, -0.42157238966883837]]]], [[[[0.3406665233316071, -1.1609825487907228, -0.1935641916223785]]], [[[-0.12097700811055098, -2.1148421179440446, -1.3701469279816911], [2.2266985179844307, -0.4040278197474931, 1.7796450495229141]], [[1.8420290046299432, 0.2987888969596211, -0.8528549835667758], [-2.832386505848261, -0.07300930158567821, 2.3453306490417374]]]], [[[[0.40719837586471513, -3.065865295161255, 2.930512016485317]]], [[[3.0818864296989634, -2.788620690080854, -3.101158197822974], [1.6936204180782066, 2.5434638450161313, 1.8739662648336237]], [[0.8562170255000185, -2.5474111478013963, 1.0514169560658937], [-1.3276497370604967, -1.1468161923520694, -0.9334479017398718]]]], [[[[-2.981907415326441, -1.0320116152740126, -2.6948373624279993]]], [[[-0.5126863897516291, -1.2913859880320955, 2.06142103554449], [2.3321612374569076, -3.089699979115061, -0.6752539762602527]], [[2.0813018329830797, -2.856994254404472, -1.076166281075014], [1.0130259882663095, 2.5074533854970666, -0.45196580105604856]]]], [[[[-1.5693742951958745, -1.8602995530485629, -1.622352333114539]]], [[[-1.8228935365540575, -0.8733682216387497, -2.674343860047113], [-2.7308208119231088, 0.06030655342341324, -1.1518258234306498]], [[1.4775547769265196, -1.4954098675035266, 1.4878261009538116], [-0.6134455863086197, -0.32046934997207865, 2.366093293345296]]]], [[[[2.773891976637647, 1.5097116191726085, 