{"noise_params": [0.0, 0.05, 0.1, 0.15000000000000002, 0.2, 0.25, 0.30000000000000004, 0.35000000000000003, 0.4, 0.45, 0.5, 0.55, 0.6000000000000001, 0.65, 0.7000000000000001, 0.75, 0.8, 0.8500000000000001, 0.9, 0.9500000000000001, 1.0, 0.2196699141100894], "max_scores": [2.8284270354020538, 2.6398350513288436, 2.451303397799567, 2.262728406438069, 2.0737331431785186, 1.875647400342583, 1.6970153807895383, 1.5080595950078342, 1.286699027947611, 1.1140856243643893, 0.9318015914271818, 0.7540054428961916, 0.5094423133950898, 0.2829926048573297, 0.17556458559140314, -1.1102230246251565e-16, 0.18431263245400395, 0.372485546995287, 0.5600978275380177, 0.7386954617774926, 0.942315092394026, 1.9986777242479579], "opt_settings": [[[[[-1.5478114201107604, 0.28025657539261006, -0.6583062761588196]]], [[[2.2210090186368574, 1.9531626009365604, 2.594969728864074], [0.5352076490669516, 2.0727359001978156, -1.9698715130865858]], [[0.7082285181459683, 2.4075604237978188, -1.2140890616257516], [-0.7294465863273184, 1.2787084959942423, 2.7576457084520545]]]], [[[[-0.11945122410753016, 2.487560739988159, 1.1811535877859074]]], [[[0.6047633452847887, -1.9639357596586349, -0.7097354740336166], [2.7899158250504756, 3.0466089366506903, 1.5028771981004718]], [[-0.2579789632407133, -0.677105459708524, -1.3126073926558268], [1.295061689201041, 2.451146994338836, -2.004241341117052]]]], [[[[1.259819161532043, 0.2577046734049481, -0.382128896103662]]], [[[-1.063610454878583, 2.8978575697310816, -1.5342660281805391], [1.8317143388401809, 1.8247774045178569, -0.34081109134715204]], [[3.1063693017761973, 2.6343854492972167, -0.8205629012506583], [0.57584662991945, 2.15684279168922, 2.9565839629601793]]]], [[[[0.11925306212945251, 2.71866852623087, 0.798789244739956]]], [[[0.4927678572257246, 2.5797541037140053, -0.8281235390973096], [2.4874188541286797, 2.52805966947652, 2.3648725778644195]], [[0.6054329780265227, -0.30236574918581655, -1.127129072777993], [-2.453873787321254, 1.7350145060730544, 0.7883879481716662]]]], [[[[2.931990004866833, 3.0270560056433924, -0.6330487390212445]]], [[[2.671164874030862, 2.9840259576758554, -1.4014748077153631], [-1.9264368105564607, -2.9134089769484173, 0.0037594487239744597]], [[-0.9382334258240396, -0.025447098952646775, 0.29064715959510456], [-1.0188034325334483, 1.324302239830341, 0.4763273789223259]]]], [[[[1.2072595683255694, -3.2618109405448132, 0.22461843441367138]]], [[[1.9546336462251084, 0.6923721661845126, 1.549405053200882], [0.5417275286218939, -2.8637965298916077, 0.7059223488583193]], [[-1.9015911912437964, 1.6809160056545445, 1.2833688083438677], [-1.7988921284648536, 2.765241733677602, 0.6709219651655243]]]], [[[[1.5261107247053698, -2.474143671944526, 0.9811796589760924]]], [[[1.9757802705911012, -1.3422063892308214, 1.7136571257257298], [-0.4483760587834821, 2.5899813433622336, -0.37925032406189185]], [[1.878482401119803, 0.5722452634614204, -0.33860901567662527], [1.114692307566076, 1.8433844827679968, -3.0299394423891983]]]], [[[[-2.4498800305473214, 2.5425196723851062, -1.54613504675774]]], [[[0.2790482951642227, 1.4009756815238397, 2.5121755340908942], [-3.237324790588719, 1.64702345748848, -1.662993041034778]], [[-2.683757541831683, -2.6844038294242414, 0.6451876509013883], [-2.246774529983096, 1.6813940734148214, -1.221389225120856]]]], [[[[3.0776045092951256, -0.5596814875482725, 3.0718637866650966]]], [[[1.1166704292794112, -3.000877132451358, -2.1738043575681494], [-3.12554979721518, 0.5853668300875811, 1.0404492638467815]], [[-2.543594146111093, 0.07714808774726806, 2.285033616983471], [2.0758453172655247, 3.020872194846009, 0.3727801076754864]]]], [[[[3.355749250911227, -0.1832284958270492, -1.330011012348727]]], [[[-2.247744452924623, -2.2581245784858304, 3.121673547959121], [1.5355253661783452, -2.871049583741686, 0.5740596858604565]], [[-1.3586079147950978, -2.667980593493935, -2.8284610700873687], [0.26438196100608385, -0.8261699855961038, 2.9190590762343263]]]], [[[[0.2762550137905691, 0.4950354142928665, 2.890430364454939]]], [[[1.126815169818372, 0.19460061880440627, 1.1262538806957965], [-3.019605645254725, -1.2144705343570525, -1.3280326568012149]], [[-3.0534613166549422, -0.18042951488307274, 0.4704801034056465], [0.6506667384747935, 0.19129851653407107, -1.3013673439544238]]]], [[[[-0.8860678003417523, -1.4280647417427512, -2.8085824033020366]]], [[[0.31944820517919204, -2.595066984936412, 2.848862320688669], [0.8684726345966766, 1.6767262926432531, -2.5495438444022307]], [[1.4129607762191447, 2.271553826067001, -2.2580343445855298], [2.906568579525289, -1.5642989318410847, 2.045339868998888]]]], [[[[0.6842162231927376, -1.0161585837990463, 1.411896498034647]]], [[[-1.1389318966465483, -2.7818434432857844, 0.6143937346919293], [-1.4269054020701282, 0.7926865159200165, -0.8034516893398185]], [[-2.699963726996618, -0.40608349622275963, 2.6528243667505276], [3.017393895628634, -2.76587701229286, -0.9949655713570351]]]], [[[[2.1488742542091015, -0.9010631962052769, 1.2018744665970398]]], [[[2.9425833649385957, -0.6318853709297811, 0.18625147016476173], [-0.07329537149374518, 2.6205265321640945, 2.4165215026277824]], [[3.1679334500426166, -2.6332720330146957, -0.42883234616042687], [-0.08610786547735994, -1.0838846569466045, -0.3828522484119792]]]], [[[[-3.1382197392260425, 2.514300453326477, 0.23911324192353756]]], [[[2.0434100099059456, -1.7662852328913312, -2.3288688958009898], [2.429617710800742, -2.288848485479783, -1.3040121411080223]], [[-0.5115287087601851, 1.968723497547923, 0.7401448292469182], [0.9248947574287489, -2.961079285070644, -2.752384025393156]]]], [[[[1.8647460887722653, -1.283061168374383, -2.270988997935439]]], [[[1.4289476176060747, 0.4116039488698564, -0.6926319270837387], [-2.637042667178881, 2.1979114391089096, 0.5410502510670505]], [[-0.6795569749230905, 2.1368565929491163, 1.362132402285047], [1.89775656734058, -1.8156457068812168, -2.2538377443763475]]]], [[[[1.055083514933981, 3.119386582699196, 2.6186299007620835]]], [[[0.8056987928091871, 1.0581740442871026, -1.5293380737820823], [-1.2551342234619696, -1.9328893471378088, 0.2534260986418486]], [[2.8589233602178443, 1.586118319265462, -1.5783502735294432], [0.5174754616373207, 0.4950913085493378, 1.3119444070023283]]]], [[[[-0.8588101542681534, 1.3652044253568218, -1.8721842570919875]]], [[[2.0501626354172977, -1.5422736840415836, -2.738087299756126], [2.4929893888142303, -0.11587207446310326, -0.23907881390209298]], [[-2.5008364955517353, 2.519272417181661, -2.1300890973411413], [-1.1255142348643354, -2.072601371892896, 1.6908899864220706]]]], [[[[-0.9404089080189333, -2.7004262677303044, 1.1260173799354856]]], [[[-1.1609057138992385, -0.9462878968492033, 0.820567012213234], [-2.1572916705217806, -1.6072906945062697, 1.393012232793991]], [[0.09724896522705548, -0.7900183245936422, 2.276937288849319], [1.1254495107519737, -1.6034792094002817, -1.6985368451077374]]]], [[[[-2.0663456010850796, -0.2387155744838682, 1.4812174542781644]]], [[[2.0233210990616373, 2.777644973144195, -2.577399223113928], [-0.7026777427148404, 2.542232321629844, -1.9232044157656445]], [[2.1075858352306063, -0.2610023214200199, -2.3736844830567043], [-1.6176133647372881, -2.585967645535405, 1.5110387666151759]]]], [[[[1.4323275366961101, -1.7187666533560428, -2.3987844355002936]]], [[[2.7919514676005144, 2.9596589735049292, 0.9146376062389878], [2.504142071628933, 2.4899097590849917, -0.4685191309525849]], [[0.8584198583126893, -0.9426831759625687, 2.5560668459048683], [-1.577199957132674, -0.921198665284324, -0.9172460949921923]]]], [[[[2.291974752672268, -1.740577490102372, -1.0531318200355742]]], [[[-0.5564630788146306, 0.9968235516366433, -2.692542071950684], [0.9028907919663891, 1.607938063350675, 2.4060181889380896]], [[-0.9792673846356932, 0.2850699569077075, -2.6001945067070644], [0.6236531573830895, -3.0069529310998133, 1.8850143306531022]]]]]}