{"noise_params": [0.0, 0.05, 0.1, 0.15000000000000002, 0.2, 0.25, 0.30000000000000004, 0.35000000000000003, 0.4, 0.45, 0.5, 0.55, 0.6000000000000001, 0.65, 0.7000000000000001, 0.75, 0.8, 0.8500000000000001, 0.9, 0.9500000000000001, 1.0], "max_scores": [0.24984223621279789, 0.15983544365327695, 0.07325764433909177, -0.010422647913538752, -0.08451883436104612, -0.1669812266581263, -0.2605260827951609, -0.3698626187594616, -0.42430947731107027, -0.6033444655689522, -0.6001035624942754, -0.7350789065073193, -0.8086203894321429, -0.8742761931859997, -0.9513238235215575, -1.0000000000000004, -1.019462590446901, -0.8727866072917863, -0.7748717020657974, -0.683217189344194, -0.6319159109483159], "opt_settings": [[[[[2.0966782681138865, 1.0903407434739394, -0.5815539022907034]]], [[[-2.9158176832589318, 0.4332233511314297, -2.2239532773070194], [0.744410792514615, -1.1408743770684122, 0.6818416149811242], [0.23736121401651689, -2.1344354994034176, -0.5513704220419875]], [[-0.11440568459291175, 0.02213227798600236, -1.7261284490840072], [-2.4051148914813383, 0.49928095775599185, -1.4678879544290144], [0.2658097501187214, -2.5409781959180737, 0.6999201657526948]]]], [[[[0.5504691869652691, 0.26297268295077225, -0.6079816027805794]]], [[[-3.421489914111066, 1.0854529151060752, 1.4576947495236423], [-0.618386402984273, 1.7014530387664653, -2.159000360376943], [-0.9278935667139919, -1.3278057617240413, 1.95140257496021]], [[-2.2031597820503332, 1.1216324693076867, -0.876023248986606], [-2.8319412542352147, 0.7942166224893568, -0.023611519017879154], [0.12751680447554645, -0.9525102818136262, 1.4716129254798762]]]], [[[[3.270206161915641, 0.5475140428694784, -0.8955499241265308]]], [[[0.04305683645968484, -3.277046744213365, -2.326579225389269], [1.6656698510099661, 2.2416524555643638, -0.10139990275267195], [2.2923320345364573, 2.166768291766149, 3.0424234611262495]], [[3.505150795106986, -2.705774856608011, 3.0306621311946724], [-0.8680440995387719, -3.086471121125569, -3.088567891676744], [-0.6199444448046458, -3.619791354110122, 0.48513343851323265]]]], [[[[1.5527757959561495, -1.4130416097558762, -3.148490551006153]]], [[[-1.0426834540952992, 1.8822911314246766, -0.9119447988334536], [-3.1751303055305584, -2.287190709395787, 0.5772535959959884], [0.40855489662306166, -3.1647450627988314, -0.3998182053903241]], [[0.566449959820697, 3.6884177065915815, 0.07724180574232875], [0.9714308843324377, -2.2895819851749253, -3.016645998385606], [-0.45929492317819154, -0.8026319929610174, -2.59306067724856]]]], [[[[-1.3194479003825474, -3.5043158533468426, -1.7400688198883874]]], [[[1.6355780651178806, -3.005779609499946, -0.7332796766443317], [0.9959811589159816, -1.9142394820100754, 1.7225599938734169], [-2.3511980153599996, 3.5932834234601363, 2.37609946146231]], [[0.21643482380712895, -0.2277529120957998, -1.0700548577237692], [3.1925414635617453, -1.3285592660089394, 2.3138287698733775], [1.9459508192547965, -1.1663524810849786, 2.6867693779196626]]]], [[[[1.0578581186978513, 2.901803072171615, 0.35954265802185725]]], [[[-0.34777422567487964, -1.1302485578835682, 1.5091994139444447], [-0.27529181136843894, -2.2178403536887346, -0.33698605722471836], [2.4817521304539394, -2.714882418446928, -1.1764146060203484]], [[-1.3330430985137987, 0.6251295482251322, 1.4899279775920222], [-0.9515485381247235, 1.5995521486183808, -0.05107544505508032], [-1.4308414664610056, 3.0025950178464806, -0.9728958522381053]]]], [[[[-2.542918062818326, -1.2707853270060205, -2.6539417763785575]]], [[[-0.11004404179627436, -0.4784399140940337, -2.69915287325555], [-2.940757392379499, 0.11421271698013016, 3.0952338336924567], [1.9663875352006916, -0.30685340133163824, 2.462799306850256]], [[-0.29902804204194317, 1.2013451877260946, 2.8704132637447604], [-1.3333271439579872, 0.5701822071057099, 3.002112800198568], [-1.6321993274756632, -0.05422979900275281, 0.9771901569458148]]]], [[[[-0.11189342739160808, -0.23758570318591987, -1.1979804483962628]]], [[[-0.31911894213839187, 2.731797185535507, 0.03743877860326652], [1.5193840479205343, -2.24514070621816, 1.731340203690011], [1.1974593656207795, 0.8863943503079489, 1.9599370067400823]], [[1.2459904347570487, -2.794540744278047, 1.4569597800955476], [-1.0612848803915513, -2.7403306765609794, -2.1036860000569693], [0.20239554142300342, 1.8634654370829153, 0.9365975454220594]]]], [[[[0.7175771360916824, -0.5600167131637406, 1.863542971419459]]], [[[0.18635053065968746, 0.21281684779391385, -0.4694245897439045], [-1.3218288605276594, 2.058781751797361, -0.036561477612308664], [1.5425148022805066, 1.9390832759191308, -1.8779362603500043]], [[-0.33197528795815645, -1.5832198570815494, 0.1027338152494605], [-1.541982036004712, 0.7036685109697187, -1.3504992987500966], [2.253740548535043, 1.2228008517758884, -2.481921159199664]]]], [[[[1.4844026535205979, -2.4402303467124775, -1.9314889723867037]]], [[[1.1895027373486413, 2.6088201886911193, 0.45501161928394085], [2.9591457942193133, 0.8800475562107795, 3.0512810810990976], [-0.4831968878460089, 1.6501433925834161, -2.799700109993835]], [[2.3025827445000964, -1.6209180093746347, 1.4609430866907287], [-0.9592052963529538, -0.5661443479756509, -1.8033706022076998], [-0.5767250546058066, -0.2570355481093463, -1.8928029393199302]]]], [[[[1.8043980095493546, 1.985440556193366, -2.2578781846741034]]], [[[0.8667769953680265, 1.120003521166279, -0.06496955399393964], [1.1489353416935584, 0.9340673714941372, -0.21062941419319792], [-1.2663034441549932, -1.3286964362146736, -2.8615635856406616]], [[-0.18438744997512374, 2.2508760086731856, 1.498359657023145], [1.5998037520207478, -1.520127688127332, 2.9429105098305586], [0.20391710197269053, 2.8754940009490375, -2.315312707067259]]]], [[[[2.6242720010778213, -1.8182984188394788, -1.341320441937616]]], [[[-2.0671253275416284, -0.8006403996532048, 2.3318181591373524], [1.176087158321566, -2.3502595595782645, -1.5900284808175416], [2.092099979214642, 0.14018500629464684, -1.6877066493013748]], [[0.8748335625252587, -2.8120316565827657, 2.7393165560978003], [-0.9387225273808515, 0.856518058909993, -1.4510398922526577], [-2.940938600810073, -1.4183740816602033, 1.0073262460308623]]]], [[[[2.758957710331954, -2.865246339546509, 0.6239970991946927]]], [[[1.1174365088650016, 0.9652070141135691, -0.21683341812966095], [1.7373175157730079, -0.4418649991001102, -0.956875965793273], [-2.1798828187184225, -3.031045295339378, -2.0300111461349983]], [[-2.5614768954082203, -0.3935465518645064, -3.054145881457267], [0.5514904047969053, -1.775659599613618, 0.2015633126856473], [1.9768442174779204, 1.136448833403466, -1.0743982076515368]]]], [[[[-0.6868323572274793, 0.9851492358898283, -0.3428818104953716]]], [[[1.4692312097526155, 2.207085301272481, 1.4029014954273809], [-0.9786916464712052, 0.3252956298980902, -2.73879933568074], [0.690842689723543, -0.6131681366621587, 0.9403694617810583]], [[2.443140346875253, -0.7161703326412706, 1.2608274910506925], [1.8435144574932762, 1.891133799303585, 1.0165430840880676], [2.3265296253648247, -1.3971622639344643, -1.3794411485455598]]]], [[[[-0.3971157627953341, -1.3880050528473262, -2.5977690450812876]]], [[[0.21774243793668674, -0.1821271304089461, 2.2568279425486075], [-2.200161732661239, 1.080827240668968, -1.0239138842013236], [0.7953326930008519, -0.4244512141625346, -2.1601889779408827]], [[2.9405892091552337, 0.1740879867519982, 0.4134082905227632], [1.6472899498359652, 0.4690435352695957, -0.29265950761288106], [-0.4533666769356428, 2.1073079454070376, 2.6939601423900807]]]], [[[[-0.47694508359315435, -0.6637506226023149, -3.0803622930451584]]], [[[-2.5073997237103973, -0.5668826446236181, -2.4460700112644727], [-2.818948681123461, -1.7085582619613304, -2.3724537331549618], [-0.908093004597406, 0.6727563291073815, 0.7927708848342991]], [[2.3321616249044856, 1.247099868474888, 0.15012419987784487], [-2.497472642000876, -2.904959544661312, -1.5192942425698888], [-0.7158947184993014, 0.8619166600130947, 2.312540365511274]]]], 