{"noise_params": [0.0, 0.05, 0.1, 0.15000000000000002, 0.2, 0.25, 0.30000000000000004, 0.35000000000000003, 0.4, 0.45, 0.5, 0.55, 0.6000000000000001, 0.65, 0.7000000000000001, 0.75, 0.8, 0.8500000000000001, 0.9, 0.9500000000000001, 1.0], "max_scores": [0.24845253823782937, 0.15246000230144485, 0.08076529189316872, -0.005183099901145072, -0.09445082960326534, -0.1698016739960233, NaN, -0.3371534140055501, -0.41852404106812013, NaN, -0.5873762312967082, -0.6673111222758823, -0.751215015254661, -0.833916396440977, -0.9170316084899262, -1.0, -0.9169226404663728, -0.8337004477178611, -0.751634510149332, -0.6678564075273301, -0.5851753443076055], "opt_settings": [[[[[0.732092442810261, 0.11360165251438609, 0.09038219661342414]]], [[[2.243909784906259, 0.5158161357891962, -0.5011830749644314], [3.1343964310411825, 4.09888008748448, -2.077148600758655], [0.3198822689400535, 1.2960056944489806, 1.221584886865026]], [[-1.633107847244971, 1.356133649218264, 2.7856251770630607], [0.4617267418712385, -2.151206080283017, 0.25152123808192617], [-2.6905535844030473, 0.4144634862162628, 0.6818002858083552]]]], [[[[-0.8997279559554192, -0.5238123179185447, 0.9655990380265529]]], [[[4.356677184627583, -1.8690754932825848, -0.3145143770799809], [2.6875763151651477, 3.921443567271899, 1.8538648929402632], [-1.9528724031793163, 3.8276884825331394, -1.7109692850036688]], [[0.8737853507828355, 1.812389261129317, -1.570130881085262], [-0.7834895337861885, 0.20473321667209782, 0.27010362181079894], [1.2806933550906219, -0.3164418279276496, 0.3618305526577758]]]], [[[[-2.502018313552394, -1.4633672028650948, 3.26724694958675]]], [[[-0.2954434723361369, 3.295388905416845, -2.656326045639672], [-2.7992970527497842, -0.9148920682086396, 1.359854388131598], [-0.9225846457509006, -0.9169443090909924, 1.2468771040777527]], [[-1.9657826101713092, -4.510598150645539, 2.7341289250990495], [-3.5529783422007606, -3.1286570556105975, -0.8591483494750037], [2.5489479796467953, 0.4819210934284129, 0.8155786889129029]]]], [[[[-3.6119046905795447, 3.994414219403909, -1.790754181724078]]], [[[-1.3176891035395286, 2.858564975754431, 1.069652910310448], [-2.5126590608676254, 1.2714337777842875, -0.8422528424899777], [-1.012303472330583, -3.00824848675326, -0.17175266572351514]], [[1.1887999891400498, 0.9352371232898342, -2.1399413767005013], [2.685865017858651, 2.876951528469928, 0.8757450981404479], [-1.8496913122348673, 0.6192781352564556, -0.6323956920035699]]]], [[[[1.5850259639042525, -3.0120978077258567, 0.26720592680056704]]], [[[1.4325306445678663, -3.658231322050764, 2.9515245097227476], [-4.4054578024162225, -3.3672804863546326, -0.6640945079928516], [-2.0700275342957104, 1.6522387377756123, 1.1741488042601878]], [[-2.562692839129966, -0.47155115094185207, -0.6098974125626695], [-2.741232526895047, 1.1642372616065841, -0.539694641824693], [4.166781791379648, 0.552958318898865, 0.5446601937601641]]]], [[[[-0.963415709769492, -1.2762236310024633, -0.36421081197898236]]], [[[-3.0404758804383376, 1.3201368769074655, -0.5979065205604386], [1.0006035007634342, 0.44150566183153894, 0.6422643785712517], [-3.3002261564205377, 1.6920207163107563, 0.2379807272827828]], [[0.687544531085787, 3.4785047413836487, 2.6250759614872146], [-0.5773030529795496, -0.7564005342668026, -0.6377041825597378], [0.10388038138372752, 2.31743692686012, -1.370921388499895]]]], [[], []], [[[[-2.067842369859575, 2.666252924320802, 0.6834560375565905]]], [[[1.3440697200678178, -0.5269759875314859, 0.9906539683621508], [1.094968208239064, 0.6368454713039782, -2.414485772170346], [-0.23778330434849698, 0.86010612101321, -0.26168371943070096]], [[-2.774611706239397, -3.3945060380909644, -1.6209778864212152], [1.4496934736544318, 1.5083348186988386, -2.846379739088689], [0.14613038342460172, -0.7314198626908459, -2.0771509542674207]]]], [[[[-0.4395794423059611, -1.6256376275304831, 0.5930506250119733]]], [[[2.8938491313201684, 2.008527415857237, 3.0331664289562483], [-2.63616609618698, 1.8759667076799624, -2.553243044075134], [2.3992548365541477, -0.7244233743937487, 0.6838640820845654]], [[-0.864911864977538, -1.130652335408412, -2.822732245604386], [0.4374055373151101, -4.049714416844772, 0.46575611383051474], [-1.080812212026556, 1.160124322316961, -1.2453251627084787]]]], [[], []], [[[[-2.040167585421286, 0.7667841386351276, 3.6565194581103015]]], [[[-1.619521888423446, 3.2049221996997646, 0.0015708806023368921], [-1.6772609612604326, 1.077359042904093, 2.1058075521852704], [1.2227971553674017, 3.3005062707122326, 1.6786402479796876]], [[2.113673288333786, -1.7172369700094825, -3.044484808242248], [2.213572500840951, 2.766473209180371, 0.6071194476706234], [-0.6719150459603888, 2.818661784499115, 0.3150663864246308]]]], [[[[3.346093937167134, -0.24795639088364596, 1.3693445108778304]]], [[[-0.25596192509030763, 3.802390447216967, 0.8158746355703486], [0.17590558176449972, -2.795918579938409, -0.26906081646005525], [4.3269267466126875, -1.667079522845396, 2.2029040858663906]], [[3.5041868478012046, 2.780717513559904, -2.5408335581221797], [1.1580056534397205, -2.4097855221994977, -0.11351727783198255], [0.09888060290951511, -2.5447727051614666, 0.48522492219135654]]]], [[[[-1.13830868514842, -0.8370504234787164, 1.7451059891139276]]], [[[1.2056946301264944, 1.8238142055187059, -2.03945305663166], [1.7184289804327624, 0.6156460349282089, 0.5054945711578305], [4.39671586957679, 0.1747181129461972, -2.250993757482674]], [[2.2721799493438155, 2.9221756939247334, -0.11227813487783739], [0.10481062611228747, 3.6994887766371454, 2.5891601417052623], [-2.950446148196852, -1.449122384496965, 1.7460859647197398]]]], [[[[2.775256754601368, -2.044317985526706, -1.547916038404267]]], [[[-0.6042617572630827, -0.768625742601953, -0.3421596251238427], [0.6491749408590088, -1.117415010314434, -3.0669910881313975], [1.9826248663628916, -1.4181918782941139, 1.3735229738055412]], [[1.385290396612818, 1.8736218315786477, -0.21485126536037125], [-1.5915018264906453, -2.333034967259577, -1.4470890596275687], [0.8127889901568564, 0.7176571242134611, -0.603953891545493]]]], [[[[1.892386301834292, -2.296744253134195, -2.1787667426999415]]], [[[-1.0759368347108411, 3.958702400885392, -0.7837949118754418], [-0.463425946222702, -3.1733499854732194, 2.188151687708911], [2.704592038681059, 4.120903727214562, 2.7654956935139072]], [[1.500501100512512, -0.9825090223643651, 1.8397475697858394], [3.977377912882151, 0.39192049395313533, 0.827453300337579], [-2.9846115616238134, 2.4855445663878553, -0.9996381635659056]]]], [[[[2.5858432078338103, 1.1307379412467555, 0.05142247327576674]]], [[[0.13623352633573776, 1.784899938611764, 1.7119248438855115], [0.1607667939325581, 2.5907820700357918, 1.194408664762662], [-0.3237144168720388, 2.5068467147294116, 2.7708218236507918]], [[0.7842654704258942, -1.1502640095341106, 1.8874790338955738], [1.2973589267755545, -0.6844745476169631, 1.1620732445732138], [-1.121744431834467, 1.4017483612323203, -1.685254452012512]]]], [[[[0.4526659603141449, 0.22975846713980747, -2.197070014232773]]], [[[-0.15173920620501583, -1.9313666249465102, 2.7805786067960336], [0.045130894530804, -1.8075523347359417, -1.4388178197537924], [2.224356468592586, 1.6103085932056997, -1.021895622035712]], [[-4.426090172327181, 1.2927785637997922, 0.7332682128646335], [0.8144797914252513, 1.9245599935879592, 1.3553137371085417], [1.498061990044211, 3.6564711124901743, 1.9484636734264273]]]], [[[[-3.8822923462975485, 0.463705047825406, 0.6242148070968172]]], [[[-4.067687091622028, 3.9935627034228753, 0.5748088534970562], [-3.327393565620753, 3.1092525544971092, 2.844156094216237], [-1.7688171869717515, 3.4074641961314556, 2.780725008428583]], [[-2.755947628811925, 0.4409385935456923, -1.8396842524329893], [1.1540927204739995, -0.1539700816979906, 2.340269898142018], [-1.2486519840463268, -2.2245959372905793, -2.165770626778056]]]], [[[[-2.227887588936648, -3.635161079514955, -0.812305809256943]]], [[[-3.0255760733826, -2.442352476018504, 