{"noise_params": [0.0, 0.05, 0.1, 0.15000000000000002, 0.2, 0.25, 0.30000000000000004, 0.35000000000000003, 0.4, 0.45, 0.5, 0.55, 0.6000000000000001, 0.65, 0.7000000000000001, 0.75, 0.8, 0.8500000000000001, 0.9, 0.9500000000000001, 1.0], "max_scores": [0.23649079618530555, NaN, 0.07205892154023186, -0.004231526309393219, NaN, -0.17435718535472589, -0.25250472908513744, -0.33707602477544896, -0.4202919030602984, -0.5053815755408089, -0.5849797200400222, -0.6711593632435597, -0.7509636302619196, -0.8341235330018918, -0.9168731128558417, -0.9999999999999998, -0.9168779088634096, -0.8337198563945958, -0.750508979082577, -0.6677358322901543, -0.6623896680694235], "opt_settings": [[[[[0.2847144822740987, -0.5188565380837222, -2.3945116164468376]]], [[[-2.94262080001535, -4.070064659602904, 1.880444348098897], [-2.090822293852013, -1.3481168934980547, -2.2403735254288475], [-2.3073471631804194, -2.481770133427144, -2.9661851752303336]], [[2.2582559035830014, -0.027516637061039496, -0.922285950196934], [1.2942486389385282, -0.190390972969285, 0.7426864064645239], [1.763597079189454, 4.404476123243198, -1.311080923166495]]]], [[], []], [[[[0.29868633216258794, -1.0483995400874895, 1.0347750133624174]]], [[[1.2662823443534632, 2.7795564308629936, -1.0945984743106802], [0.8112255852507646, -3.1205747121595486, 0.42263569646401333], [-3.5682482599839775, -2.5491781834560316, -2.564079774764491]], [[-0.23407161938210203, 2.449966655619158, 1.9703047592470555], [-3.3526634329995217, -1.276754448136857, 2.9149803152302107], [2.724529955949067, 3.3436463180768548, 0.26060030419664604]]]], [[[[-2.308998365656039, 1.1232999479063044, -1.0788238479880052]]], [[[0.5610389108038678, -1.191699283283087, 1.1047260872243752], [0.3789865278992899, -0.41199893134896404, 0.4545062022511232], [-1.3156974000881354, 3.3309033119529845, -2.896138763280668]], [[1.006075914087486, 1.8657031950483765, 0.06357943740121696], [1.4799611893621925, 0.8464389242511677, -1.1169940276400745], [0.17189476434849926, 2.5501530336104845, -1.258672868177591]]]], [[], []], [[[[2.8333685796839303, 2.11438114420261, 2.2205577154980967]]], [[[2.2308613040456615, 1.662114826582898, 1.4483172427854754], [-1.1662910172716057, 1.2458804207609775, -2.1974790234175696], [-2.837994212290084, -0.9612227148547343, 0.816639581495839]], [[-1.491580202226581, -0.22674831003253665, 0.3841204265443734], [-0.1696273945526393, 2.100125008361682, 0.5686421438670933], [-1.7194112851896477, 0.790969540923766, 0.22275022558646695]]]], [[[[1.999650451219229, -2.338082323952456, 2.905610565558625]]], [[[1.7142499469262733, 0.9997854228220826, 1.8912651794480868], [0.8078658792041539, 1.1638026225058424, -2.1238003929697826], [1.351135135326715, -2.1184807777245256, 2.216373573137322]], [[0.27406684083938787, 1.5772008511086613, -1.015630272855633], [-0.281203842671601, 2.905622605329419, -0.2337487360052084], [2.3054643414086406, -0.9566197799076517, -0.15371238543157187]]]], [[[[-1.9019308429653594, -0.12950024370327334, -1.3216010817489439]]], [[[-1.2654635057281056, -3.4302654488034507, 0.8607580394643962], [1.1049370373774976, -2.2111421460757854, 1.025192930448332], [0.46569431460556054, -1.3944226057116993, -3.000663746767484]], [[-1.2202635422001902, 2.5775012258578465, 0.8391730242064106], [2.846693769229503, 1.6173764665358403, 2.818693882765909], [3.0647932650285648, 2.6776823573147706, -1.1553777012390345]]]], [[[[-1.448677401749118, 1.5501017813807327, 0.419850483023987]]], [[[3.5115683836103146, -1.1552738959191875, 3.13860552894883], [-1.6783980830589351, 3.6954578913117424, -2.5365479168717124], [-1.5122612031976403, 0.8211827518809198, 2.8540788540095163]], [[-0.6793988237297719, 2.0718249857564306, 0.49605691611939423], [2.360086725666283, -2.020300374205539, -1.7164596138342163], [0.2100199558974914, -3.2652202000356665, -1.9074977851886057]]]], [[[[-3.380087865528648, 3.9009652177287344, -0.9968280289560673]]], [[[2.686403824851724, 1.103194831001202, -2.765391197622506], [-4.020838642714949, -0.011733281899686074, -0.4609455360137969], [-0.4291503547894909, 0.17842026943912692, 1.8294924651491202]], [[-3.565100918338456, 3.2338019364000936, -2.2062791459366724], [-2.544730541693303, -2.2968684714050225, -1.7147833617141621], [-2.2707950598312325, -0.11705929249933801, -3.110688801317741]]]], [[[[-0.05384378736072694, -2.4338849135398677, 1.0610664131481413]]], [[[-3.2494472550827274, 3.583322661019937, 2.836213746434646], [-0.32579057845175585, 0.745899756731307, 1.266106571798691], [-4.0159397059323405, 0.28931276505134484, -1.095617071906692]], [[-2.657223089384927, 0.6105742769412089, 1.2914212862348535], [3.4008199455369494, -0.4820163528939337, 2.933321072009337], [-0.16467601536114437, 1.0429401932094462, 0.5618683029221572]]]], [[[[-0.0046935078496094795, 1.694119104184516, -1.1248189936656454]]], [[[-1.95689106796293, 1.4812211961330566, 1.918408971886506], [1.6244258880766624, -2.383477482907185, -1.4720745606822683], [-4.214770797919634, -2.7531057954552223, -0.32390750404930135]], [[-1.84183837937402, -0.5730230043573736, -2.107047209140677], [1.7167815196628133, 0.0355407415449219, 0.6295553994161546], [0.3034967747862184, 1.7314617372496224, 1.7292419845653322]]]], [[[[-0.5221694280903071, -2.1021873281173167, -3.4808879719484342]]], [[[-2.862437264874031, 0.39666756857068747, -0.28808861679584763], [1.3348577438292861, 1.5390344220834709, 0.33052239477820916], [-4.183615133077392, 2.9876283610625376, 2.7756844059000674]], [[-1.5324052326309616, -1.4067955493478717, 1.8046581465042857], [-3.365811213984616, 2.487704275870739, 1.460925538846293], [-0.7619204561600889, -0.8604522830341217, 1.9920102572381315]]]], [[[[-0.17186330830612503, 1.7648523168806198, 1.0287614080573546]]], [[[-5.466454391778866, -1.23729501718033, -0.5229446372211521], [-0.6638768618333335, 2.247617140883096, 0.808062842108637], [-0.919493593112394, -4.413841583100285, -0.9981492615981197]], [[-1.3818191229822778, 2.68909381673448, -2.7893041698012184], [2.9502514757358838, -1.47530572970272, -2.0872853858703806], [-2.4912808444771843, -1.5382858755733853, 1.0952486495270597]]]], [[[[-0.9703763437573341, -2.9736619771723753, 2.4664857702406633]]], [[[4.074959671574663, 1.1507404730722581, 0.6038094778124531], [1.2223830698675324, -2.5488227371653944, -3.0243453750521714], [0.738544892645293, -4.068040203526612, -3.080398148001403]], [[-0.2003443935245774, -0.4114306078094872, 2.1974102536010154], [1.248000059622869, -1.1543408924224063, -0.8698124739094243], [1.1288420689979286, 3.0123586241716582, -1.0957067607680802]]]], [[[[-0.9841677982019423, -0.9286382630913215, -2.930639111134905]]], [[[1.1189942625910134, -0.5086062969550785, -0.45301670099589186], [-3.0660729527082733, -1.0607671492406598, -1.897704703262221], [-2.3964344951933354, -0.5360831297663995, 2.946110389854865]], [[-3.0142802829963564, 0.03521807532162411, 2.066290708463173], [-0.43877153750045766, -0.5643879260158657, -1.4550597973721229], [-2.7844652014887754, -0.14942820328962256, -1.1732285798954554]]]], [[[[-1.690215668620756, -2.1416250682296574, 0.9386187525092772]]], [[[3.2109003152281375, -2.455010311816073, -1.581421517810709], [2.974603604841871, -3.2437546781100837, 0.5499934437848845], [1.1360169787286738, 2.9943204716489062, 0.19120677701158173]], [[2.3240914658927627, -2.220189633108402, -1.7608718007628266], [2.203277670548349, -4.127222267297446, -0.9307177709266433], [1.5015818910816154, 1.7900756041966848, 0.3091406757782282]]]], [[[[3.012253646636761, 3.224809622903032, 0.3455835899851185]]], [[[0.6546279022834642, 2.214352025020349, 1.3617878997183464], [0.31890353194483495, 3.5926610819938243, 2.6887586645363086], [0.30853832874382997, 0.7715871702891043, -3.002078226255378]], [[1.3602128270189844, -2.4985302881142193, -1.5036823761039493], [-0.3507637334544242, -4.2614770117453595, -0.759106308243193], [0.28274147042851067, -0.3674812942149794, -0.8516808913800972]]]], [[[[-2.9607848417250135, 1.9862796374446507, 