{"noise_params": [0.0, 0.05, 0.1, 0.15000000000000002, 0.2, 0.25, 0.30000000000000004, 0.35000000000000003, 0.4, 0.45, 0.5, 0.55, 0.6000000000000001, 0.65, 0.7000000000000001, 0.75, 0.8, 0.8500000000000001, 0.9, 0.9500000000000001, 1.0], "max_scores": [0.2499580304124187, 0.15568622575618285, 0.08323703951210737, -9.062963859607365e-05, -0.0834576266529874, -0.30272247916512773, -0.2554954974443068, -0.3711941246490156, -0.43641043912840094, -0.5744168961877678, -0.644295309902368, -0.6758842563511429, -0.765521921514474, -0.86857532734734, -0.9394457589186311, -1.0000000000000002, -0.939736424310887, -0.8416178340811811, -0.757320135102618, -0.6681608050961834, -0.5892162472435958], "opt_settings": [[[[[-2.60480333718119, 1.911874919292524, -0.18821729364363324]]], [[[2.9436301092492583, 0.9612236708385323, -2.336294285430818], [1.1945150666722957, -1.2937630190457374, -0.38919710438759525], [-0.22663780709409365, -1.9336597156722235, -2.4761291452321768]], [[2.548502437298355, 0.728211470644601, 0.6724257913756877], [0.31138279013086, -1.3000557353308704, 0.3939096182111941], [-1.9912802999645396, -1.081105271922131, 2.910497131617422]]]], [[[[-2.4763026853684678, -2.4032029583498886, 2.5679915362080967]]], [[[3.05061513156475, 2.01258552657048, -2.9502167053077835], [2.6842028846427737, -2.356358781920001, -0.21760596793181278], [2.7293080959333538, 0.028086722713321674, -0.8840625743628365]], [[2.4785809459472974, -0.6122476338941871, -1.2813543653581645], [-0.6603989940565727, -0.6060412354213423, 1.6334428548912783], [-1.5538985563869536, 1.18853455066528, 2.2079839387394573]]]], [[[[0.45879197705105607, -1.60103164009961, 1.9539413242814831]]], [[[3.273968378761319, -2.1846573463322563, 2.5245454202661914], [1.9265405597677068, 2.7100244263828035, 0.16698966788503797], [-2.4133615659842635, 2.1030692549530294, 2.709857201502442]], [[2.784295016151429, -1.4750035248989584, -2.096257652344252], [1.6829703747376796, -2.3999006320804184, 1.3938349519048066], [-2.340850523798442, 2.007687902484428, 0.9859435543867656]]]], [[[[2.6436440666550376, -1.6696572243118624, 3.3325246298431774]]], [[[-2.174762587080127, -1.1467382904790102, -2.0130554484127012], [1.5808858769494165, 2.260062786241818, 1.8789192978930975], [-0.32143376632610055, -0.6207575525931964, 3.083584521827147]], [[-0.38461343137292714, 1.1460908277493331, -1.8490350281074694], [-2.1298891455175863, 2.0192539974101194, 2.803453823337832], [-2.7176166055356537, -2.143728971661586, -3.039739222662598]]]], [[[[0.030696169239794333, 0.2886565570731352, 1.7321451911503125]]], [[[-2.8368901830987325, 1.8607798114474812, -1.1093747267716005], [1.5117089097345604, 1.966997966725545, 2.71355806172543], [2.1369694809381694, -2.419882938978377, -1.0700020774892645]], [[-1.0897761476943342, -2.5050850460863447, 1.4945974856995683], [2.0874629233521786, 1.3983639646443733, 2.8609242285751293], [0.5304553775355293, 1.8277806892030033, -1.9787904338487576]]]], [[[[-3.283113806217728, 0.9383962885478175, 2.414542842473932]]], [[[-1.4140932880383208, -2.587850853282694, 2.4734257375993955], [-1.5837209821770175, 0.9830619294914372, -3.0546530049019975], [0.1921561568243468, -0.5364163208753222, 1.3210073041035706]], [[-2.0931444158176506, 1.2765130749774851, -1.6774922447352025], [0.5541161619925538, 1.232264531466449, 3.0632062975797583], [-0.3069626331165867, 1.7093470187323543, -0.5439694774756494]]]], [[[[1.4178215351326233, 3.1499901137324304, -2.619200689470252]]], [[[1.0153559794743348, 2.4094401573132433, -1.7440944324307832], [1.5388850417183515, -1.1682455350804026, -1.6721750968913054], [2.1340500557940625, 2.711750852473829, -0.9212856882831133]], [[-1.5478823895904086, 0.670961348646475, -0.698627639441384], [-1.871166430672892, 1.7722516653671263, -2.5251579920260094], [0.33748648831953354, 1.3648874605103938, -0.021501859316318338]]]], [[[[-0.8170344127019223, -0.9565449207307594, 0.20322374883514951]]], [[[1.9653097377697266, 1.5353377250542906, -0.9533154462158495], [-2.3110266714686145, -0.3025078611749344, -0.7230079293767995], [0.4215216602964625, -1.879248747290965, -2.3258211289096584]], [[-2.4482185486142143, 2.3426232331524997, -2.0443193772336605], [-2.9697549552688423, -0.16730072614524166, 2.416015446164458], [-1.4290236567317964, -2.868509968290352, -1.7653392461218533]]]], [[[[-2.8265364049466055, -3.0121028854566507, -1.511021766771416]]], [[[-3.2805433607120644, -2.3990722869214043, -0.889865365696803], [2.981086311104209, 2.4540323671998943, 2.536316310668087], [0.3192669169156618, 1.5129649883483003, -1.7092241545664855]], [[1.314680157826436, -2.3107619289644115, 2.6148654729212018], [2.3295445695022723, 0.700692058447571, -2.8870139445469785], [0.9980192013689495, -0.582855285666069, 1.231194397960257]]]], [[[[-1.2763994650231256, 0.32186706742484655, -2.89201957325367]]], [[[1.5738743899954106, 0.38063166008778976, 1.8182795103426503], [-1.0299792917448214, -2.4969080206264738, -2.0660782049938033], [2.5891494437531692, 0.24715516854460096, 0.11133903094772489]], [[3.2191750729012583, -1.7976772468073918, 0.2754481311387509], [-1.4485642024976517, 2.2982514999400667, -2.4317784950742674], [-0.941495701858429, 0.9735419534703988, -2.292886874447056]]]], [[[[-1.9439258705403424, 1.4085646549299125, -1.8852409397024545]]], [[[-2.0693723767544343, 2.7494406764725245, 1.8750529443359092], [-1.732175643495639, -0.6351976086044565, 2.3708619731548426], [1.0665734907849456, -1.5227179520557657, -2.0400976057972615]], [[-0.4843433576810621, 0.9866812759820323, -0.5683253944954898], [0.4612124557801545, -2.4723173835280856, 3.059245928612281], [-0.6081230038571434, 0.7995460239847596, -0.756121572957948]]]], [[[[0.22696118000683316, 2.380397764628783, 0.14419553497022664]]], [[[-3.0190188168527152, -1.9903306029448447, 0.3546876393760279], [-0.1900936650881021, 1.9195601538324736, -2.3866241998435993], [-1.7243108562626706, 2.8118770535390456, 0.9449734907504999]], [[0.3046421275961857, -0.8166242465043123, -0.30232530858839496], [0.43750985293194256, 2.64840084609171, -0.9661644944807146], [-1.8206668177910545, -1.7143256467715968, -1.936210198148818]]]], [[[[2.2661736490753728, -1.1428869545811449, 2.9547223795060638]]], [[[1.3100968964078872, 0.028018315064588788, 1.8566028639677974], [2.290577094833581, 2.237565659108364, -2.0983959218034114], [-1.7996194262531973, 1.470204047230803, -0.8419562863857046]], [[-0.7108142100299998, -0.20618481287289428, -1.3446471970858156], [-0.3782146865911989, 1.422662623846592, 0.42411079265581497], [0.7490458912816907, 1.7176303498667016, 2.613367638302962]]]], [[[[2.8205646638789923, -1.2653020388613263, 1.015299828865893]]], [[[-0.9529734791623555, 2.777792974450673, 0.6853139937217785], [0.7549447106552348, 2.272026159035123, 3.014394740123903], [2.962533882211339, -2.307731998830967, -0.1476933085041332]], [[0.46124819218891916, -0.026120883753811153, -0.229150117202853], [-2.2825732310104296, -0.8504085389866466, -1.0625919590669732], [-0.09259229880570834, -1.3500855342831088, -1.544036670879136]]]], [[[[2.211776605131096, 0.7196474241495736, 2.5165312764620533]]], [[[1.211410356482336, 1.700050038762321, 1.6390281263655213], [0.5633822330522109, 1.965177226539097, -0.918738067947686], [-2.431505563405916, -2.510521960888781, 2.7168180217886295]], [[-1.5126264547022699, -0.14066931331853405, 2.5262248526184363], [-0.4860324066463862, -1.1539504887438667, 1.9304592117515247], [-0.02056540221560788, -1.534015490544084, 0.40097724615844]]]], [[[[-1.391210130400706, 2.85009839397833, 1.476811551741119]]], [[[3.0087422993329813, 0.8682179577398008, 0.8847289382516959], [-0.5668842944450416, 2.5082982563975573, -0.10269940497464347], [3.0799138618106525, 1.6727643462192452, 2.654446169868921]], [[1.4284541246339622, -0.06561307766400715, 2.6577351325539444], [1.4200010030089087, 2.0486578405442746, -0.6549856979297091], [-1.7453063062402105, -1.8933235226941902, 2.6198243062544107]]]], [[[[0.5508643638986278, -0.4554733980968845, 