{"noise_params": [0.0, 0.05, 0.1, 0.15000000000000002, 0.2, 0.25, 0.30000000000000004, 0.35000000000000003, 0.4, 0.45, 0.5, 0.55, 0.6000000000000001, 0.65, 0.7000000000000001, 0.75, 0.8, 0.8500000000000001, 0.9, 0.9500000000000001, 1.0], "max_scores": [0.2485036375782128, 0.1454862209099208, 0.08046448231517411, -0.00016475000774796023, -0.08755358497799737, -0.17162463281118523, -0.26331939998284115, -0.3361738398940215, -0.4254681511644638, -0.5356140772910531, -0.6040408879361432, -0.6813781621886359, -0.768450773179651, -0.918972591826491, -0.9438086837212185, NaN, -1.0011373973047617, -0.8440956500918999, -0.755581546289949, -0.6925116040540549, -0.6508976890231444], "opt_settings": [[[[[2.1127183904056164, -1.6089996131101225, 2.847454577597154]]], [[[2.790348588427877, 0.5793994754037525, 0.9380074312050528], [-0.08165068986666553, -1.2580333831118062, 1.9838786801445885], [-1.7004437550068512, -0.7665168447489642, -0.19802049417894763]], [[-2.705269912328355, -1.3828224770718966, -2.81727067230535], [-1.4015839581591516, -0.37587233396374514, -1.1957559699573037], [1.1481456393826812, 0.693167539436183, -1.8943092460739372]]]], [[[[-1.326952735733449, -0.9549678619516785, 3.8242701875611265]]], [[[1.2386718271882329, -2.1611091183728255, 0.9384031007616755], [2.1726695392719106, 1.5852855986546606, 2.9319783327773408], [1.0189374941824068, 0.2934153976094812, 1.873122807253055]], [[-2.7444944190163207, 0.4920475533761812, -2.478892996922905], [0.7162894473654647, 2.0004305582288913, -1.490951173005464], [1.8843876421203618, 3.2552138715673666, -2.439713660171406]]]], [[[[-0.4783325472710819, 2.2456641928894014, -0.7742528704686653]]], [[[-1.5819187672752402, 0.7173196070557374, 0.07076861276087869], [3.29905003369793, 1.7702940088990426, -0.22036260369303567], [0.3321932146012951, -2.87439449591497, -2.5862840308505177]], [[2.641600997966685, -0.6153331061028149, 3.0627600842371496], [3.1168161954986426, -1.0736793079760285, -1.735528313552032], [-3.0172809718183853, 2.7208922762176275, -2.1647863790084543]]]], [[[[1.2797054730559956, 1.03827601181757, 0.09913933040661854]]], [[[-0.5187675713967496, 1.3982285297657386, -1.931756825688417], [-2.419651739986046, -2.102970818545634, 2.1335374202026713], [2.305132050071051, -0.40793420576732614, 2.662751527139802]], [[-1.0768588432303394, 2.0465194019356137, -1.5527688238116635], [2.3244483205395787, 2.6303568786747893, -3.0024199580390762], [2.7248897243635524, -1.7222072930093997, -1.4834052989684345]]]], [[[[1.5762602563186834, 2.9780450955400815, 0.9113064637248802]]], [[[2.5490370152343704, -0.1687168694475295, 1.594596169811032], [-3.288526670199149, 1.3425073141917299, 1.97063290089877], [-0.5026104036303883, 2.375038527346324, 2.4183955060163926]], [[-2.2027349451651497, 2.9505499863198645, -0.8574052667718131], [-0.7974086220607569, 2.312807553213808, -2.2710427293815525], [-1.1140532202202096, -2.4074384006170226, -2.045143568622846]]]], [[[[-0.14117703609547622, 0.5467592273461506, -0.9521319014207703]]], [[[-2.014693598734159, -1.679040883627377, -2.3895013931328477], [-2.5843356464988214, 2.7861648980966054, -1.5279819309251108], [3.222945246079431, -0.7524384804196079, 1.4942369592831648]], [[1.8318967190813107, -2.9907870854044356, -0.7612238386670023], [0.7606743128754264, -2.36642539413523, -0.9414721907060493], [0.35453822862625295, 0.954875729511832, -0.7296032036122115]]]], [[[[-1.2277584869768365, -0.8499512713906113, 2.4660727547789807]]], [[[1.1906062418710013, -0.22283579144893634, 0.29330525573434674], [-0.05543653827070189, -1.590263072884059, -0.5676837585993391], [-2.426516974308653, 1.501737085553852, 2.1556535386789912]], [[1.145426577222381, 0.8298245310691302, -2.1330585459978098], [1.8825189938790372, -2.760964043881414, -2.25212478070701], [-2.579672936210577, -2.742701706135945, 2.2960085483524013]]]], [[[[-0.7667889637428241, 2.068530523318116, 0.32098288160228855]]], [[[0.33126560224454493, 0.767854984304412, 0.5414323946603177], [-0.5717416478135672, 0.5582555377803955, 0.32246865324908836], [2.6311570755620064, -1.6759070994333856, 0.7771843922444357]], [[-1.9220257889959986, -3.172612079597851, -1.737281876468712], [3.0605718935249455, -1.4508178107294563, 2.3417593984279215], [0.16069703123671966, -1.4952529528556673, 1.3202104237007806]]]], [[[[-1.5592196157767972, -1.6853350939945326, 1.9675878832917035]]], [[[2.051985548196719, 2.4872773734954077, -0.22536146553419995], [2.5642979424999064, 0.1776690675433864, 0.2985773138872103], [3.0637266646676533, 2.243443347043331, 2.866538060479378]], [[2.6824115597456832, 2.095243763691386, -0.17015586171861716], [1.0299024756902158, -2.484895268190139, -0.05392724185680689], [1.7113443571969815, -0.24113408384647467, 0.8934445552446606]]]], [[[[-1.1546348187749578, 0.1155757458212391, 0.3685299907365381]]], [[[0.8404604090253684, 2.504883746436584, -1.1755326766921297], [0.41339389136072763, 2.8635914641039446, 0.9638892089153339], [-0.05303267656248411, -1.2033165827752348, 2.105114988603285]], [[0.9943822261972561, 2.605872476955118, 2.1678570735529457], [-0.7943721054020001, -3.276650523589285, -3.128736289812992], [-1.0023761961852202, 2.037139234315441, 2.7662597136905847]]]], [[[[0.8112985107430929, 2.298788096674955, -2.5797050309039036]]], [[[2.5818887326294058, 2.9156188110550287, 1.064136259825787], [-2.7491888896401666, -2.667699795568432, 0.2385105980038271], [-0.6514281017604041, -1.2908198307892358, -1.234107844646148]], [[0.5802995346342009, -0.9819281212612186, -1.4883157348626455], [2.2436539221377982, 0.7006524214109472, 1.4935575014842257], [1.2018612832903903, 2.954651823032882, -0.06062741255214734]]]], [[[[-2.5520534086338107, -1.153249682976446, -0.9289834222613903]]], [[[0.7842897084950792, -0.22362135064003363, -2.013604476612735], [-2.729733667002089, -0.46791454030654545, 2.5681458896807907], [-0.4854204993277421, 1.2544423971840384, 0.003470625739851545]], [[-1.0874984414421294, 1.4093650716183876, 2.7889316504416906], [-2.768574981626245, -2.661159107266889, -0.04514157993833876], [-0.47432350102371784, 2.1821976020081535, 0.48854945310489484]]]], [[[[0.3357763800099832, 0.13762990800834146, -2.2789042265088626]]], [[[-0.651144009757586, -0.6036194754625068, -2.773260171303139], [-2.492017297344252, 2.6326126448544915, 0.14755725922183868], [2.822158859552045, 1.1088337645606432, -0.8091089538168079]], [[-2.9703102000570034, -2.703501192137608, 1.2655591920475873], [-1.7998277116568089, -2.873504179203857, 2.547004073551184], [-2.9212352977411173, -2.0022680462292435, -1.9520987334447992]]]], [[[[2.3493284064855646, 0.2702103891618306, 0.7707619755504027]]], [[[1.2644421552251122, -0.27435288034049493, 1.029621186641089], [-1.337204597427373, -0.2401473314735942, -2.005616565038901], [-1.0233352907620257, 1.2041841705214913, -0.26592723383265726]], [[-1.7832196540705618, 1.2722786659779093, -1.039710642967298], [2.873413038358467, -2.5731722372689987, -0.35094447034352294], [-0.9531362779388028, -0.26668980805042664, -2.527234376492377]]]], [[[[1.3763258350477956, 1.2334348968736604, -1.0165980521902815]]], [[[-1.8992255773190077, 2.77963075177719, 2.0109825676024347], [-1.141197169483763, -2.9409427398949997, 1.9443486234613978], [2.757151848420744, 1.2589955702116542, 2.560070490254531]], [[1.0534967784717706, -2.7665491788476193, 1.710911955596825], [-0.30408982351964015, 2.2840241841923263, -2.710556650301692], [-1.9217066311999822, 3.053140443877941, -1.960244136905334]]]], [[], []], [[[[1.5305484224706445, 2.2569589005350426, 1.9165614247401002]]], [[[-2.7446058827315336, 2.4876461397297014, 1.264572247727859], [0.7550000542861494, -0.2906121036971375, -2.9680512593338375], [-1.1143445458661492, -0.9194752186910441, 3.0328550682840714]], [[-2.3682296592880085, -0.10885929819622753, -2.7840917969691485], [0.7702336325288238, 1.6984711237226522, 2.7999558714558113], [-1.2919109386253829, -1.396405766544115, -2.6426165155774655]]]], [[[[0.7988740286486634, -2.372687762751231, 