{"noise_params": [0.0, 0.05, 0.1, 0.15000000000000002, 0.2, 0.25, 0.30000000000000004, 0.35000000000000003, 0.4, 0.45, 0.5, 0.55, 0.6000000000000001, 0.65, 0.7000000000000001, 0.75, 0.8, 0.8500000000000001, 0.9, 0.9500000000000001, 1.0], "max_scores": [0.2456333706164311, NaN, 0.07546807096929165, -0.016196308513401703, NaN, -0.16938251182534048, -0.25014486955068715, -0.35219009761732223, -0.432283499640834, -0.5099696743250304, -0.5978523355261167, -0.7183214642986171, -0.7668427338907162, -0.9068708254585451, -0.9394945343869905, -1.0, -0.9496151463130345, -0.8934658590439397, -0.774019824513019, -0.7051830092237017, -0.5914705968797527], "opt_settings": [[[[[-2.767504286225937, -2.4007383560461504, -2.8794203115407466]]], [[[0.625156331355372, -3.3444498517196926, 0.82673438745275], [2.2286898236457304, -1.1336439153754976, 0.05690531920636887], [0.7965822529185069, 1.9086850710312373, -0.7378495347479483]], [[0.1245318605045661, -1.5179845053204128, 1.574045263002053], [-1.87085132606391, -1.7230395631151296, -0.8507726469302566], [-2.764649240962728, 0.7502551799249874, -2.810656988565425]]]], [[], []], [[[[0.22761081336667194, 0.7406639657628293, 0.8036188164188159]]], [[[-0.13071161824904493, -1.0421977794489625, -0.15614027588532142], [1.2900839587554098, 0.8335671619181731, -2.1605809881691864], [-0.21702534366134044, -0.07678157002079952, 2.9568110961134932]], [[-2.6625341768523842, -0.18215051840048238, 0.22175603084580633], [-3.0239903540833106, 0.4240570169501081, 0.10979218594887726], [1.5299467159366082, 1.0568651060050174, 0.6114322522689957]]]], [[[[-2.129626019871333, 0.2438641317629943, -1.1744185595979981]]], [[[-0.43462395615649024, 2.7363541660553827, -0.14183130434102742], [-1.7941271749522834, -2.1704394693265203, 0.9728787809433097], [2.691962414906269, 0.6895821775762424, 0.4188916852421314]], [[1.707866555323308, 2.465983169335279, -0.08266847904443966], [-0.41286126342473695, -2.390278628323704, -0.24534206926660837], [-1.2888135218898344, 0.33630115166945507, -3.1248701107375623]]]], [[], []], [[[[1.878511814822151, 1.8857421525805833, 2.3185214373797547]]], [[[-1.0767862232668854, 2.8249895268906084, -2.7178760195476435], [1.8638566745928422, -2.313315515750555, 1.3024331029703546], [-0.3456850992742874, -1.1922404869852232, 2.164368183533502]], [[1.6430116668308659, 2.358648932367467, -1.5636467685928064], [1.9323131705010401, 1.264836532616889, 2.8485529330609163], [-0.5692237425804109, 1.3603513315035858, 0.47031727883297547]]]], [[[[1.1926415556199221, 0.5986275850630466, -2.173653669001702]]], [[[0.22567637483922168, -1.192134825912376, 2.1592078196295548], [3.101475032185097, -3.0586881626166744, -1.1549886782997243], [0.2161876715521663, 2.4756928089200234, -1.032596019619496]], [[2.635348203189301, -3.2169949211715076, 2.838186046291086], [3.2798676161617735, 1.8723948280311733, -2.4570451546164898], [-1.7058206123458168, 1.290658221312997, 1.6312236131651883]]]], [[[[1.3640707156927303, 1.9283355050735305, -2.7239371520940945]]], [[[0.6888285660059724, 1.1826719237686607, 2.6430434968412397], [2.291526183223418, 2.669103883431248, -1.05400178228198], [-1.0351903164426917, -0.6611521724667742, 1.4841461445721826]], [[-0.8114454313539136, 1.999190210055041, -1.3524408229937612], [-0.0908391895888488, 0.23170496795693013, 2.82643147385678], [-0.6369208649974163, 1.3999772816775107, 0.0012918950979168328]]]], [[[[-1.5155890048032956, 0.106105066837952, -1.9896922466189733]]], [[[-0.8907791199875337, -3.3197311946254904, 2.694062940944783], [-0.05695912271257154, 0.6813327377555002, -2.671853916970191], [-1.0226694080195387, -0.8773682306045193, -3.110794107087144]], [[-0.35078097130679353, -1.219457479828306, -1.1846010649449317], [0.6849660253750899, -1.7696062357705893, 1.2335255629458874], [-0.3783765050496062, 2.450720679780857, 1.0542155752902094]]]], [[[[-3.1324286451732846, -1.6984775309151465, 1.88747857325437]]], [[[-1.2908013993976444, 1.3337839168369303, -1.4176733335265908], [-1.5727308598361291, 0.04641975754279537, 1.775517815262707], [2.2228626802504845, -1.5044464559600024, 1.7606828479222685]], [[-1.7775440174177535, -0.5517096054999217, 0.5270244830664756], [-2.217522213182929, -2.8241521338996227, 3.0861906290235686], [0.37317209755484193, -0.13796858426225853, 2.8914563781283604]]]], [[[[2.928663365070743, -1.856805127791271, -3.394095773437216]]], [[[2.449582667533616, 1.656008673807723, -1.3461529094484825], [-0.9353520517623657, -1.1853001760741875, 2.43038038528538], [0.3550573619110118, -2.5060913484706315, 3.121701734024491]], [[-1.9034727302968695, 1.426520644259328, 0.06819897505831561], [-3.389096379751507, -1.3672029378794266, 0.35922543979011934], [-1.383833486053038, 1.7276445772299345, 2.8109448788817213]]]], [[[[2.326046565488568, 2.117345507610719, 1.8846096164229413]]], [[[2.8802760796138913, -0.14890964758297046, 2.0085683167632027], [1.3990394991097808, 2.7584589261105106, -0.49166557340899564], [0.5955916119005166, -1.4749682486993807, 0.9324426458907151]], [[1.2902943487352632, -2.6702955447187975, -0.9119300799978962], [-0.5503474740780155, -1.2332549833707092, 0.4614189367070436], [1.628502049506717, -2.693414180504228, -0.4619013606350313]]]], [[[[0.13664730991188248, -2.9453131389140292, 0.8080465052630074]]], [[[2.8143713608439196, -0.48268945854447387, -2.400112390383838], [3.0535538515578504, 0.49170657717952726, 1.418562009601616], [-2.8433784183515916, -1.397434526102017, 0.5356006801724291]], [[1.4031514225167148, -2.5152291635291406, -2.2058814718882718], [3.2002884406580385, -2.462446010052682, 2.489756596039003], [-0.1104615567809144, 3.1239491081382886, -2.377846248424174]]]], [[[[-1.156426648768996, -0.8467694582947357, -0.8992975803991997]]], [[[0.20939261457579253, 1.1426216863752134, -0.03420040615262425], [-1.7205763322367558, -2.765030861584056, -0.5492775118173445], [-2.4371373168540083, -0.19896444284076828, -2.858271413412801]], [[-1.3303267925276574, -2.4789020315927512, -0.7105036055597496], [-1.1459026839864204, -0.21966832296637337, 1.5711781764104096], [-1.1269179501697024, 1.5708119370528373, -2.3423232023303293]]]], [[[[1.6385280151320514, 0.569606095546962, -2.4270878794163417]]], [[[-1.519076079714577, 0.7035051656707236, 3.130867581198741], [1.445283384883588, -1.1863465628430103, -0.41987519919065885], [-1.3961038801503252, 0.8595995842907551, -2.5088804213740286]], [[2.2152145541668, 1.9031634210672381, 0.046250771260441], [1.9827821373379206, -0.3802485743227233, -0.1982113723757135], [1.785670249746143, -0.7982539325209626, -1.6528673087984265]]]], [[[[-1.3829769709812796, -2.566521063693832, 1.2825546099621512]]], [[[-2.671737399527439, -1.233255366916087, 1.005815137131881], [0.7550664009171686, -2.2659762330455404, 0.9625920722758234], [2.026062745927919, 1.2272442833415695, -2.5051964836358054]], [[0.7252805132150595, 0.7668814274585665, -2.614879761092614], [-2.395601656210084, 0.33094861778701024, 1.8251815952175932], [1.6035316946729408, -0.36480196918521957, -0.6943987625450974]]]], [[[[-3.0645284996493407, 1.0905455988988655, -2.4959857540176262]]], [[[2.4040039725516524, 2.2564306871486783, 1.5320861099518455], [-0.10928458037041172, 0.09210511464298511, -0.8017048358458085], [2.8684752977003067, -1.9422886620938749, 2.7933398476099773]], [[-1.3006050289062923, 0.16653969128380589, 0.7067037480079748], [1.202044550397921, -1.8909081810635666, -0.5923972508049355], [1.2147393804147981, -0.8568517054700011, 2.1497560484699205]]]], [[[[-2.9964558547108, 2.917734248138197, 1.202780365463656]]], [[[0.7256582872448569, -0.9194708720016562, -1.032124237425685], [3.0644958509619684, -1.3978189269442027, -2.2876111603063576], [2.621423268914951, -0.4963753658632781, -0.7164091676255309]], [[-2.5752927295996986, -0.05973107887758515, 2.954804577608331], [0.8948759031829091, -2.923830131715412, -1.5091063425630062], [-0.06794665374197542, 2.755164598977791, 1.5662056848333696]]]], [[[[1.4273753795419888, 0.7163342646981343, 