{"noise_params": [0.0, 0.05, 0.1, 0.15000000000000002, 0.2, 0.25, 0.30000000000000004, 0.35000000000000003, 0.4, 0.45, 0.5, 0.55, 0.6000000000000001, 0.65, 0.7000000000000001, 0.75, 0.8, 0.8500000000000001, 0.9, 0.9500000000000001, 1.0], "max_scores": [0.24717719651711284, 0.1664093135327845, 0.08326799135847734, -9.499998038897672e-06, -0.09792985160767476, -0.17101106936890265, -0.25295037817484634, -0.3455304876834715, -0.4296733755922313, -0.502255384128488, -0.5898785190543252, -0.7086804000440414, -0.7802252657049511, -0.8666687335197658, -1.0262397081947678, -1.0000000000000002, -0.9846609892324156, -0.8836296175922886, -0.8059622934605697, -0.697393532876853, -0.5994170758415862], "opt_settings": [[[[[-0.2246733766404341, 1.085746295736894, -2.592052841765593]]], [[[-0.9798340500441758, -0.6887298988638634, -1.030467145149609], [2.7205574689431926, -0.28161967265238463, -2.7678446754160633], [1.5395880907626716, 1.4993404475063716, -2.463272786722179]], [[0.8458117676266719, 1.5174345298947767, -1.7794374831141753], [-0.5138040894688577, 0.9415761106488238, 1.724976179562475], [-0.896796797266225, -2.895249667138945, 2.2526960503831983]]]], [[[[3.7708440446438365, -1.5486029144086273, 1.3158905028178105]]], [[[2.916056745742102, 1.8389690597101462, -1.865183405473766], [2.2226472733047964, -2.856866784321646, 1.5370323840973246], [-1.209630330923148, -1.8441837673614563, -1.0069774206386186]], [[2.8953148184864435, 2.244725329767358, 2.457104429448349], [3.094644475667567, 0.797088506096989, -1.8131801760942365], [-1.438092903272084, 1.971132028073645, -0.5964844429318679]]]], [[[[1.2327356299485652, 2.6535380784475344, -0.9571618538478643]]], [[[0.7274957113366827, 2.3569059267849504, -0.3814243137709808], [0.6029781907878756, 1.5906803704840955, -1.0709968009683242], [-2.4020282608906403, -2.987649806216038, -0.2591290003076758]], [[-1.3995068146407543, -1.2181176817805603, -0.3412653734427323], [-1.685094374778169, -2.2236898461155827, 1.2303338322956394], [-0.6074037841244025, -0.4239669213081576, -0.8895036464136226]]]], [[[[-0.22883626614006528, -2.1082278932645178, -0.93239517223269]]], [[[-1.54915737728605, 2.8007776159661404, -0.7170631848892328], [-2.5151859553123344, 2.3587309522778908, -0.0446836296035222], [2.1166785630387035, 1.6194988619233017, -0.6657441092849643]], [[-0.42406989061480443, 1.3166186258114465, 0.7361542602810962], [-2.3547221008498713, -1.7669676580528528, -2.5348682148324184], [2.9966927009143074, -0.1812551693464159, 1.306618039208285]]]], [[[[3.0545482401491606, -2.6790474927610433, 1.7386617067251866]]], [[[0.5346663880485346, -0.8291328679846199, 1.2467470289991436], [0.2140849025915182, 2.7268446300993414, -1.7148161053654214], [0.054576219644632176, 3.1282817998767105, -0.06359033518285889]], [[3.077484506285955, 0.4068764648385951, 3.04349443666604], [0.680796300210351, 1.130992188675597, 2.1750222985271037], [1.9164442354584905, 3.6135260031218466, -0.742447973831831]]]], [[[[-1.3743575634205867, -0.566194399811847, -1.2648089603512243]]], [[[1.3109820222675916, 0.689623878920793, -2.9115942272861557], [0.9363122761261544, 2.1038497586613087, 0.0830464448613677], [0.7412064144994368, -1.2827738198798984, 2.2039624839821004]], [[0.8196171874765548, 1.520732831430697, 0.6189042546404728], [1.014166376798494, 0.2777491704312539, 2.654829982440738], [2.2878676583152817, -0.23423461304163987, -2.9797574497109944]]]], [[[[-3.1590765975524255, 1.1860767651249096, -1.1997346154062714]]], [[[1.939320553787092, -3.2155227536829876, 0.4047187284955589], [0.05485258090512507, -2.418378348336954, 0.8510581473782648], [-0.7233877571470653, -2.1490389332430495, 3.043338077459844]], [[0.6376687909739273, 1.9477477600645288, -1.0991334643489905], [3.024809956064808, -1.6513238045349257, -0.06149988034504708], [1.7570927177693787, -2.3535954172015647, 0.6941665997070365]]]], [[[[-3.1936306310700253, 3.422610566786529, 3.023202818173618]]], [[[-0.4451796068462777, 1.576897226829735, 0.9483399654355118], [-2.590027613561333, 3.207594027780782, -1.4119307409214084], [1.0005118689720411, -3.4761492776453218, -2.4491681625694075]], [[-2.9086394536866114, 1.1626282261933572, -1.3656596653332131], [1.6454123557908653, 2.2529492189948264, 1.4273363951126559], [0.5996808632101632, -0.013156787553469752, 0.9956321101923242]]]], [[[[0.5451304129241493, -1.7572237940323638, 2.2892108067370565]]], [[[-2.158392555005684, 2.779332264129079, 0.09737882436121433], [2.136791277170419, -0.2871632787297065, -1.2580492957270666], [-1.399151602308247, 2.672789935828403, -2.5319305919090698]], [[0.4405126631614843, 0.470041270442248, -2.567642098829671], [-2.741486883295621, -0.93542920871117, 3.1082443975045884], [-0.6054008179001927, 1.6896631150509647, 0.7877471722625478]]]], [[[[-2.304168613290763, 1.7047454259127528, -1.2425550119092748]]], [[[1.8307291557522007, -1.891502379106501, 0.8601932472601126], [0.5839323577727206, -1.5327965921143045, 1.3434912876128342], [1.7660236803376572, 0.49755407982367506, -2.8269662263310913]], [[2.8805766302838194, 1.5258697908694805, 1.6255067319217762], [0.1752763117309302, 0.6731130311682689, 0.3571916570717586], [-2.291818685084044, 2.1164082318256985, -1.4102905537689625]]]], [[[[-2.9994236537601178, -0.26320557390594007, -3.1701676188119254]]], [[[1.761117253013763, 2.574649070045224, 0.2113537435684898], [-0.5814670461277682, -2.164675017966172, 1.1104099157475797], [-2.5965457953599933, 0.870533779718557, -0.4732234107145681]], [[-1.0545699160564517, 1.199475100160793, -2.5997907443854746], [0.8325616847129308, -1.897169006898711, 1.4595048961869832], [1.7300691239953356, 2.5352809330674204, -2.8990685075368003]]]], [[[[1.4165203658632461, 0.8011168578759155, -3.371712166940659]]], [[[-0.7643877329826152, 2.007334089660665, -2.0613730030005244], [1.1995550235377737, -1.8106977648452203, 2.9141229079233497], [-1.8669025661179222, -2.527222995034112, -2.19285282676511]], [[2.6686308260388003, -1.7881765143932085, -2.0707746010012307], [1.42602974582291, -1.4703735590209244, -0.44459187490443197], [1.7080377727463323, 0.8608350659973706, -3.0050217139700304]]]], [[[[-1.4433510036795731, -1.8565296296148746, -2.970042059227247]]], [[[-1.4099892408329715, -0.1977418213183805, 0.5838034250520479], [2.9774213745371036, -2.55073016384448, 2.9730193261829], [-2.4971257849121984, 0.8221482739405248, 1.8777444108239054]], [[2.3996334920043103, -2.990715202325994, -2.466496836935076], [0.3426260623189328, -2.087027151159245, 2.621905358273758], [1.1696535242573476, 1.5442608882254334, -1.351252035038608]]]], [[[[-0.12630137572594352, 1.3791783948549599, 0.7673688704916799]]], [[[0.4273234489837824, -0.6081786486341266, -0.0014340372933312638], [2.242092834669276, -1.8343087842271235, -1.2253135634296672], [3.046967551402272, -0.9900887208613047, 1.9367916560077747]], [[-0.044067789941777645, -1.1251496829379046, -1.5033763472504285], [-2.2480918604179485, 1.0128196817987738, -0.5393705420380885], [0.516361969423969, -0.3847974262631772, 0.31660326749849377]]]], [[[[-0.7958305925393333, 2.6665429961302274, -0.049292541710620696]]], [[[1.0527235902810028, -1.0647067929427771, -1.2775614431155211], [-1.957570613309444, 2.7573166186158713, -1.4719695363824503], [-0.702037248670463, -1.117783645118992, 1.7873372268430092]], [[0.4658333944246554, -2.4822584453470795, 1.505687444897541], [1.6288990677868758, -3.0490658402835455, -1.7856957031041898], [-2.390214285896374, 0.7609064208063158, 1.8410459885797206]]]], [[[[-0.4046281349531742, 0.26794035831499574, 2.7121562909674184]]], [[[0.6866156640831105, -2.719935209263731, 1.668116836192187], [2.0636340047509236, 2.950736544960927, -0.937770673312377], [1.422161169775694, 2.432452789022271, 2.6943796668457995]], [[0.3061647201882449, -2.8308538278249067, -2.110157124835002], [0.37283669377640205, 0.41100419461801074, 1.2573392304473323], [0.691065235606982, -1.3860845417812804, 1.1891736525465308]]]], [[[[3.0100141820206607, -0.425764619971811, 