{"noise_params": [0.0, 0.05, 0.1, 0.15000000000000002, 0.2, 0.25, 0.30000000000000004, 0.35000000000000003, 0.4, 0.45, 0.5, 0.55, 0.6000000000000001, 0.65, 0.7000000000000001, 0.75, 0.8, 0.8500000000000001, 0.9, 0.9500000000000001, 1.0], "max_scores": [0.24928148963033742, NaN, 0.05020240678530341, 0.010047662497400633, -0.060319785364589706, -0.14031060543210183, -0.22766978455791143, -0.2271441344580365, -0.29202372660804987, -0.30636446599092737, -0.3335637347366609, -0.38181548316224867, -0.4490810900198574, -0.43703540353108716, -0.4892426320520076, -0.5002010804172983, -0.5109521580844559, -0.43615228281756013, -0.418572049242654, -0.3723255079563247, -0.3389084726130229], "opt_settings": [[[[[-2.1714768958475172, -2.378193166108617, 1.7734287861722275, 2.5331242892006056, -1.2594798131901421, -0.17928722761460417, -2.078484048854306, -2.5396671469790504, 1.9006258172704937, 0.6701333794797573, -1.662734474605122, -0.6190239889498641, 1.6085286551557598, 3.0227303240334638, -1.7587177556107152]]], [[[0.9185690642105359, 1.813332915535189, -2.4535014712681193], [2.180841380935853, 1.2355425264933408, -2.220347766177409], [0.9134681059942044, 0.9736843412607012, 1.1204223658744032]], [[-1.4317674992288332, -0.05560177194670282, 2.712854892007117], [2.1846367563152502, -0.5376610509016531, 0.5412306177333699], [1.4311694351245576, 1.6133526442645558, -0.8948094992737028]]]], [[], []], [[[[-2.4775154370477894, -0.5140069606889898, 3.1076464280981098, 2.8838489373197347, 2.6511750479729135, 0.47906407630081815, 2.8737285271035495, -2.5687155026958295, -1.9040376708661302, 0.10552050088966988, -2.525612521325266, 0.8180923507280682, 0.5497788931614092, -2.396574140961967, 1.4126543322823395]]], [[[-0.7629077934674652, -2.6740204593988923, 2.8889636560640986], [1.9777772622714274, 0.3023576197134029, 2.8180851964655496], [-1.3315617519133154, -3.366350641238095, 0.6227203037839417]], [[-1.717806342540469, 2.4224788376514677, 2.191349201918235], [-0.8746086050025135, -0.7348258537999572, -1.938605124223098], [1.0870247488114904, -2.191011717682224, -2.473956729601274]]]], [[[[-1.190419951435569, 1.389697245980001, -0.08980354627071535, -0.801434272961121, 2.787830595876836, 0.8401455436824867, -1.9172412086714345, 2.356780179376007, -0.6321897931477608, -2.9808306107301634, -0.6726088806846707, -2.808503144876426, 1.1542026073802059, 0.905981070593772, 0.5615866262430563]]], [[[-0.3920798989461408, 0.9283238754895621, 0.07856436733998068], [-0.27427652909389233, -1.4211920938861622, 0.6170896537536712], [-2.0773073343548263, -1.9997887690803389, 1.5109384345123642]], [[-2.496695471639813, -2.1410549551343716, 0.33196466374511857], [1.129843526116126, 0.5979784391910339, 1.8990726952631656], [-1.593126011282208, -2.6043880474532357, -1.7947915551085412]]]], [[[[2.2030226091152314, -0.4661240247934334, -2.138735816097274, -1.3974868481725091, -0.9456449188086921, -0.4717461847816855, -0.8190099271702767, -3.1605438878254106, -0.9067958488052339, -1.786030725019413, 0.8536750602630221, 1.0476546315521862, 2.5824163310577712, 2.3450882587041937, 2.0491212674515733]]], [[[0.12026987887124331, -1.5430235970605293, 1.5685578940054379], [0.0961794246976786, -2.1284242242694877, 1.0540129049868305], [2.004622650896986, 2.6030614906702576, -0.8570083437360352]], [[-0.3928334690671946, 0.6681765194186357, -2.6072834445498887], [-2.547880134291155, -1.3520061055213668, -1.5618062081627988], [2.2004440358247375, -1.9793233164524273, -0.2328889606058757]]]], [[[[0.5186572469474097, 2.961617530271469, -1.961528564758151, -2.750911471367783, -1.2147746962539454, 2.0035267098602216, 1.8771489343284398, 3.1469891950367335, -1.288881441503099, -1.6076748806976124, -0.7645343907302642, -2.1031781684772133, -1.42923115404925, -0.26141286000400116, -1.196170668061395]]], [[[1.146945090158227, 2.2462900337158054, -2.1505118751071794], [1.4730901526366489, 3.007624672442907, 0.21561631897743713], [-0.404597186336225, 0.9142843998589437, 2.6529131055178192]], [[0.3336874132984673, -2.087895560889847, 1.7203635652305866], [2.5476235630380653, 2.2323343083088667, -2.798538894288674], [-2.937426639385826, -2.493144788374162, -3.0773957234481966]]]], [[[[1.3698653104202136, -0.5047597492967404, -1.0512368316221934, 3.009946478880657, -1.2766758799119045, 0.9781694222726733, 2.043222197709371, 2.285205660663967, -0.38592601506101465, 2.1367179011877853, -0.7624269343072233, 0.05291812094910971, 0.06361055553088676, 1.961168354489514, 2.083573051101965]]], [[[-2.8787533982455176, 0.568035983720117, 2.5814582959201067], [2.4575193586403654, 2.7895362995577053, -0.8688838737656059], [2.5568873716539455, 0.2667004989644955, 0.7957119643163337]], [[-2.8961867632848146, 0.665861508879879, 0.15986243581553686], [1.2875591015739196, -2.9855712724863097, 1.6910073966454462], [-2.6422252853159707, 1.114008278286815, 2.3008775246181052]]]], [[[[-2.052217330695356, -0.5614189223118394, 0.28856976138365326, 2.829675787611157, -2.1422281705906348, -1.069370621364615, 1.035394450962946, 1.6130075450776837, -1.965080166161737, 1.1623401390285562, -2.446989831966262, 2.8321880828355463, -1.0972246020472096, -0.30712518617434276, -1.480254077428108]]], [[[-0.5645254401398764, -2.2535295248914733, -1.0655105046144193], [-0.41897549416202046, -2.6453038000306495, -1.2167982297788162], [0.4670836005260437, 2.2872912917522568, 1.3407187680500572]], [[2.266758925603682, -1.2168600489590882, 2.6344523167567786], [1.3210362476004998, -0.6726898613688714, 0.8313552025107271], [0.7256371485957145, 1.0732570803009578, 0.8643038617043324]]]], [[[[-2.3722399070538347, 0.29868579958097247, 2.199072508137971, -0.5632619967032992, 2.207620169320775, -0.3600070066674953, 0.40465518637737335, -1.5403560331217843, -0.9166368506558731, 0.7460738017448594, -1.2225339636368375, -0.24689883754248756, -0.9591268793546583, 2.048555916217534, -2.2977169272321265]]], [[[0.222071307833157, -2.3926371455896662, -0.1807290752077977], [-1.3301221745614755, -1.6002161364893537, -0.1472331168062957], [-0.215659634669029, 2.1992527746263555, 1.212531350391572]], [[-1.0342484435634252, 2.6512681196750547, -2.931914707995024], [2.821545942545024, 0.24694807972169291, -2.2986706393593805], [3.107654693758868, -2.9636249782742206, -2.5789243782871263]]]], [[[[-1.122871838402686, -1.2825771117197964, -1.7642239531154562, -2.6237574286221017, -1.0617052198109735, -0.6658508300696226, -0.4880023444517917, -0.9781437181327884, 2.738611984142831, 1.5945075336454264, -2.154978588582512, -1.4000818762994571, 0.5685216540613446, 0.9643574069334041, 0.3008036620638654]]], [[[2.7120940243804847, 1.5683618346331107, -0.7003159728510862], [2.2200319647987348, 1.4605825788915523, -0.8518348374903928], [0.11781112767315488, -2.8149420823510423, -1.0492539360637814]], [[2.7491022834969434, -1.2627184719318603, -0.07839522792066497], [2.2803718092363097, -0.09489924245759486, -1.9476497723966195], [1.7535810645173278, 2.858125499791314, 1.8283761907184468]]]], [[[[-3.0916730940005688, -2.9734986621852033, -2.356973659974782, -3.221404073611612, -1.4921025715755787, -0.9384143489170749, -2.1181652202134953, 2.586546489833668, 1.9735233395811167, -2.261231166767002, 0.41561709080320075, -2.875248411298549, -1.5150941906301425, 1.7162870943563882, -0.7170550501149331]]], [[[0.3777660276545463, 2.6360583238118807, -1.7781803038434125], [-2.610911528465501, 2.499794397357785, -1.1287015606557556], [-2.24506406354216, -0.3350914414514231, 1.5539955238704204]], [[2.6708852062976054, 2.5365138710674704, -0.6647461179127463], [-2.487269789729783, -2.7068712329968245, 1.0927153161478351], [0.24355243165547671, 1.2614261203412107, 2.5582355844882043]]]], [[[[1.8768148572351524, 0.9847856406429283, -0.7786301119580419, -2.315447143806573, -2.2515636793758116, -1.0625890817407548, -2.9733615237736006, 0.8589662818232712, -1.0270878998721091, 3.019855815216102, 1.8456797005797012, 0.30442267911391196, -0.7144191836531535, -3.1942451659951825, 