{"noise_params": [0.0, 0.05, 0.1, 0.15000000000000002, 0.2, 0.25, 0.30000000000000004, 0.35000000000000003, 0.4, 0.45, 0.5, 0.55, 0.6000000000000001, 0.65, 0.7000000000000001, 0.75, 0.8, 0.8500000000000001, 0.9, 0.9500000000000001, 1.0], "max_scores": [0.2407879149217932, 0.1394668589381367, 0.0827770706926736, 0.0058237307584452225, -0.060491779516058, -0.1258900441636186, -0.18409115600485793, -0.23300094282185846, -0.2683229952556211, -0.30070225724446675, -0.3349642579762217, -0.3690538835045911, -0.40206353935699224, -0.43463297997896544, -0.46829606804303936, -0.501313902380701, -0.46822253887393317, -0.4378882405967506, -0.40141296150221206, -0.36853086126962986, -0.33427190811900276], "opt_settings": [[[[[1.2358611896339091, -0.16806623355340905, -0.8092533155537317, 0.011108448534436974, 2.834940977731326, 1.4128596909689817, 2.0598050372858534, -0.8037834464897727, 3.159969235106198, -1.10398776635738, 1.8900126647304574, -0.8648366218384732, 1.36078532871288, 3.4566286673339053, 0.8331426916518783]]], [[[2.6039469039241725, 1.0942080801658076, 1.871508612664695], [-3.4280720789531234, -0.19671593426659045, -2.9300751265580605], [3.626971661227708, 1.5123300760333247, -1.5979378950517407]], [[-1.5111373001594928, 3.3997433377101802, 0.577668374972827], [-3.7973639642122796, 1.318139950663432, -1.0987908610492476], [-0.13676385516683248, -4.11944476015062, -0.6712064190880612]]]], [[[[1.4221452110310053, 0.6489754923367766, 1.9281032732945098, -2.697748885452143, 0.5404083979928197, -1.13144512162344, -3.0448706528800082, -0.3287076751070187, -0.9279288100208815, -3.4795090266702213, -1.7303371560588716, 2.2528356820101236, -2.85388588430901, -0.4993043289930652, 2.4874664047030195]]], [[[-1.7346834252210956, -0.7748494290339804, 0.13222917334513068], [-3.2363942001335597, -2.2810208587934433, 1.0041598256862942], [2.6884962572213635, 3.149857346449419, -0.7638383892866171]], [[-1.0661159420215858, 0.8964629291637006, 2.7440823996636317], [-1.4571776224771913, -2.1969432811325573, -1.768657527628337], [-0.2881026139055257, 2.9221331905898786, 0.330098613387225]]]], [[[[1.5564027927313713, 2.1037660212167393, 2.7725658701082176, -2.0913403156655326, 1.6653502648263019, 1.544440304011561, -0.47529003283894794, 4.316683422274444, -0.7379363493023618, -2.5626778686927816, 0.8042008360340024, -3.8281724523490626, 1.1146739557543603, 0.013365663041068815, -3.329149414716986]]], [[[-1.2051698758833866, 0.7154620480453031, -0.10961377811450873], [-0.5683769890948986, -0.5294820043764279, -2.052981501721951], [0.7548603521523926, 2.8568870197026155, -1.0988556800952898]], [[-0.06818573750985624, -0.904449548674776, 2.1537826224241923], [-2.4649178732783597, 1.558841155300303, -1.6708362588452241], [-1.2845942324943205, -3.2026445810542192, 1.1244163165499221]]]], [[[[-0.9975569983231707, 1.0797856751100579, 2.2515846777973367, -1.908172271460233, 4.228090361687357, -0.5253244480096442, 3.853643893213618, -3.870335731050702, 1.879586118030598, 1.8937171038384344, 2.742577578804792, -0.6505638749588406, 0.4712144103882939, 1.793048017420051, -2.451960430210004]]], [[[4.407473752264974, 3.0545134298166037, -0.04901286724102192], [2.2251755016135273, 0.5259846440915099, 0.13823430773649728], [-1.4620190877675767, 3.3666732041819216, 0.9455068404413355]], [[2.684873903376576, 0.5629930866922317, -2.8381465945229314], [-0.1393662764709399, -0.3443265994021665, 1.798661132413193], [-0.19085953498976915, 2.9957133895625523, 2.764827911902051]]]], [[[[1.2009185764120986, 1.8108337306670002, 0.004993658877732524, -0.5377730809321147, -1.889270237731127, 2.9075034400162285, -2.001951889677169, -2.1261448034359645, -0.7032739236390464, -3.229450524032885, -1.938288018572683, -0.562608415240678, -2.091103203304414, 1.5457734321201804, -0.6436243026764624]]], [[[-2.895054243765978, 0.10005992579732761, 1.1684589488115755], [1.0605899877378238, 1.4152623188923699, 1.928971094654841], [2.0842990937444705, 3.987899029845455, -1.0932769654091234]], [[-0.8144087233283693, 0.6161161580703044, 2.3643161767796395], [-1.7144920944034934, 1.9207337532416124, 0.23410323196384042], [0.5583133831620853, -0.7395304358686496, -0.7973975989002804]]]], [[[[-1.0560950101565705, 0.5559492778002242, -3.33510982602912, -1.4990055953134935, -0.34838309798520206, 2.094910018317686, -0.7874680430847114, 0.6857860500053534, 1.6049567656886161, -0.8134620156507294, -0.47877950506861155, -2.788571729173932, -1.8793387410990015, -0.2152309803403697, 1.6655416226014566]]], [[[3.0064287857538035, 2.8194887512535827, 1.653664117823668], [-0.3644348270384057, -1.3865129281369442, 2.551961382820559], [-1.8060762797649725, -1.3413938665168446, -2.9611085488377933]], [[-4.159194888741603, 1.275047692184334, -2.784726057165769], [3.100590773081674, 3.7969802997120863, 1.2837468660105718], [-1.4563909994425317, 1.6078499040966547, 0.6264372983007724]]]], [[[[-1.3912321997063855, -2.8229375784217576, -1.1738790615844832, -0.26650937809556624, 2.6295642543405178, 2.0403983085933586, -1.4748331495200788, 3.5660135884076687, 0.5696087985140449, -0.8470453572744335, -0.12764095041916845, 3.9907754308885957, 2.1460283714898525, 2.2997654123051685, -2.587719137743986]]], [[[1.1594408113929167, -1.5125526352923204, -2.229013295050554], [0.18279286668017594, -1.3588079811842793, 2.3037952166059243], [-3.2865757298944116, 1.7164808993708964, 0.18699838410292652]], [[-1.1708433937560756, -3.0569365469476564, 1.2096706432671631], [2.8688561637427803, -4.146673799274768, -2.43631328772845], [0.5559086779160624, -0.9264024957921293, -1.0250288117275395]]]], [[[[2.2979809581701325, 0.9809424200908272, -1.3631995779581598, -0.5673563164449527, 2.2939966438191317, -2.2750465743853683, -0.9932642366716452, -0.3775269119735676, 1.0862003168482475, -0.17314796967745438, 3.8746162494821816, 3.0616033529082154, -0.6860340234076828, 4.396180329312667, 0.4034633801320995]]], [[[1.6742957319036078, 0.04231568606094073, 1.3254718250897815], [1.218476862741985, 3.067361579594163, 2.565176757692205], [1.753032776158746, -1.7862726205201775, 1.7063779241880892]], [[-0.25968626050592625, -0.4769504242082258, -1.1962901041681795], [1.8279186524515165, -1.7315035721180172, 2.0537746615035997], [0.818625633398553, -1.5691712497475026, -1.3681341535842282]]]], [[[[-1.5800680867691266, 1.5779074532938364, -2.8292175473213246, 0.6285130474354124, -0.03608724178944368, -0.26933551559691155, -1.1437252033799081, -0.5033387644150098, 1.8847232055784886, -0.19710756190968814, 2.7171117737673742, 3.061927398267884, 2.3240560201246976, -1.1354460465291687, 3.3192951555029824]]], [[[0.47828184213968017, 5.1039847845435435, -1.9649817987740394], [-0.28095477065066166, -0.9845899128176403, 0.8762371668419292], [-0.5242094778351618, 2.2141621915949696, -2.435394665506573]], [[-1.3618347883022126, -1.8274290041764933, 3.0474642176663687], [-1.5872042707369096, -1.1634430130893039, -0.09679200929208409], [3.104779051216191, -0.27529504323466997, -0.42057119651109826]]]], [[[[-1.1610672658765944, 2.0854918954612325, 0.8688601572878338, -3.387195416269153, 1.54590264226286, 2.6910743998921065, -1.6565796737810305, -0.22620916976407585, 2.4102728773133446, -1.282619547278669, 1.9836198759832475, -0.8349056231201187, -1.2257484237402068, 3.8498045963778753, 1.7591883706558222]]], [[[-3.562239267362549, 2.5554695029480317, 2.3599659960584902], [3.716182796684728, 2.6176984774078433, 2.5242632013095267], [1.3215986535297906, 1.3799914878804613, 1.7791120913322815]], [[-1.701370812877255, -4.683645719524382, -2.447416203656479], [-0.05762541512549829, 4.141084693743769, 0.4011547518232553], [1.0936297000431476, 3.320655978607579, 2.322471197577746]]]], [[[[1.792114921499227, -0.41141613952814726, -0.6128778294576053, -3.1959295456760968, 1.8744882399190408, 0.8286974861261639, 1.2275765175979787, 1.4047230704322122, 0.057176276088102856, -1.5943611293099493, 1.5618210324484119, -1.7463314893865935, -2.296273197311859, -3.443365128177118, 