{"noise_params": [0.0, 0.05, 0.1, 0.15000000000000002, 0.2, 0.25, 0.30000000000000004, 0.35000000000000003, 0.4, 0.45, 0.5, 0.55, 0.6000000000000001, 0.65, 0.7000000000000001, 0.75, 0.8, 0.8500000000000001, 0.9, 0.9500000000000001, 1.0], "max_scores": [0.24159751227058046, 0.15998369221607134, 0.08694694481456144, -0.0815395749400123, -0.12628257248015795, -0.13413953973065196, -0.20243360119483989, -0.24848620986248215, -0.32544078242584595, -0.3065834194297228, -0.33384010475636483, -0.36731764652464005, -0.4215558600005246, -0.4450049879888428, -0.47403352584211356, -0.5002198647174588, -0.4828288543243877, -0.4474880915981089, -0.42220663462457897, -0.3922991139091163, -0.34163587658469463], "opt_settings": [[[[[-0.5017283948011361, 2.8830865882201593, -0.4977182646450528, 1.1184654186809175, 1.4266123809111642, 1.1312910170094224, 1.9586696812799125, 1.5867566500278034, -1.1991545105796924, -1.696742848704278, -3.659325260255301, 2.2573499391717537, 2.6416846171856774, 1.7333482049891398, 1.4691104575676117]]], [[[0.6310650862894399, -1.3614475677161872, 2.58993890633812], [-1.681681946835051, 2.4666267860497557, -2.2328154184407283], [-0.9564247645345283, -1.0120142940828856, 2.922235614942669]], [[0.4513992022733711, -0.5922529652333225, -1.1887056149756206], [0.25235284061853286, -0.4451538701364893, -2.2466926510944467], [-1.1923097990220035, -0.6274088455062797, -0.0755613530274033]]]], [[[[3.2205185424126723, 1.56542775231485, -0.23601628217054435, -2.8622414927069464, 1.3340695791017692, -2.1967462669999303, 2.057053387956781, -2.274179468178399, -1.4396854075013288, -1.9550785662080945, 2.9463472273898033, -1.5045257224424817, 3.039769471434408, -1.0071776724818493, -2.1545733654849037]]], [[[1.0004359539279393, 0.8190434692332274, -0.9424232827242025], [0.48869853633826565, 0.3303040865080097, 2.207981449253176], [-0.4382244715967508, 0.669424957519114, 2.704273145848889]], [[1.7908391886284274, 0.9197568441010017, 0.6434043958523985], [3.0371974943631472, -0.05460905079119952, 2.1714179327076097], [-2.1051268346623027, -0.646584615176424, -2.763684530901036]]]], [[[[0.6398120189896617, 0.8059517236095755, -1.179699155612818, 0.3307752651712499, 1.355833811408621, 2.1459776081773776, -1.607523286961177, 2.648698577422188, 0.45555268835789525, 2.137701524052885, 0.053039130361563755, -3.1112209341106185, 2.1956967710743847, -1.6665857765373169, 0.683576609048142]]], [[[0.3644702193945154, -0.6082764561771725, -2.98210449537105], [2.8397090907417795, -0.1613046116154734, 1.9737905148895365], [1.991205714624767, -2.2625355923340513, 1.0777583646107258]], [[1.387133715751964, -0.0806930172092816, 1.7663258982443821], [-2.514259969317932, 1.1385753407730905, 3.070708116924397], [-1.459027208411449, -2.0124567661898896, -0.4419951068833008]]]], [[[[-1.3537919782190841, -1.140434779237534, -0.1577682618742351, -1.479688272971337, -0.09874403279562857, 1.208642540523956, -0.8555408798763529, -2.379347383461356, 0.7882345990579775, 0.43803936432569784, -2.029876886979312, -1.4305682940443427, 1.2831748249090023, -1.8882620661444742, -0.86152916809697]]], [[[1.2684592198007802, -0.7264842917513413, -1.556046708279503], [-3.056409700061273, 1.307149106795208, 0.18053132306879863], [1.2396381011557964, -0.4954753335143736, 2.9367555316499185]], [[-0.08734163071058637, 0.1506898452965294, -0.7564195774412199], [-2.055707896440309, 2.7266752505289378, 2.4968545486477884], [-1.3863886915252759, -0.6829210050839445, -2.1119153721309147]]]], [[[[-0.12721317387884287, 3.110444366428187, 1.6726515993787985, 0.6353848371457694, 3.018822165106849, 1.6507626751669473, 0.553656117740473, -1.6301529421664707, -2.133013717431029, -2.4825313995760645, -1.5773176058036988, -2.274872607932912, 1.9305703992274867, -2.2953188038542582, -1.6703518492951142]]], [[[3.0486518717941835, -2.4667042666687715, 1.6977825677841967], [-2.537086685293182, 3.3920328399001938, -1.3468908914848894], [-3.058520924105167, -2.788700014737687, -2.312549474894745]], [[-0.42283656907218886, 1.1577534913571703, -1.33379070699273], [1.647535760539659, 1.0876264324552851, 0.2679182598166099], [-2.3512705217805996, -1.4249951603875495, -1.8217483979682574]]]], [[[[-0.6594321179224929, -2.5576107479552017, 0.6724473769851085, 0.6827737658998871, -3.2022559012670713, 3.0863453910624847, -1.4570053245691401, -1.5337156472685083, 3.0469011130226926, -0.811288463045055, 2.394531188875751, -0.3875090318729296, 2.3642266171485775, 0.23925362802342703, 2.066611325100338]]], [[[2.6412678770806663, -1.7715433354933288, -2.7116255982460364], [-0.8846145123671488, 2.4007676975056302, -2.66508714858465], [-1.6578169819744188, -1.7532604588034892, -1.0073930526090065]], [[0.5178331582083086, -0.4265310310679763, -2.847999980485209], [2.1554000099202266, -0.3900364678248123, -0.5902745631929815], [-1.54320342863448, -2.240019753768228, -1.089080416923562]]]], [[[[0.2816698702128746, 1.794825090762443, -0.6032518058354109, -0.3735113648986682, 1.3667871440957056, -1.795556139450423, 1.0921403572973813, 2.015502825103744, 1.4835149731895763, -0.35841629565472216, 2.77007323854747, -2.894218478551997, 1.9016122158510644, 1.2734570591184011, 1.180731420469509]]], [[[2.3691701207911158, -0.08887419404170807, 2.4617973451066737], [0.3563895759621387, -0.7167815147173233, 2.6681930405886796], [-0.6767909255769659, 2.6534754659117707, 2.10862990390381]], [[3.143688902933579, -1.696757832453573, -0.8085314156647025], [1.9079424775235247, -2.1653342690295894, 0.8829684311813786], [-1.1494197741180956, 1.3124566126619661, 3.0851195311609914]]]], [[[[-2.2647987750757324, 2.1532588724812274, -1.5117551567670422, -0.4789606886095914, -1.5105282803817697, 1.0172659843214955, 0.501092383317369, -1.7687758141943077, -2.466134244230722, 1.2875260407607, -0.3391461846242385, 0.9049328728994491, 1.7339265987508372, 2.0078254860677456, 0.3196878374579607]]], [[[2.2781081578481426, 1.8093679122350665, 0.1168352467441892], [-2.439237264728659, -1.80017063115586, 3.067542761466603], [-0.21928138419087742, -2.6395328809667724, 0.7283950547952824]], [[0.884725188957997, 1.144419580257289, -0.2209710914240262], [1.1971863892104717, -2.184184750183012, 3.0308688608117977], [-1.604130578070879, 3.4417819752821974, 0.923535262172245]]]], [[[[-2.188574508293065, 3.1013696899246987, 2.0994818178537584, 0.8006143048326158, -0.8739530132607012, -1.8494229416994914, -0.4410351658787822, -0.0006320464491096876, 0.08737687525239544, 0.5929891289599881, 3.1179487207755177, -0.3839517769668017, -2.686423090291797, 1.3512680970526953, -1.382285182875787]]], [[[-0.9373478746257954, 0.2693165263923632, 0.7615292683526587], [3.2244011790797558, 1.8040099801168277, 2.3729327360897683], [-2.5632216756730135, 2.1920206287227857, 2.1138653285193847]], [[-2.6270558441618834, 1.3991902999899102, 2.8839851686861735], [-0.5917056359956296, 2.288910362193574, -2.260402844725474], [-0.16865353780081244, 2.730103121741974, -2.376683774714828]]]], [[[[-1.062925746291385, -0.32229208692997907, 1.1192618199838278, -0.7170391524724603, -1.082600852979326, -1.906344264315577, -2.4024422878053984, 2.0506841610627946, 0.4097146078522943, 0.9245507117900432, -2.7903546865315905, 1.2294409143536777, 1.1387827443682392, -1.2195643828889047, -2.055363232428757]]], [[[-1.2290170354298728, 2.172406624199532, 0.574453816550967], [-0.9584165846373414, 1.6228474011211973, 1.6707409370890955], [-1.8263053515858112, -3.04493687242357, 2.874933044704431]], [[1.555295526368219, -1.4516861078494703, 3.048934767000153], [2.6065700571202313, -2.476161163439227, 0.9030818216581924], [2.472329753112131, -0.6147846402091597, -1.6446427611231624]]]], [[[[-1.4785780466573237, 2.6587678487980195, 2.402612946583257, 2.3655033187186834, 0.7291403132792572, -3.143606545028527, -3.1749645540952858, -2.618668634184306, -3.1141410411779837, 0.18079635367429842, 2.8281559477021156, -2.9648814125975274, 1.1927315079479073, -0.08730162284360381, -2.7257706703817557]]], [[[0.6394072701643458, 