{"noise_params": [0.0, 0.05, 0.1, 0.15000000000000002, 0.2, 0.25, 0.30000000000000004, 0.35000000000000003, 0.4, 0.45, 0.5, 0.55, 0.6000000000000001, 0.65, 0.7000000000000001, 0.75, 0.8, 0.8500000000000001, 0.9, 0.9500000000000001, 1.0], "max_scores": [0.24780336011085952, 0.13977635863140336, 0.06652788970373247, 0.012173325039649852, -0.26814962705391454, -0.15549518001384754, -0.18031629126493776, -0.23938510071576036, -0.26737118846882857, -0.3039786305464498, -0.36462441583640803, -0.3793186579290736, -0.4032054576011279, -0.4939637118957949, -0.48397840919339696, -0.5163552040859883, -0.47218628422662445, -0.44797912800723905, -0.40754655077026936, -0.3917861878378246, -0.3498303914123053], "opt_settings": [[[[[1.8809056128425778, 2.7392702217344618, -3.2818341781701004, -0.21975394226390116, 1.3167943765258934, 3.791040888427213, 0.16611001963832275, -0.5245527490774095, -2.500424592547166, 0.5078139007274908, 2.8853855275469313, -2.3661330136833367, -1.5677911427390976, 0.49923211465578426, -3.040929331907587]]], [[[-2.9709152147695623, 0.414720501821191, 1.1316192821217665], [1.2860993064406283, 2.1598883862183595, 2.6222339650383386], [2.980905476047067, 1.2328440831337202, 0.9324396857816923]], [[2.4152266914578338, -1.9089067836782416, 3.011696029933665], [-1.5614461899421572, 1.9468665290722098, 3.0547387365424], [-3.0173085664052692, -1.9106308491678838, -2.0963027535085086]]]], [[[[1.4421375026542218, -0.9312479785175404, 1.2209966207987872, 0.9266496495781881, -0.9529066585157627, 2.3475489172951622, -2.369468153254921, 1.3563170524450003, 1.0072904978912929, 1.6681870683212705, 0.30787187278948785, 0.14705568785190698, 2.2129769785125974, 0.94472783492616, -0.7448113110716966]]], [[[1.247187560574511, -0.1387584647741104, -3.086547341615787], [2.6228192716971237, -1.0863223953536811, -2.959200305733848], [1.7287663591239155, -2.694282602812744, 0.8992178608254493]], [[-0.5443237575454368, -0.3213955045792936, -0.5339382612436743], [-0.9162040886614299, -0.32320200993633746, 2.076858697483149], [1.2619692711908805, 0.4184689390233837, 2.177958514364172]]]], [[[[2.9666399682477325, -1.3032224185775252, 0.5634757990538527, 1.3141847410755818, -0.4735661836516063, -2.402765214443127, 0.9520921555320739, -1.8995521190072908, 2.678323809884276, -1.6945306693784181, 2.6332175259348043, 0.03818222516500837, 1.9631454499624343, -2.0192411984297265, -1.261588134196912]]], [[[-1.1365771831368219, 0.20534369069783573, 0.21165097039686434], [-0.24690309555902568, 2.975926937864954, 2.213014473130661], [1.5205146332679749, -2.0205456382287488, 2.300172591557925]], [[-1.4865203976025159, 0.32283329236562025, -0.9608601354831676], [0.38804713836316196, -1.0085941707089012, 2.2635098600218377], [2.0422761794711044, 0.16841304229582327, -1.6759609920544167]]]], [[[[0.7924794109213603, -2.8517113783529338, 2.5008653693785527, 0.7715276757904771, -0.18042366226064424, 2.220261053530605, -0.2729673624919248, 0.31812600215313763, 0.1379369847698582, -1.821603250647031, 1.3125010971831281, 2.2777852161984415, -3.227549703098634, 1.7002400817520538, -0.18539651469754706]]], [[[-0.03988473692288141, -2.8158630820008046, -2.2732457816728533], [-0.9195971867533439, -1.5113535448344604, -1.3758659595115832], [1.35799241706396, -1.942082636351185, -1.598725000892315]], [[-3.0042719238477247, -0.8219145658020758, -0.3019541014313191], [2.4920741315660617, 1.0134704350411723, 1.5729118448742119], [-0.4079146500872062, 1.5956841792283738, 2.015546738910624]]]], [[[[2.7902300886327325, 1.1761499117583456, -2.6204472441356956, -3.2490483138042303, -1.3717260427867095, -2.052005257411107, 0.9916383675634307, -1.2507456783778366, 3.1703546537041696, -3.0347333534689884, -0.7194849379281539, -3.0559873539089732, -0.08903871784661267, 1.8763883091901261, -3.171770114527515]]], [[[-0.8105083949295839, -0.9610037258285448, 1.042480467953819], [2.4898973740335926, -1.7603382297950019, 1.6161283040058159], [-3.0250469717559847, 3.1571000739163755, -1.4508624315914769]], [[-2.2815178485042344, -1.8186396171259178, 0.4582885990381272], [-2.421553307260361, -1.3018233850154972, 2.5218532139067644], [1.7820166058406648, 1.4128468288967824, 0.9732737015515651]]]], [[[[-2.3507338139210914, 2.6160451573181653, -0.03675562308773796, 1.500307775202412, 1.8339183288050716, -1.0082729719450858, 2.0319251541018897, -2.6730875964569316, -1.6616244639443338, -2.937545808000014, -1.9478167432986078, -1.9678348753538797, 1.6566319284594915, -0.6201837788037404, 0.5292657152505051]]], [[[1.3790264323128454, 0.19544900350118505, -1.3674240441358567], [0.9181589393221015, -0.37761622569770065, 1.7978444680777992], [-2.8257798127565437, -2.0159996987453934, -0.9683405928781044]], [[2.963312688482202, 1.5771645121092663, -2.321917121337928], [-2.936247775149203, 2.814354146566363, -1.8057517228907196], [2.2172740508544613, 2.6795125909429967, -2.04075871350355]]]], [[[[-3.3587649696480204, -0.7431590540993261, -0.8596909015257289, -2.856249557483161, -2.596466322320831, 2.5843392955394124, -0.8794221605960831, 1.0281011021079738, -2.454033136022973, 0.11794820870254646, 1.6449837527172264, -1.4966746251234955, 0.10511976990093189, 1.4552799017226676, 3.153044289057374]]], [[[2.4825822366211265, -1.4801353844481362, -1.3859675553579232], [-3.2751525320840953, -1.326084308349263, 1.4737507573806257], [-1.1230473736152649, -2.7759692201200514, -0.8762547189750691]], [[-2.9549903080598674, 1.678864171913033, 1.2041679601991682], [2.4791795816417963, 0.12438349217932199, -1.0691627788431464], [-1.9821771708719806, 1.7870440061154815, -0.4288247312610638]]]], [[[[2.744508257402769, -0.19738335507980878, -1.7635704273393829, -1.0215049703498391, -0.6708612400076511, -0.726801029768195, -1.9525708775031452, -1.6312385156450062, -0.19339760531248665, -0.21003484346976106, 0.9368317576396239, -0.8317456176656907, -0.575502335900866, 2.3656713085319816, -3.002492255711563]]], [[[-2.445246895179992, -1.6712373003522616, -0.37609187554188633], [-0.37627999565349796, 0.336092089929799, -2.1130262807389713], [0.7177015916274598, -1.994140848840351, 1.5278994624143571]], [[-0.08686951189262294, -0.0351014772227726, 0.8361517755015471], [2.6091529511340585, 2.9131440287280226, 3.0685480296044503], [-1.7568652591548402, 0.7109260030078665, 2.153707360318454]]]], [[[[1.975672850845388, 2.142102504551429, -2.5854592622695427, -1.9406354072872185, -0.7047839243765388, 0.5995406451626274, -1.8927528981226607, -2.4372755004014928, -1.9378146777974556, -0.14186914736089876, 1.6767040599484402, 0.48988456146091275, -2.4849091796199185, 2.6179195814371483, 0.6898425441036472]]], [[[0.8921875123622113, -2.734916449147642, 2.9087533188278893], [-2.2962029557705566, -3.167957110397736, 2.5396667435578886], [0.21751934788027233, -2.674525201058485, -0.42162975518691637]], [[-0.5916214074347239, 1.0792283192798315, -0.8687857934606678], [0.15661941468860005, 2.3880146449462414, 2.4819559515052916], [2.3067361451256096, 3.123701623903042, 2.7451260991552147]]]], [[[[-0.4123031812276451, -2.7431473383991842, 2.992478137464553, -0.010257957727936586, 1.1522339698252384, 2.536964390321611, 0.16693852408641527, 1.5468138673843173, 1.4629373741489473, -2.319057162127372, -2.6185086368534476, 0.3991615119466999, 0.01096369011329204, -0.10856584896329212, 2.018336235463348]]], [[[-0.8252073531179608, 1.8876852064876437, 0.4530496370351583], [2.7888344501824887, -2.5951082081977557, 2.3176105843748926], [-0.08326210519495378, 1.9446689433826903, -1.9602173623323809]], [[1.212100684503073, 0.32801804351640274, -0.7081984246947841], [2.731318486454061, -0.7438748448774211, 0.6128178310218524], [0.25886824194552027, 2.6719267742873156, 0.6292930637636944]]]], [[[[2.4717165065042486, 0.7068498186453579, 0.9088937033695904, -1.1882727778385709, -1.9676874341265096, 1.4620016262113589, 2.4146523995003073, 1.3477094617811383, -2.991838817815041, 2.7571193013059037, 2.2457568534841834, 2.472451640540054, -1.5257556320535397, 