{"noise_params": [0.0, 0.05, 0.1, 0.15000000000000002, 0.2, 0.25, 0.30000000000000004, 0.35000000000000003, 0.4, 0.45, 0.5, 0.55, 0.6000000000000001, 0.65, 0.7000000000000001, 0.75, 0.8, 0.8500000000000001, 0.9, 0.9500000000000001, 1.0], "max_scores": [0.24480451469697972, 0.16542303745380327, 0.08100286172731486, 0.007098240154781443, -0.06266558167391578, -0.17200711086197784, -0.18521138462585052, -0.23895267015205235, -0.26861277960591146, -0.30395286429360013, -0.33607685641048785, -0.37558233917639405, -0.40262613074079145, -0.43604172035092137, -0.46844711354218493, -0.5007862756409771, -0.4695429105935076, -0.43650999943352287, -0.4019362465006038, -0.36938321496742743, -0.33538807494334266], "opt_settings": [[[[[3.549572181270435, -4.801288444497249, 2.864697952593273, 0.8911977011096852, 1.676479781980242, 0.18364122519192166, 0.2194577033351536, -0.14048653059345634, -4.027992680904639, -2.8357852540363115, 2.0656991377625022, -2.9570055801017676, 3.2607982472494674, 1.4332349798810577, -0.42865600207619936]]], [[[-0.8303841124027469, 1.2683920010564393, 1.4121933674380842], [-2.2881682882017427, -1.0586707157669217, -1.3276321514009277], [0.1766640041888588, -2.879786273694506, -2.5504646021316155]], [[0.9390749842852733, 2.293467970433038, -0.04438512285211068], [2.059878034066897, 2.611364900117557, 1.0716566905830918], [0.9804630393462707, 1.7376727488028925, -2.6894844741557904]]]], [[[[-1.3214820840038801, -0.7531592917728465, -3.0416944109111776, 3.2291408463190368, -0.24095892362499238, 3.3702048817843098, 1.7217886411869165, -0.07829018798014774, 2.219613268771363, -0.28744791289948846, 1.5198634916996414, -2.960863976774454, -1.5615589238740257, 3.087384100263181, 2.0870607790751623]]], [[[-0.2384197182317608, -1.0570049878086358, 2.8856181330296], [0.6895096765850803, -0.3737475955995637, -0.06536375650582378], [3.636624903910262, -3.1534501917711295, 0.14587504010685118]], [[5.134937177783322, -1.1456885049335588, 2.587977808263162], [-1.2310490894907804, -1.7549123564672016, -0.3638862704779926], [0.5802272184102633, -2.809405495283004, 2.985613609054804]]]], [[[[-2.600979602073503, 1.4094752066731189, 0.44145677163024644, -3.411178345110204, -1.071872124750297, -3.849096085398743, -2.494164452838536, 3.9821043405221586, 1.4397724186808676, 1.6394430180748547, 2.151207369662549, -4.1353722502878725, 1.756409408484918, 1.4647840420376084, 2.378208609112333]]], [[[-0.7379365986389793, 3.257798794985413, -0.17343270131841215], [0.7777968196587185, -1.0160725918489406, 1.0755941035603227], [-0.9895947879259991, 1.8701186162963253, -2.6401489407887153]], [[4.3891043103080865, 3.521423712139675, -2.9787717313319124], [-3.5208809758419477, -0.8360053112122245, 0.9020012545286946], [-1.1763607098789925, -0.958154281481522, -1.198457036377277]]]], [[[[-2.1179707340718514, 2.862524228793576, 0.14673933837014733, -0.4937068414018643, 0.5997549902439864, -1.6096536280388243, 0.1699566112350331, 3.8440343197045017, -2.6462627249757738, 0.6492574106892605, -2.7471263323141177, 1.1754885688832177, -0.6425121352520614, 0.41863590336254375, 0.9369961353918114]]], [[[1.2689998583393267, 1.8605788803803378, -2.920988712563405], [-0.874711708496535, 3.6163856440711686, -2.2230529290054784], [-1.2757421395418749, -0.627669570944861, 2.6888278531668175]], [[0.2099834781014825, -0.23295478239714135, 1.5242984671848558], [3.708466012562296, 0.33296649132773676, 2.4656669061633245], [1.1458019165000395, 3.5600778341795913, -2.881235033281278]]]], [[[[-1.4055106277940932, 0.9455425241429042, -2.6045486588393767, -0.007933260568422057, -0.12840187185758442, 0.24417094881400372, -2.2596089616842083, 2.9025891309989924, -1.3481988569561498, -1.269988713715261, 3.732674617972274, 0.3851979945113375, 0.6767100288226651, -0.07736806803942557, 1.4691216066023292]]], [[[1.9559563004182512, -3.3924306378208966, 1.3777717123520345], [-4.297944918301411, -3.423767700836729, -0.11948332050565377], [-0.5698149829701659, -0.27439190053050355, -0.7710256396048041]], [[-0.554027092751409, 0.1829546685751476, 2.4317210926936097], [-0.0740669027731218, 0.05214994224235271, -2.1875281930715404], [-0.1769122074433419, 3.112343437102213, 1.9634287115898466]]]], [[[[2.334001717259225, -0.41773941244704543, 0.3170539424051344, 0.805878430833852, 2.0886998297249084, 2.2519677149165482, -1.8599424912913685, -1.3100301697003145, 2.574718535684935, -2.4376097586708125, 3.361524854335563, 1.337283800524065, -0.13644968273342162, 1.9606714421459475, 2.6041713963738964]]], [[[-1.6530561661290621, -0.32078745742806325, -1.3786732885001602], [0.11747414134366999, 0.9144538011859996, 0.4861314251161696], [-0.3051154075169623, -1.3455204619318129, 1.0089543073004452]], [[1.8739858015213324, -3.4903402628925475, 1.7117716394970277], [-0.13179343355187648, 1.8299853841212368, 0.3246955531118589], [5.095345193627828, 4.4026150077701836, -2.666599316962524]]]], [[[[3.6201439821283494, -3.719519039147402, 0.36945609992035194, 2.8145149230516053, -2.982058254984681, 2.871609100192793, -0.30531440856226216, 2.6715072902147625, 0.13273908103819998, 1.7293226828951072, 1.4367393335804512, 1.997546981619648, -0.23641415579917224, 0.58741449388284, 2.0550958475539076]]], [[[-1.5991506050718693, 1.971748552907924, -0.1805688903016854], [-0.16660862320524433, 0.8212532207503843, 2.3070306498185458], [-3.2756288862173313, 1.6972425251615555, -0.567986393676006]], [[-2.00105217880467, 2.084409850404163, 2.0337886475638625], [-1.0857362935744792, 0.08898492413937363, -1.132197339070892], [-0.8291527669627766, 2.680502226367643, -1.2583817204033483]]]], [[[[1.7140337120308498, -3.3972864890170484, -2.825917888746114, 1.9260734992848845, -1.0727640913734977, 3.7576561771266976, 2.580886702703634, 3.187551256333026, -1.564910736508655, -3.401469023857449, 3.220882444420424, -0.604742606841216, 2.3457530633552026, -3.869075909448861, 3.066715429557313]]], [[[-3.539475126313519, -1.6895542091609064, -2.423341331441363], [0.5454403893965971, 1.7642549760212374, 2.6838156323645936], [4.5339956056835105, -1.1554084693931879, 3.0698551131167076]], [[0.8288869958616674, 0.21016031102622942, -1.5765056392575918], [0.38098448137300783, -0.7267303406019483, 0.6651654244600675], [2.1732219652932043, 2.1321752442270174, 2.30476683354068]]]], [[[[-1.5186702504134935, -1.9118230154654483, -2.3796182850033385, 0.31551905802532343, -0.6797699172124269, 1.6834837237706175, 3.578014501774672, -2.565592437050048, 1.0352324872382472, 1.4843373063625853, 0.26917363767542135, -0.8247280892800095, -1.18874877181416, 2.7083065033462668, -0.8673558778601116]]], [[[1.960559477077098, -2.110306128113855, -0.9335160638858792], [-3.1239877962081977, -0.02746824025325885, -1.7130474280487862], [-2.7061297066308754, -2.033593591822335, 1.6387147288725747]], [[-3.893966193526692, -0.31755388035060705, -2.090079073352096], [1.5221017336766705, 1.5923910785946576, 0.014871111960902494], [-2.5905712884676952, 0.9144448691112849, -2.2297009190523456]]]], [[[[-1.8084089809967194, 0.2525994704925968, -2.0603032454163537, 2.6647742049922925, -2.1877639372037025, 0.8222909797846601, 1.4998003685640104, -1.8443361734861823, 0.9554296237732511, -3.90724232801305, -1.7814624420401188, -0.447405536122913, 1.6468347138328108, -1.7369654898491949, -2.9612134954145866]]], [[[-2.1627813433065177, 0.6352978353092635, 1.6198657558138312], [0.5171009843466754, 0.25175415300247594, 1.6640688020527559], [-0.9874260212974062, 0.6655663547295906, 1.1899552935485957]], [[-1.4032084347605671, 1.0763003739227106, -2.98150523610335], [-3.818054607777474, -0.9275885322057726, 1.283315786432498], [-1.10516060336492, -2.899065499599208, 0.9282914677226057]]]], [[[[0.5330826911543547, 1.5440983000383375, -3.3858443940995664, 2.433670923312101, -1.6717196489940214, 0.8331007952467473, 2.6709292043185853, 2.76973221874048, -3.0223742504981166, -0.4219729210119255, -0.6707082939273071, -4.707921075668087, -2.9041959987371726, -0.29352727732072137, 