{"noise_params": [0.0, 0.05, 0.1, 0.15000000000000002, 0.2, 0.25, 0.30000000000000004, 0.35000000000000003, 0.4, 0.45, 0.5, 0.55, 0.6000000000000001, 0.65, 0.7000000000000001, 0.75, 0.8, 0.8500000000000001, 0.9, 0.9500000000000001, 1.0], "max_scores": [0.24651703433053052, 0.16709886625193893, 0.07399810341050328, NaN, -0.0855089492366059, -0.12508192083211211, NaN, -0.2694884088663153, NaN, -0.30125537287087545, -0.35292084163266635, -0.38710773819048794, -0.4284456422945062, -0.438269025379845, -0.4773688258716289, -0.5000158456956588, NaN, -0.4399785912833347, NaN, -0.3888226543663009, NaN], "opt_settings": [[[[[-2.787502317223394, -1.12512433261266, -3.1338794548449074, 0.22810538378693218, -2.559749944825994, 0.985750233840772, -0.918803027855623, 2.6299427154203645, 2.7374610160290858, -2.944001941052025, 0.6954585519697822, 1.0474557076083613, -1.3921482393552898, -0.6765286669721892, 3.121761786824025]]], [[[0.052879337653364916, 2.1010994860480894, 2.2409984669356513], [-0.5779537734887354, -2.581893297686383, -2.327686119037238], [-0.261976329774946, 2.600563320484992, -1.6297045139390784]], [[-0.38550925248638584, 1.514953928814537, 1.5822964649616749], [0.6556289594478879, -2.0703242818201693, -2.6787847959329425], [-0.5346907333478893, -0.1791293808149674, 0.015645093487557347]]]], [[[[0.4884351576562644, 0.9931658418202426, 2.5446632779826266, 2.7968539840064146, 1.920719788508553, -1.2649040626240435, 0.25893194735613617, -2.1568429107750626, 1.4895573706075809, 2.628465312670406, -1.5864479717037665, 0.9519782444973809, 1.1483920253874533, 2.7249552653052773, 0.7947182818490833]]], [[[2.309609181603871, 0.19380037780131168, -2.616266818510658], [-1.873937114511553, 0.0843287364714717, 0.15693379820813116], [1.589549680829596, 2.2853504235057565, 3.0374772262432526]], [[2.9966706920518567, 1.6844576975579966, 1.6664719159523305], [-0.03992367225878243, -2.2686791341149366, 1.4847090966527547], [-1.4209841952128162, 1.1869687583696495, -2.0623751390748835]]]], [[[[-0.6665600415876533, 2.084255995387014, 2.2367527842210113, -2.2029925462299316, 3.147051644574319, -2.4833510234415956, 2.857224560316358, -2.4006818752112253, 0.13648260975825893, -0.23160659384763171, -2.974936485944363, 1.4637142031546144, 1.7909549473690733, -2.2619290753427346, 0.8475885743521544]]], [[[2.332318350413719, -2.6709759545289278, 1.9106915079081732], [-0.9236455392831069, 0.35011474104384055, 2.8989588575411283], [-2.736119874578028, 0.2859381663410605, 1.8390783567497229]], [[0.5312160139948086, 3.2952246038873465, 0.9771959014975655], [-2.4366348908298128, 2.6853001099525984, -2.5822083283494397], [2.2006352229218176, -0.6750398315214524, -0.7891857219021414]]]], [[], []], [[[[1.966068096381675, -1.5676763095131157, -2.7848658779039175, 0.5419382864752834, -2.8126601353869662, 1.5229591930657456, -1.2613085720085802, -2.8162113398431594, 1.0708917440001027, -0.5138380533665763, -0.0952519728703841, -0.011009324857743176, 1.5286177878335463, -1.4064110896558268, -0.8383136575127194]]], [[[2.2531257618929548, -1.8468956531472174, -0.753779270811691], [1.748800564647496, -2.0656378424476785, -2.0893131507278606], [3.497768594626316, 1.4527175546791686, 1.312115102666323]], [[0.8935395329913389, 1.440655441270185, -2.841934087672967], [2.050176520409963, 0.021531910068791862, 0.6911411610167613], [-1.0739975667336488, 2.9476419463505183, -2.1190807424769496]]]], [[[[2.5345497700227377, 2.3270089805425433, 1.7512458985391126, -1.7350725582679727, -1.7944962184162236, 1.5324694668764902, 0.9305498210283887, -1.8885897508307257, -2.4259249381979373, -1.261804529846803, -1.5498077944392616, 2.9293181640451675, 0.4529741976806834, 1.1632714500073371, -0.7663443031749475]]], [[[-3.268153203155763, -1.0250082363217612, -0.127113328274409], [1.379791762808, -0.05059641877846901, 2.980594239230265], [0.27997037005334185, 2.2083127944394385, -0.43674510621872065]], [[-2.398164426945299, -2.2211822068119567, 0.3937150344324776], [-1.3330820733104074, 1.3301086843041252, 1.1732281655023717], [-1.4502208649251191, -1.2573565499147459, 0.02561489321405341]]]], [[], []], [[[[-1.0257745403855538, 1.7313551479543714, -1.3652286668943527, -1.2439348905579055, -0.16753284660043788, -2.72543148981534, -2.77900801923207, -1.016406189551645, 1.3958840917240165, -1.0409646687576373, -2.3649186242779914, -1.6303655909641368, 1.110534099968853, -0.11141832789039575, -1.9917520927079888]]], [[[0.003322699559744421, -2.479188551957993, 2.738981848865901], [-1.3717826658188206, -1.604813770380129, -0.9354399406028485], [-2.319427459656352, -1.0728585383528528, 0.15715439783805346]], [[2.197468291199691, -0.30486623352302605, 2.344887288465552], [-0.2609368777246443, 3.056349505698807, 0.34714889162282336], [-1.5538008200419131, -2.8569288635867935, 1.0913152946430262]]]], [[], []], [[[[-1.3342395822792876, 2.7970938465927437, 1.7664894561623867, -0.00047083695402843923, 0.7422363348858995, -2.8932287821723484, 2.0051492438177374, 1.6883142173334904, 2.4751179259788114, -2.2718643203657445, -1.6164607089557328, -1.5993238916293246, -2.2058753601253045, -2.4719875522152703, -2.8004219753491353]]], [[[-1.374859166223077, -0.215718809648704, -1.6719981643284696], [1.9495133195658962, 0.8530441668501231, 1.1449853103790222], [2.5021829023956177, -2.168191079957276, 0.6264964850825936]], [[2.014425403447785, -2.089469267378493, 0.1836833679989427], [0.046698124022780514, 2.886240360456885, -2.306405918228526], [1.633668775574392, 1.5430084962289428, -1.558420923920245]]]], [[[[0.908340489517368, 2.215259830543306, -1.0826316475233482, -2.9110041401016784, -2.6159140019957197, 2.719702125086614, 1.4519035897961579, 0.15831825537947034, -2.885583200550934, 0.4885690161920285, -2.32345818027557, -0.6244869773983837, 1.9841373035843042, 2.766892064967995, -0.4685949879488337]]], [[[2.2018134957268476, -1.6250894276224837, 1.0098133408304806], [-1.6692135670859818, -2.3969921145005473, 2.8203441288750275], [-0.08192173262587718, 2.1382172558808166, 2.434218476851317]], [[-2.0152394278139054, 1.0315922104700608, -3.040945281155561], [2.8044550896296556, -1.32845578667856, -1.5536356597418777], [1.0526457274989303, 1.5408692744742032, 1.8181477317410657]]]], [[[[-1.9388193724591931, -1.7527651583357837, -2.6275889136550643, -0.6891913311005408, 1.5432851566683194, 1.456779947543856, 3.2783513221081804, 1.1995170297103837, 2.079886244509813, -1.6457665678664333, -1.1206623470479418, -2.860334677254528, -2.46616136706458, -2.8365669225359684, -2.4020774767082766]]], [[[-0.0018483190694831043, -1.68791729287005, -0.2899219366832981], [1.7912365927158582, 0.8903534889420034, -0.8597826600648637], [-2.279816306035997, 0.22526568052959167, -1.0798683997308842]], [[0.020455300959537008, -0.7556641210224042, -2.9337025140900996], [2.2592973284185742, -1.6907919612093583, 0.005636973195477069], [-1.2787489146117748, 0.31470198207946476, -1.8971138970334573]]]], [[[[-1.0346371486278418, -2.1655965296553137, 1.5699208882872913, -1.510156296290113, 2.8328552960762168, 1.7026941200845909, -0.4382591060901698, -1.595260205348241, -1.6905075519204198, 1.1940007132141899, -2.9417012762261066, -0.7046799409590365, -2.9345558108262813, 2.3895856512150893, -0.0011566484378086822]]], [[[-0.13832643780301102, -1.4941704481789229, -1.804647988165065], [1.2313689149799982, 1.9185036424106259, 2.9727512678868413], [2.599453261742189, -0.598363893193893, 2.6782535326552797]], [[-1.567742344791491, -1.5444481632653995, -2.9256906891241363], [0.9788258544665369, 1.2779192325512931, 2.621722648698902], [0.12982040386916638, 2.1471842432834602, -3.116966148446959]]]], [[[[1.090301679299516, -0.7371451314437861, 1.6805780857415389, -1.3485112778523551, -3.04702689756171, 0.16911549975647322, 1.9263126923315637, -0.7557593817444798, 2.9016803498062034, -2.274334886288859, -0.10075985110308296, -1.6653835832534574, 2.1289128531670625, -2.351918163116539, 0.3611825962180686]]], [[[0.808218841424826, -2.079044457887029, 