{"noise_params": [0.0, 0.05, 0.1, 0.15000000000000002, 0.2, 0.25, 0.30000000000000004, 0.35000000000000003, 0.4, 0.45, 0.5, 0.55, 0.6000000000000001, 0.65, 0.7000000000000001, 0.75, 0.8, 0.8500000000000001, 0.9, 0.9500000000000001, 1.0], "max_scores": [0.24841561899641018, 0.1669467550985403, 0.0880480288087907, -0.0002444785435328223, -0.07591929075913972, -0.3285821528009575, -0.2487495808276815, -0.2278724160909399, -0.28742887882209067, -0.3200416040140561, -0.33654969020795567, -0.46393243427211295, -0.40441026880434094, -0.46818665045473595, NaN, -0.5009725241996645, -0.4800888642904604, -0.4665650186534894, -0.41201583888171067, -0.3729574086816725, -0.3352537132246788], "opt_settings": [[[[[0.017055009639071896, 0.9246058314868854, 3.015170700010386, -0.688151702943784, 2.2316320406505152, -0.8000720703810109, 3.1279056514625485, 2.5594537235345065, -1.3817253419446927, 0.5002643347675696, -1.094809026879445, -0.9666357632264347, -0.753739285160254, 2.9220361015703347, 1.9293643613822373]]], [[[2.7387954123781113, 0.6375739587977801, 2.7283241895135415], [-0.9646128940987834, 1.4610698607703574, 2.7263792885658704], [-1.3460109865877274, -0.5448574055322025, -0.7235041288987749]], [[-1.8990487118600825, 2.2240220215355935, -0.5840482478871394], [-0.5041497050311798, -2.8450297228424337, -0.11213917000162611], [2.5632709031013556, -1.7366730687916727, 3.043206361670915]]]], [[[[1.912042270414354, 2.5503060231823347, 1.5513082493349741, -0.8629683730926557, -0.8321333935080029, -1.253313728054507, -2.665546554647119, 1.9932251250111936, -1.546998229308611, -2.28578060533607, -2.4858672877475203, -1.5865178832663236, 0.8873943353855532, 3.57556545747924, -2.124688184175376]]], [[[0.2408634528247648, 0.6151857686923665, 1.7093965273415073], [2.6944603472194664, -0.4002284322792071, 1.5500749918074463], [-1.645205345113708, -2.0145841731773415, -0.8894119153358764]], [[-2.7161646894854763, 2.0559548261134695, 1.2849980277653783], [-1.9850568069953125, 1.091040408635729, 2.896564179194379], [3.045982425148459, 2.6922827382915484, 3.0008947325618047]]]], [[[[-2.295319616101419, 0.106512398424307, 2.339424114284306, 0.5616459095491666, 1.217954035192063, -1.7931559399197627, -1.2841476833503551, -0.4815871316873275, -3.2864472354761394, -1.8583248057710573, 1.1370616232886446, -1.9576964341191507, -1.7753131470415517, -0.45840291668885774, 1.2958235421418738]]], [[[-0.19215754830645893, -0.4729845308235825, 1.1095951166479567], [0.12915136659255008, 0.02218814917285347, -2.539188025392124], [-2.0674016089157146, -1.4846956851356405, -1.9354225169797532]], [[0.4328846980786919, 0.07536318930235197, -0.6261244806928641], [2.38170234731103, -1.5512308575469236, -2.1125458470821865], [1.0944907065394236, 1.7773900583755735, 3.1126142882459336]]]], [[[[-1.2308505794091193, -2.7825118501973383, 2.8013287104464872, -0.07565885511246437, 3.0285133875293884, 2.3512357858541977, 2.7432431848228567, 2.419840113641716, -2.798705296137689, -2.7248802572074435, 2.956530089046633, 1.0963983560811628, -2.7195249749722796, 0.12408936451062126, 1.1171166582002166]]], [[[-0.20056107295793899, -0.42628801361479746, -1.0585676045750225], [1.0407400505219913, -1.1124900555024553, -1.90188530823713], [-0.21107592941143313, -1.1631778298925382, 0.9495978530916238]], [[-0.85546164238323, -0.8779240775165938, 1.9498910741014832], [1.6210161361989859, 0.9543267238000444, 1.7309760026934962], [2.5060720791996376, -2.769926589668225, 1.7335965440387842]]]], [[[[-3.213790649292576, 2.1433713522208384, 1.7300694205310219, 0.674198282055836, 3.2634824023551054, 1.693350834785462, -2.0424181116328177, -2.306519192353338, 1.4357623274847957, -0.08187149673017352, 3.1897621499463433, 2.5917855439976045, -2.996387173315279, 1.16537368662528, -0.8215087090295116]]], [[[1.804868605474179, 0.2523198139739348, 2.025635176436513], [1.6760985066987508, 0.8581488197111905, 2.0301915692811905], [-1.604293918723126, 2.513960484936147, -2.6235549975001877]], [[-1.3435228842433258, -2.2399372965922653, 0.5930615637208011], [0.1570325886513719, 2.6526024242374135, -2.4495112782503448], [1.5069037905554419, 2.2836078102859974, -2.1081624280193405]]]], [[[[2.2771452284443834, 3.214974131757172, -0.4728142502282971, -1.115386400506308, 0.7376559677635176, -1.358962441787534, -1.0445578250663297, 0.8049292861996972, 1.3984217880819463, -0.8051567221608799, -0.25578938405313983, 0.623569028799335, -2.847281095940359, -2.2704341266224817, -2.990632730311748]]], [[[1.1134257822000204, -0.8347975602422195, -0.24111098061008412], [0.5935498371426082, 2.36442340276566, 3.0475346988994367], [-0.40465924332579245, 1.8719641108427632, -1.031642023090685]], [[-0.9708438107467964, -1.4741697518806292, 0.27623803146487846], [-2.6342313034638334, 1.9813672500326536, 0.0993937325191632], [2.8082869533774493, -0.9625748228941496, 1.8511761378287659]]]], [[[[-2.1873216945804415, 2.5444054471265396, 0.17692316439676684, 1.5886921885437362, -2.6163975698451156, 2.7710791685803073, -2.3762997585507866, 0.3014327390189298, 1.068712130105987, -2.3045214625173958, 2.7379706153318177, 0.16524681879615, -0.5289772046044919, 0.17435719571541228, -2.81439658018542]]], [[[1.7870944457652052, 0.06385909782208303, -1.771628140789119], [0.7558338030606971, -2.2935145334829463, 0.5460534119027227], [-2.5390252352065112, -0.9878741471435802, 1.5596612505741998]], [[2.397729803896129, 0.9504202063090909, -2.0812887483182965], [-1.1789263323403054, 1.6014829577264755, 0.7023798919600561], [1.6938348942986905, 1.4721811765946098, 0.3283413742995953]]]], [[[[-1.6928594974106255, 0.25317966974138106, 2.8192092517457485, 0.8575618785286155, 2.4493292337134216, 0.7057842616920101, -0.6622954164757077, 3.218083228817318, -0.1820062315417859, 0.526239750072768, 1.1470055966396904, 2.430232844835422, -0.15594730599914444, -0.37726750262846237, -0.7912939562666852]]], [[[1.3186174035709475, 3.2197400334434882, 1.5571743709377106], [-2.6108522680369792, 3.1972501606987036, 1.0232048410257857], [-2.9179334323531263, 1.7567665473934861, 2.960168338009635]], [[2.429007039022045, 2.071193596580381, -0.6385099222818846], [-3.017439246244169, 1.1871105022085247, -2.4475688275330945], [1.3181150064366398, 2.2618442086577355, -2.0766175768400057]]]], [[[[-1.613690424786731, -2.666033370462438, -0.8214269030363824, 1.9161526154441928, 1.7118621003837478, 1.4710246577017152, 1.606628884324967, 0.12327319937545443, 1.964876405542448, -0.25494167443399823, -0.8614166137217042, -2.2751554222959616, -0.06141546071337985, 2.0420053997926533, -0.4431227734579549]]], [[[2.0814626943154666, 2.6592970476423607, -0.35320465678995827], [-1.0057547295993008, 1.2001739709998214, 2.0690721506904923], [1.2011281467078299, 1.0234218006724134, 1.9433554151819914]], [[-0.8218311723709443, -2.268971310835673, -2.955944527993817], [-2.1874756944141183, 0.24571615310101969, 0.02899344842231381], [-2.6456101172080704, -2.2265898423330874, -1.329768869721161]]]], [[[[-0.2165863152922362, -2.716239484607745, 0.29938599269647886, 1.994188894162636, 1.6908155082733716, 2.745662235311052, 1.7767964595261336, -1.0403648189456773, 0.8696541213527373, -2.727938149378141, -1.5723148276568637, 0.809205607411073, 0.3834534876906832, -2.6846101854237348, -2.4764967920849963]]], [[[-2.670209812890611, -1.1674313967761811, 0.8601375091702446], [0.2911382892608698, -2.8040826744122405, 2.203087966449444], [-2.0338370675033466, -1.9563115034640184, 0.7665348388276141]], [[0.42697347973318883, -1.222077163155719, 0.060825147855510395], [0.2899657008121032, -0.4362424568201546, -1.855625281481264], [-1.4062466808482341, -0.5754108679331643, 2.1921954655158755]]]], [[[[1.076340647854878, 1.6619423826440074, -1.3634638081629376, -1.8469555039545527, -1.2484339361725134, 2.8288965193181355, -1.9518712784039665, -0.7874168832106945, 0.7758687614179459, 2.3242752329331067, 2.602074218911768, -2.0838353391573783, -3.2619425457126785, 2.81988248777555, -0.1284609605846019]]], 