{"noise_params": [0.0, 0.05, 0.1, 0.15000000000000002, 0.2, 0.25, 0.30000000000000004, 0.35000000000000003, 0.4, 0.45, 0.5, 0.55, 0.6000000000000001, 0.65, 0.7000000000000001, 0.75, 0.8, 0.8500000000000001, 0.9, 0.9500000000000001, 1.0], "max_scores": [0.24983528691540213, 0.21424881100842408, 0.1819292554604579, 0.172455703317427, 0.12680823648290307, 0.10575143429842204, 0.08066960598770956, 0.04574671431931632, 0.013503539774325002, -0.0669332288131238, -0.03460709598436157, -0.06728414381266667, -0.11270809026420081, -0.13442506816789485, -0.17992651184931563, -0.21816099301748576, -0.2536663305539984, NaN, -0.3386465426791017, -0.39028277009584744, -0.5000860285393048], "opt_settings": [[[[[-0.10174593155025748, 0.03933506701829352, -1.8725861178668475]]], [[[-0.9600230096370092, -3.4754359172043285, 2.0354702018819233], [3.6284701656927685, 2.9100970209671275, 0.39895547795629577], [-0.09689418784825313, 1.4143575362309782, -1.8395152755158062]], [[0.08158069214842352, 3.2919767511212754, 3.1036109327420416], [1.6993583342926493, -2.6438061135181203, -0.15861028212100817], [1.307223594483422, 0.5682347066160931, -2.6903606809902785]]]], [[[[0.5618801518549674, -2.314069879944177, 0.2655257608527945]]], [[[-1.0070561314410569, 1.7703754112350232, 1.1812198652814032], [1.8457205803682226, -0.1553610307992245, -0.4118746117142225], [-2.900043040842327, 1.3060738967796555, 1.163517548769703]], [[1.2254469893533424, 1.398569963505606, -0.41446821162903374], [2.59846953622151, 1.6596316817893424, -2.041131902742157], [-2.3010634753064667, -0.4130367330926598, -2.5995842287130735]]]], [[[[-1.387678242191476, 1.8591542919992836, 3.5334302174636076]]], [[[-0.4824641993440602, 2.013717982210934, 2.048539128824571], [-0.8100114589682371, 0.7478046846177223, 1.483986995832086], [1.7509762562457072, -2.9043140085208146, 0.777133181113585]], [[-2.8638605231052114, -0.969475883075051, 1.1715716949651866], [0.8668301969868955, 0.8704523586071254, 2.6658559669979067], [1.5704569470516785, -0.7562984154259574, 0.6959708130576558]]]], [[[[-0.3737488952288033, 0.9627718577019827, 2.3797516244235193]]], [[[-1.7698525112574703, 1.2291905885624685, 1.3171256724071396], [3.1070554137476676, -1.8770895591235575, 1.440248246162991], [3.8257771830665903, 0.9879118364572188, -2.8276269083779493]], [[2.58293853876406, -1.7432390540441873, 2.4717795387493267], [-1.5883298348087755, 1.925576151865101, -3.0357804821668535], [0.3355672940394714, 2.1113992290535344, -0.984971848500421]]]], [[[[1.1487267153453016, -1.0070785375568523, 3.5976724297192684]]], [[[-1.3110243671406436, 2.0336404405998323, -2.8082939615487446], [-3.3392070063071944, 0.8652186769070541, -1.6906749301854205], [0.04992668729145051, -1.7344856313150179, 3.141213513263311]], [[-2.2414142097342307, 1.386672318299329, 1.0009908014014313], [-1.11892358750308, -1.7982078480376678, 0.7774735965768584], [0.6458057476063, -2.622437915390331, 2.300965983347282]]]], [[[[1.3194674517091196, -0.4543463224682299, 1.369779185533305]]], [[[-0.15830611017394525, -2.5257195463705413, 2.8789698471756306], [1.6896805386335167, -3.192462334150465, 1.6310441335007237], [-0.23737205074050463, 1.0809855129093262, 1.4646304571348194]], [[-0.7052179563263389, 2.297469169842534, 2.359572905978028], [-0.0650420541994714, 2.5730253992788303, -2.5244111286953586], [-2.7137515394070957, -1.0118050823995584, -1.270196932046588]]]], [[[[0.8581898468510798, 2.0943913534714005, -0.9919829302575017]]], [[[1.9256717637668683, 3.879561945364432, 0.20765292798171858], [-0.9839183848738476, 1.0573286206762214, -0.934348035497785], [3.244623940844846, -0.13039154659804283, -1.4468715665252925]], [[-3.3014306329293555, -2.3348723815517687, -1.847057456192071], [-1.7841917295625094, -0.7661161151573482, 2.276684914437755], [0.07085737393585537, -0.8711399861891194, -2.5103063179920095]]]], [[[[3.15832792853094, -1.3843419692869057, 3.152529844273963]]], [[[-0.08412286202454544, 2.247717220390747, -1.3660616882709404], [-0.7203722396652945, 0.41308025650754965, -0.27636079350419707], [-0.02853229165235772, 1.6781111660668746, 0.8086324102065654]], [[-3.5567619271229445, 3.6911740208169816, 0.37325969704683365], [-1.163818997811246, -0.2938387534914745, 1.9161734245766757], [-0.4677780042679056, -0.5944092711146035, -1.5920043098450043]]]], [[[[2.0302686860206594, -2.1376810888086952, 3.7512758787496763]]], [[[2.665102106152556, -0.9569228098892011, -1.077520082944345], [-3.633042821683796, -0.3499489070386359, -1.763091188014003], [3.0838642888911654, 0.7497401808126392, 2.2153928247233923]], [[1.168014241618445, -3.918814723833025, 1.0412787160190857], [-0.09576883499461396, -3.2415890065193294, -2.2620795711186172], [-2.757224895078648, 1.3524713788071603, 0.01821432147087378]]]], [[[[-2.410702344981613, -2.709380721544471, -2.5480517888744543]]], [[[2.4407900236619846, 2.061325465791866, 2.3445812866934572], [-0.48402809417943243, -0.7967782309674515, -2.104153720057113], [2.019608593629492, -0.5139000015634282, -0.7163464936051986]], [[-3.902551233030872, -2.3317306907621367, 3.0850842790819732], [2.7908026357688622, -1.1491682064871058, -3.0649342873742094], [3.119854914968421, 1.1406235700877814, -0.21594032992562007]]]], [[[[2.491931886243946, -2.7782278746623077, -1.904961863639602]]], [[[2.3681129899887687, -2.542247329727873, -2.6085772136518117], [1.2226754040411563, -2.8935122051990194, 1.2133919035903205], [-1.3166955770136224, 1.4943484427309193, -1.5775807137378517]], [[3.5488357743430736, 1.2663431127022662, -2.0376090002785743], [1.7987000476542432, -0.8390260712439713, 3.0037233122683804], [-1.6808360778982354, 1.6880691436479267, 1.1187497200679901]]]], [[[[3.625588806366346, -3.072775738514813, 0.13781741170568954]]], [[[0.3058161687986704, -1.373583108278243, -0.46696963916868045], [-2.236512791631541, -1.9628940521883982, 2.140342263468171], [-1.4719210869267614, -0.7918042777920021, 1.352795840756457]], [[1.5756243136247774, 2.2987640287379096, 2.8327385899650155], [-2.7494101386011627, 1.1205980383996965, 0.37990791610845925], [-3.0426462766349447, 2.5098449017279414, -1.1851407408203563]]]], [[[[3.369787192482323, -2.591213828015412, -0.05237508345835655]]], [[[-2.374453430981735, 1.9921517850803452, -0.8031621911743707], [1.9837210024759788, 0.18473181897679875, 2.2018827574756252], [-1.6101738034831758, -0.7782979542378029, 0.198967203093798]], [[1.4997774960960435, 2.562189441846919, 3.127682301667002], [-2.3049562279858478, 2.638062811122769, -1.1711996443454318], [-2.506356296137447, 1.650604482673175, -2.5224105921453366]]]], [[[[-2.0809244154337234, 2.8376946491044177, -1.8668213117691674]]], [[[-2.444062930718928, 1.531661941472229, -0.3963004180361608], [2.2475232834485337, -3.8546676496003314, -2.182533422755873], [-0.9387090134719382, 1.6821858564384524, -2.9107587597376328]], [[1.6435060950289602, 1.0238471692354887, 2.9531758992262347], [-0.2931074124117754, 2.139491672912595, -2.3206892424252463], [-1.5934038919181237, -1.549321178192466, -2.942383546547558]]]], [[[[-1.3078509383753323, 3.0366244476921875, -1.180496926183021]]], [[[2.231936268764485, 1.0437052542138692, -2.913454569109288], [0.8331931813290061, 1.324456683170633, 0.3152145522331671], [1.2967956665662648, -0.728049656824242, -2.7052954168959245]], [[-1.6902747208817888, -3.359303699832077, 0.017909411589626716], [1.3664338226829253, -2.170996523209172, -0.33756455139033525], [-3.620861841198819, -2.124283443326809, -2.2614584474963513]]]], [[[[2.569560328856914, 1.2874510041247735, -1.1792562384507237]]], [[[-1.2304958370180745, 2.074815004326512, 2.2811204347381078], [-2.0741429889833367, 3.287499592556717, 1.2004056240514187], [-0.6475246813052951, 0.27772022903059806, -2.044506825311228]], [[-0.40673859479026814, 2.3920684986375385, -0.5525258857636858], [3.6473698367527554, -1.8143187662065359, 0.25118979699280514], [0.03150191972544452, 0.14935835756792604, 2.461141467617863]]]], [[[[1.623058901316821, -0.702417749715101, 