{"noise_params": [0.0, 0.05, 0.1, 0.15000000000000002, 0.2, 0.25, 0.30000000000000004, 0.35000000000000003, 0.4, 0.45, 0.5, 0.55, 0.6000000000000001, 0.65, 0.7000000000000001, 0.75, 0.8, 0.8500000000000001, 0.9, 0.9500000000000001, 1.0], "max_scores": [0.24984905219468523, 0.22069649642133166, 0.19423957615039256, 0.117971933311658, 0.13399216134259107, 0.11747937816118303, 0.07481715597518218, 0.05520181021270881, 0.015931155201791614, -0.012103812804835024, -0.03487990991377715, -0.07811853425829995, -0.10577630145879358, -0.1396897882932821, -0.23319110978339397, -0.21700183194233758, -0.25521492027629594, -0.29585401701234587, -0.33887652431373855, -0.39101097119697725, NaN], "opt_settings": [[[[[-0.9932144325074228, -0.028999579248185255, -2.4078105412264432]]], [[[-2.5161316355814, 0.7220381844768864, 2.4260644350147036], [-1.4348792689264118, 2.40832358115053, 0.38642023185080526], [-4.255730795873468, 1.936784122535719, 2.289903578727181]], [[3.2916361425976235, -1.903240048998841, 1.096905004698898], [-1.6592328968912957, 1.3182485342173034, -1.6752709553668437], [3.1088829599830334, 0.019587845070627094, -1.8034271581238523]]]], [[[[0.423744136039767, -1.2103588597702082, 2.36884339566894]]], [[[2.3028511763109583, 2.15443290290918, -1.16120024907257], [-0.5656611665620208, -3.3254050928319674, -2.823702306904122], [-1.8417373169880762, 0.3409570876271509, -0.683357173067583]], [[0.2508166650111617, 1.3342536529178908, 0.955639134866733], [2.994036972966416, -2.428773970426408, 1.4649209930963636], [1.3234728082683342, 1.5768505569112479, 2.87139102239293]]]], [[[[0.3250333673487642, 1.6863777273090228, 3.5758996014128948]]], [[[-1.2002561569036672, -2.993283562773681, 0.3003274067003866], [-0.12116036427846917, 0.9666470072073386, 0.2171932651793822], [2.664560046516711, -2.5382441933130973, 1.600762693244429]], [[2.339053389826615, 0.6066639921034686, -1.831966434923762], [0.6251397402570504, 2.056195277188525, -0.805323709783808], [-0.584366606091352, -1.4830803237377737, -0.023770576281578002]]]], [[[[0.28592974642615077, 0.005501554321680032, -2.424786633466464]]], [[[0.1499521497213006, -1.0591090751132264, 2.075169215738866], [-1.1958201871418657, 1.4046071923530146, 2.179974534251234], [1.0194624748192664, 0.9094990558238798, -2.434893801487979]], [[2.613939903269648, -0.4520846154601011, 2.461120613891501], [0.8601938562409781, -1.5549965387989633, -0.9438669496130467], [2.552037312276343, -0.6622587225180021, 2.607039656698064]]]], [[[[-1.3947436593269777, 2.4334691949293084, 2.523866935793986]]], [[[4.032321123133716, 0.15091211783981487, 1.8238780177528626], [-1.7852506970378004, 1.2638944208641534, -1.6437945124630238], [-0.5779693075767812, 0.13204693763989783, 0.6184623600505065]], [[-1.4974095778644632, -3.290619159166215, -2.0655186578743145], [-0.8062912893975555, 3.1757024205025837, -1.9504541004525235], [-0.8838727735821292, -1.5957073341610906, -1.8329970777787477]]]], [[[[3.4442044185235074, -0.9668838823468442, -2.6889916738335815]]], [[[1.7948867174395253, 0.7339840638357809, 0.6003511681165693], [-3.667096881293343, -3.5170120096987416, -1.1849914387354277], [0.4093327301345, -2.030995434894536, 1.5537150141866685]], [[-3.810236863573252, 1.6460304714448601, -1.78213390055966], [1.7525264715544555, -1.2857980197349743, 1.1650283962604953], [-0.48708566918631063, 1.0083861110032977, -2.7517831874628276]]]], [[[[1.108787349078826, 1.8127694712036442, 3.4851426292515146]]], [[[-0.7234402375304387, -1.4863986348653582, 2.8746668608966077], [4.150238728071983, -0.19533413422914372, -2.1278351629181826], [-2.213714979880794, -0.9546959825973561, 1.152075233767429]], [[3.181838134663579, -2.3937603654391384, 0.7348561511434671], [0.9321883890994264, -3.33937688541555, -1.2498964512571087], [2.1635243264184743, 1.7400262225901313, 1.003453536672462]]]], [[[[-0.664794165318344, -0.6036653845010761, -3.1985562400916296]]], [[[1.3921955031392244, -1.3759222800746733, 2.4112273903615047], [-3.3954561446293994, 0.31562743986372077, -1.3196913274987971], [2.149741205076711, -1.1417447333579607, -1.4431947136721623]], [[2.3912907081495716, -0.9347380902291937, 0.46377659747809347], [0.057615800377587456, -0.09810179463368102, 2.0559748794656127], [-3.867087044582316, -1.7306675321560077, -2.936610282296629]]]], [[[[0.6396508362311671, 1.396568044767177, -2.6263750550152998]]], [[[-0.9578426923663825, -1.6938460625624507, 0.0260168786043706], [-0.11220668582860374, -2.2883664076121786, 0.27148191784439063], [-1.6528007779163179, -0.16037779000957178, 1.0779467134111156]], [[-0.17022987855104915, -3.279435067180166, -2.253309623609332], [-0.3213870166359776, -2.865112516101911, 1.3600253707716947], [3.4716445872843362, -2.143896205026535, 2.6184963908996712]]]], [[[[-3.227249130891518, -1.034161770262944, -3.3873063447796037]]], [[[1.1282282307599842, 0.8572606817928632, 1.3193762972536265], [1.3922905513179051, 0.2431485288088866, 2.3695344740748054], [-0.20478243599180587, 1.7562348226747604, 1.448850204678979]], [[-0.3806787355531071, 1.5962080375815304, 0.2116180285350532], [2.651332979394281, -0.9673591615256478, -1.0436012695697443], [-2.1749666021588263, 1.86833594398385, -1.049343708550364]]]], [[[[-0.8552101621698511, 0.799449619984295, 1.24785920048684]]], [[[-3.793250685818614, 0.045876401796807076, -1.0280348763378933], [3.0479090540460567, -0.2603326611292241, 2.634617858632997], [-0.9925586160042713, 1.455470579704207, -2.4198164525598727]], [[0.5233020230041209, 1.2977787449310916, -2.9555100803893786], [-0.5314495578699006, -0.4663318375214388, -2.442907701926024], [3.277967940706686, 0.7210040015031636, -1.5778804943795526]]]], [[[[0.07418780139969514, 2.4995802437879897, -1.2184204027595342]]], [[[-0.6343664592283287, -0.1479592549860407, 0.4846242110764349], [-0.12996695669021666, 0.6397962960104473, 2.570714876054429], [0.9281088058271185, -1.0912266489523013, 0.531500050296582]], [[0.6266124893378262, 2.4406599721939006, -1.1612550913405297], [-2.6967968124587967, 3.31555341132266, 2.123944043502453], [-1.662962967584536, 1.7568089432206213, 0.4408495339930315]]]], [[[[0.3745617239888536, 1.8876598361405508, -0.9345056734028844]]], [[[0.4917477060240304, -3.5281629318325405, -2.061590394813447], [1.7034257328356668, 0.7540992391212036, 2.567920426153885], [0.07759777748104404, -1.9322957201025357, -2.6622378276331506]], [[-2.0533707035412654, 2.018821427158927, -2.6499479806517785], [-3.6994279809348747, -3.3922238227395836, 2.7173808189398594], [-0.9498669694564456, -1.4236021314630682, 0.1788372343956745]]]], [[[[1.9470600339007553, -0.10592586215609046, 2.927328508378024]]], [[[-2.5078092860341283, 2.8163197490279237, -0.2443708940782912], [-0.11775300156121966, 1.5848399791477041, -0.9114625282208404], [2.164438900109746, -1.1349949122912966, 0.7002295545249579]], [[2.141695474945033, 2.1208373607696838, 0.5282829938087382], [1.8282665593981202, 3.4542685060832703, 0.33576771212978], [-1.6274065456687128, 1.4342373463772506, -2.902571383219382]]]], [[[[-2.518794103526756, 3.822917441365393, 2.342901208953589]]], [[[-0.6693170218607805, -1.2606758090038275, -1.7858460968651226], [-0.17634844037364794, -1.9466933328344835, -3.098201898760416], [3.7885512191141664, 0.6837489608384464, 0.7203862093886559]], [[1.3467464511018636, -2.1827001345016144, -2.895899643086596], [0.9918808055700211, -1.5363873891830784, 0.5821789163684974], [1.4958482753693811, 3.5686093082562023, 0.2626323468621973]]]], [[[[-0.3463309900832428, -1.4390610827041477, 0.9251674107623149]]], [[[-4.3542563399959135, 1.0806381802632408, -0.17583282545467072], [3.268282967891037, -0.894508645735683, -0.7051211148214183], [3.6501703262788348, 0.22651213713300716, 1.2867957342502292]], [[3.886915857462231, 2.160450677759538, -0.41146343681378034], [0.14776663447792, 2.9024587655975917, -3.0514933654228438], [-3.600598812907251, -3.960237401690227, -1.1174445869238956]]]], [[[[1.3718218895424434, -3.4296806621037406, 1.0052168496918128]]], 