{"noise_params": [0.0, 0.05, 0.1, 0.15000000000000002, 0.2, 0.25, 0.30000000000000004, 0.35000000000000003, 0.4, 0.45, 0.5, 0.55, 0.6000000000000001, 0.65, 0.7000000000000001, 0.75, 0.8, 0.8500000000000001, 0.9, 0.9500000000000001, 1.0], "max_scores": [0.24934907389111194, 0.2186352536223628, 0.17055825054610285, 0.15882082244319207, NaN, 0.10682943340945128, 0.06625695362341599, 0.053754344752961924, 0.006707584710473835, -0.032882064742524975, -0.03805770106891759, -0.0768264930858904, -0.1180961911100537, -0.1374880287830878, -0.18011452617074553, -0.21620985091217954, -0.2550415534533171, -0.29526742333934664, -0.33955122407428173, -0.3933128851094293, -0.5003156411826484], "opt_settings": [[[[[1.2504837210554174, 3.0031267140086872, -2.1789047277634905]]], [[[1.5660966528637175, -1.214435744739613, -1.7466453502199517], [-0.5758529401159925, 0.051255723290758295, 2.8485054496952973], [2.4101270489793416, 0.89149889089688, 2.93768115216151]], [[2.056562451927115, -2.9492343865997235, -1.2694694810086449], [1.1427333422798678, -1.9105478385968877, 0.6070385027511062], [-2.0486356033158666, 1.0398552166506947, -2.3293640146943266]]]], [[[[0.8270135225715474, 0.7735631011894729, 2.3230228730127758]]], [[[-2.1981916186415957, 1.8433649218621055, 0.41206072969563584], [0.6193040004895184, -1.7068386314753408, 0.8106746264399082], [-1.099058872323069, 1.0181142357516464, -0.28072196449316744]], [[-0.6040288441292326, -3.4619428111676585, -1.877869717330049], [3.139459286907167, -3.0994485064671102, -2.4543938900844617], [-0.675319481638167, -2.6296853759354586, 1.2109890502326544]]]], [[[[-1.1990448942977787, 3.444091475036739, 0.38811968455774853]]], [[[1.8384699659838908, 2.236941772119835, -2.267795220103068], [-1.302587277556063, -3.128030719997003, -0.3889295841824729], [-1.458464582990122, -1.309904753289215, 1.8892478778602368]], [[-2.564897256614016, -1.2113469550951859, 0.6807937182832275], [0.7831058820041337, 0.40098177182153233, -1.6433880977729953], [0.26165524921614247, 1.5129492447089157, -2.015944323781946]]]], [[[[2.927896076727931, 0.3908376013462489, -0.977563920261778]]], [[[-2.4117360061406767, -1.6475439221252817, 2.455750710034038], [2.958854917558323, 3.447208749322278, 1.1650731571056454], [1.3291441087592677, -2.632944254218327, -2.8853420394087386]], [[-1.5733671041297526, -3.7954811552036776, 2.131158800804431], [-2.4649682368784394, 1.7043313772616218, 1.296056424694371], [0.10894786270781848, -0.6167132476402861, 3.020606533032999]]]], [[], []], [[[[3.7948540968408038, 0.04602145672058765, -3.061860426642279]]], [[[2.3202602112226822, -1.2863165133399082, -1.4345116056875362], [0.08743928847085003, -0.681190419462316, -1.9545982857406254], [0.07600599207977607, -1.4420361177426186, 0.22989687467924821]], [[2.206458659145798, 0.6262126071078662, -2.539666263405859], [-0.3280461537851522, 0.74475140731472, -0.7373870276420673], [-3.3774753002413194, -1.5061284264353094, 2.4488171409991564]]]], [[[[-1.91517674811472, -2.0897997631313485, -1.4704573541640868]]], [[[-1.925915384764569, -1.226430365338435, -1.4546518654065843], [-2.7710280526303297, -2.9878110441835886, -1.035018423342739], [-0.27288164951988436, 1.9450553557126626, 3.076286590567702]], [[0.9929229848755149, -0.37263627095656116, 1.628163646979848], [1.980639194180874, -1.0254036489048766, 1.555818975551454], [-1.2760162588434627, 2.8587092482226684, -0.9570294642788759]]]], [[[[-0.4292049595887667, 0.18576958526903797, -0.06153172314498426]]], [[[-2.0511994512339338, 0.5043066088900973, -1.6482100326406781], [3.274721452781653, -0.578329847408738, 2.0220165551444143], [-1.7344852737218854, 2.7448950860749615, 0.49386090820356504]], [[1.3746991354640727, 0.11217311185334519, 2.4513760468306383], [3.756803574506493, -0.2867111062559613, 0.9176055284911875], [2.7943929388354363, 1.9451376756954308, -3.12703255493252]]]], [[[[-0.4477596066909351, -0.2659654533503093, 0.6280760480422819]]], [[[-0.768091553502552, 2.1915234186106463, -1.262534115936875], [-3.129641045245899, 2.767050867445021, -1.9874429983549222], [-1.4083781495264476, -0.767131013391089, 3.0794618342596083]], [[1.4033543934006363, -3.921006201025882, 2.0074871944777275], [-1.6911656582451216, -2.861707287574281, -1.7141583271566736], [0.42484543048407225, 0.8791113941524425, -2.842529251378426]]]], [[[[-0.6251007555565222, 0.15212214772701396, 0.47573333454734407]]], [[[-2.2783867252271905, -1.4949874827511973, -2.523402288337562], [0.6376176560757799, 0.1553204548509064, -2.9668083319325422], [4.046073458132649, -3.477303037267702, 0.6304009415237151]], [[3.0422561764083644, -1.678923120510891, -2.8922006154531106], [-0.1319312208420742, 0.7470128161607009, 2.2802307986631747], [-3.7465701408622194, -2.2227061403227593, -0.611552734395686]]]], [[[[0.5579099414729078, -2.9690240082863024, 1.7958502108191505]]], [[[-0.470813030618827, 4.253688076620235, 2.498089855630624], [-3.8656236567568887, -0.25592014070719094, 2.699428041635036], [2.669324027619028, 5.031281390790559, 3.0550559909949864]], [[-3.279177891038267, 2.782987217770987, 3.0777749729676516], [-2.080727725504926, -2.7177929978594313, -1.4513584676967246], [-3.0439899274782514, -0.2933625966280657, -1.4788166291263833]]]], [[[[1.0338781062108466, -0.808573416030423, 2.2127081197437635]]], [[[-1.5689685193484393, -1.8344171683270631, -2.5657169855495026], [4.971623948799465, -3.968088212154157, -2.239720222939324], [-0.9502346896637043, 0.5888970441330468, 2.6440794498218883]], [[2.0097840073603224, 2.597002808140039, -0.27303310836794437], [2.956459127234863, -2.8191579518223704, -1.309980663821843], [-1.7006966227588873, -1.7581632090527006, -2.9665917468823415]]]], [[[[0.3516632717416019, 3.4121136994018157, -2.2760019506371845]]], [[[-0.789007376359863, -2.175812687026084, 1.628536195004728], [0.7244237096397669, -1.7617118368197153, -0.06140661698674988], [-2.3988514301276735, -0.3780189015587342, -1.9589960669880975]], [[1.1368229053386014, -2.489054652631436, -0.14662187334459675], [-2.1289330855370974, 1.2459105967130442, 2.2761998439451685], [1.6966121769667326, 1.9190905178293638, -0.4016268356601231]]]], [[[[0.17112550248447503, -0.2374992125607842, 1.704435448912028]]], [[[-1.6319913225623852, 2.1958370438343704, 1.7966340547145483], [-0.7724597663752591, -0.38295449345807403, -0.1164282943606242], [2.1354435715421207, 3.5730720060067034, -0.711746755505007]], [[-0.20921985027037288, 2.322829395600295, 2.9543962889572972], [-0.9192988272343261, -0.4436629259088101, -1.911805748748458], [-0.6337434961159072, 2.302616532874766, -0.30557191936153266]]]], [[[[-2.270376064998454, 1.8207662760326393, -4.30494742240395]]], [[[3.3715922216075667, 1.3902801443816228, 0.4461401437647175], [-1.7771801807949619, 0.7708719517268064, 0.26563709208933795], [0.9494258715191699, 0.9211859924543707, -2.5575307614041436]], [[2.1868983867336658, -3.7431546887131466, 0.6543971856673775], [-4.0996378882804585, -3.038989779424413, 0.8387495805689569], [-2.0156318813534404, 1.2731505452864207, 2.3910887360226893]]]], [[[[1.3591710783561397, 0.8471676009038088, 1.6669700046801952]]], [[[2.201433975794065, -1.5695365852571554, 0.36592023036714244], [0.02243370275894419, 3.4377696811839824, -1.4837720686847893], [1.2754085090293166, 3.0446489468855975, -2.7934121052431724]], [[1.7524376203575673, 3.0849274112865483, 1.3261498503039852], [2.161171674857644, 2.9627254166204793, -1.2649809141139252], [1.4796308382148218, -1.0239550022007287, 1.3679138807649511]]]], [[[[-3.7994342305611393, 0.8211620491523657, -0.04067674521527667]]], [[[-3.331182784789775, -1.2592036858234403, -2.8164550756108873], [-0.06440997290079072, 0.8549823561004017, 2.305533385815759], [-0.3461214775508735, -0.4821593975430144, 1.1152181637596699]], [[1.2966117890047, -1.84130489006317, 1.8318136026300367], [1.387219382466279, -2.603681546158075, 2.6445443990276973], [1.2910846089115822, -3.370746728431211, 1.8948420923203493]]]], [[[[-0.7785118034666245, 2.180419346380094, 