{"noise_params": [0.0, 0.05, 0.1, 0.15000000000000002, 0.2, 0.25, 0.30000000000000004, 0.35000000000000003, 0.4, 0.45, 0.5, 0.55, 0.6000000000000001, 0.65, 0.7000000000000001, 0.75, 0.8, 0.8500000000000001, 0.9, 0.9500000000000001, 1.0], "max_scores": [0.24733548206834444, 0.22253418280100368, 0.18999799551578406, 0.11882670880837276, 0.13575160979447487, 0.09063212590764957, -0.14565607222292298, 0.04230060400244373, -0.055019566587797386, -0.026016606428197975, -0.09846284663537908, -0.20696347079357813, -0.1641981877997969, -0.19849847585616565, -0.1779639532232895, -0.22474064715475472, -0.2581621025519768, -0.33027116192355477, -0.35826999116235575, -0.4683703227250172, -0.5000931585019339], "opt_settings": [[[[[0.09000993197788736, 1.6033537675972167, -1.7606340438354515]]], [[[0.5844058799683297, -2.4393292804705506, -0.6864097150946726], [2.4094867891787444, 1.881528141536309, 1.0213253472826542], [-1.3568464572656278, 2.48881827762571, 0.19817478129413454]], [[-2.5990431068400595, 1.2928223979159594, 1.9575938489355353], [-1.82507489403566, -3.2880494815245496, -1.630426177352255], [2.2796389266386856, 0.48946390502538756, 2.2707612602034404]]]], [[[[1.3023430098034499, 1.9695361657098358, 1.8953967976568966]]], [[[3.188982708095613, 0.4785017524228816, 0.5273042736202638], [-2.632022446504143, 2.0937639282932943, 0.4124650754969243], [-0.9476949269454948, 0.146350998035555, -0.22115631543673375]], [[2.3372267199734886, -2.31071729312233, -0.5416394320507707], [-2.126115931924019, -2.1626964962039947, -1.3329721369845478], [1.7476417216014848, -2.2148810635219585, -0.38819860718728005]]]], [[[[-1.4550353034313388, 3.2677572174682536, 3.092013994112631]]], [[[2.075141811169927, 0.07344466338064955, -1.7816923915311684], [2.8434643998242035, 1.052641954784627, 1.8803941892021294], [0.1947339715661933, -1.8149992724830335, -2.8216427285634493]], [[1.3157271817912797, -2.050079513484064, 1.1385146991586463], [-3.056063208729832, 2.8072176148240975, 1.6178929844652439], [-1.9152827224054114, -2.16188969528002, -0.9275583258843341]]]], [[[[3.1371772025167597, 2.7184894433120483, -3.3874399942347524]]], [[[0.4862538475677844, -1.4792180198508238, -0.3969929416879223], [2.67907311292253, -3.0445203616083347, 2.8286400225818893], [-1.7800423376917163, 0.9449059255120511, -0.6866329309642372]], [[0.8784842981849332, 2.0026371233302025, -0.5797335069226475], [2.169963053363505, -0.662704000636744, 2.7653856098532135], [0.6458234621971175, 2.767223743473983, -2.9180814211721646]]]], [[[[-2.709035796364234, 0.22699691749256581, -2.282096107549028]]], [[[-1.588478052323888, 3.674776833407445, 1.6924467842529687], [0.6714911737110334, -1.8831118918742993, 1.7074619753415492], [2.4759892100474574, 0.8190352128891151, 1.426884895645994]], [[0.07684093885703992, -2.826355038084332, -1.6550382743434038], [-2.1369836567144325, 3.1593306865611477, 2.082652393679174], [0.8621954731361215, -2.0562855580579407, 1.5960085114932792]]]], [[[[-0.13023698166954273, -1.3492817313170813, 0.3071980912644857]]], [[[0.09494268493256083, -3.5913304862267683, -2.46070972905341], [1.5025213118553014, -1.5651312615967294, 2.5115853587214767], [3.005137277922777, -2.1076279643586577, 1.1475857806966436]], [[2.7204815307740136, -0.7851138149732232, 1.3517576801769122], [-0.09384341621774536, -2.2512547298159875, 2.0448921290137596], [-0.5135606843949833, 1.286512817271935, -3.006161703573161]]]], [[[[1.3311599551472195, 2.986991141243204, 0.9597171141136653]]], [[[1.7829831018973872, -1.5149982119776078, 0.9423424805128677], [-0.19339199783202937, -2.627721871220118, 3.051168679049467], [-0.3382789891322809, 0.6188892726818727, -1.1500266307431044]], [[1.4184510819170255, 2.4567029190904757, 2.57559876789744], [2.2742555174019903, 0.14992480924935328, -2.810071403053257], [-1.600235818051298, -1.9751188237486277, -1.600803911202588]]]], [[[[1.1429061494817665, -2.0166649478102325, -2.267850410730528]]], [[[-2.8325504951235647, -0.7145829040875807, -2.7505041520881948], [1.0915579972074938, -2.0377294738740743, 1.6251934287806034], [3.3144275093759608, -0.9357057390839603, -1.5587219730858548]], [[2.273375031089386, -0.9315492730328534, -2.7568079167303736], [0.13753530534811673, -2.509535636739382, 2.8700710463023302], [-1.9661772438127636, -1.8404314119675316, -1.8636004413166969]]]], [[[[1.3529388387851415, -1.3588144395414274, 2.2455467853494255]]], [[[1.8948908414677568, -0.3983406488015, -2.551275362540745], [-1.3475820834461365, 0.8091771508201169, 1.403821816489634], [3.2858966427832605, -1.3366902700833934, -2.860492498724347]], [[-0.673431301313691, -2.059024314918932, 1.8520208552531479], [2.100851931842765, 0.17869440189826516, -0.06198116915607654], [-1.0870731704971865, 2.7872992805029773, 0.19862918009364128]]]], [[[[-1.3938561444687283, 2.2954175997931046, 1.4067267569480144]]], [[[-2.775453018693666, 0.11183639733599872, -1.6044024313776875], [1.722218591028238, -1.05178620170667, -2.8427928032952305], [1.2043262365965046, 0.37393109574401534, 3.049516883147226]], [[1.1444918221368747, 2.5423423271674794, -1.5277687218966494], [1.15676745902433, -2.2704080635867876, -3.0308973129755605], [0.22170012609138598, 0.38356504529215446, 1.2291084149151263]]]], [[[[0.5289231356046801, -3.4137674432165763, -0.7154415358101934]]], [[[0.2803233199576192, 2.8974267247159404, 0.6345558425244517], [2.4407260830052873, 1.276785850286665, -0.5925356406604623], [3.172289463571284, 0.20101703220444786, -2.1197339946821]], [[-0.1759521591646749, -0.33376293764367615, -0.09606623416458455], [-2.5016877234871764, 1.2381655461160355, -0.5797685690252328], [1.682715142872596, 0.738274215356689, -2.5406986320845366]]]], [[[[-1.9780085762299158, 1.7123923054253338, 0.2311728049540116]]], [[[-1.444779321627543, -0.7630888724512118, 1.5791935389774396], [0.8547614914893132, -2.8011580089030406, -1.4816724960747951], [-1.8018783761954023, 2.134229220329362, -0.0927417047481982]], [[-2.2252730488463484, 0.6625702810538617, 0.8433474115583715], [-2.305210639155809, 3.6097970505078094, 0.30336567614550614], [1.5654052345745657, 1.2677318235245387, 1.2582940385379082]]]], [[[[-2.4173493831290758, 2.0931164216860934, 0.22512070046435487]]], [[[0.4578995314764679, 0.32973654853896983, 2.473256216436986], [2.2304954188538426, 0.9981603922301878, -1.5370397558974946], [3.1527363214631206, -2.6357154817429103, 0.7016214513718992]], [[0.8499316699238327, 2.0647760522437446, -1.4895851152465924], [2.413051670280469, 2.016263575234785, 2.427481118489599], [3.079413576585532, -3.141592747994659, 0.16478766683828772]]]], [[[[0.16028375621313695, -0.098231904774856, 0.017342249088096184]]], [[[-1.8287553479692977, -1.5490818925644823, 1.7111786474860065], [-1.3537634917560595, -2.1106380662170166, 0.835773278397137], [-1.8496296515156756, -2.9939326382756177, -0.12967180227756536]], [[0.637913124193952, 3.580977071376008, 0.1546363873580794], [-1.21195287724128, 1.827848239300038, -2.0692436127575213], [-1.5167163460366084, -1.6238560794513006, 3.075133011737184]]]], [[[[0.03965265258643924, 1.004177253668941, 0.9780119741392748]]], [[[2.8641856036029822, 2.7695329017389314, 2.4012040872412506], [-2.2356990295250583, -1.4647502222900521, 1.595045681694887], [-3.072797260712013, 1.6187596117976206, 1.7015216416996788]], [[2.3286133789212013, 1.9016471864747206, 0.3916938251765672], [1.6476761361835948, -2.3105549588449352, 0.387819703154864], [2.9982120003758785, 0.32857137672323083, -1.6371051668527672]]]], [[[[0.9708122405566054, -1.6533150192811823, 2.0205106960765375]]], [[[-2.478275067790096, 1.1803038327176765, 2.413464654837945], [-0.2653097030780647, 1.6469850451775654, 1.0680423925565465], [1.3066361698889948, -3.280363402399671, 2.3900333471264403]], [[2.538708555756373, 2.8508127146906315, -2.9910669224435424], [-2.7563884848788742, 0.5603099397951873, -0.3644138765160543], [2.515886194324848, 2.1081255525341773, 0.8001689397958378]]]], [[[[-2.1039003059980215, 3.527995528041474, 