{"noise_params": [0.0, 0.05, 0.1, 0.15000000000000002, 0.2, 0.25, 0.30000000000000004, 0.35000000000000003, 0.4, 0.45, 0.5, 0.55, 0.6000000000000001, 0.65, 0.7000000000000001, 0.75, 0.8, 0.8500000000000001, 0.9, 0.9500000000000001, 1.0], "max_scores": [0.24800357188316458, 0.21128086633158472, 0.17829379428762182, 0.16170413014127633, 0.12737850706087184, 0.11290097131507848, NaN, 0.05510513557450447, 0.013352832318773378, -0.02441960920273417, -0.0377889449399475, -0.07604951482793992, -0.1023646457965714, -0.1381221586633386, -0.17495449237349903, -0.2174649965859064, -0.2554954216617739, -0.29632412522883084, -0.34033925285158667, -0.39292835592960557, -0.5000478004836653], "opt_settings": [[[[[-0.07931109130178314, -1.6512401501231269, 2.686379146930193]]], [[[1.600521135699812, -1.1184453946348363, 0.5063111192309248], [0.2490245718641435, -1.6710457792000963, 2.647127735766578], [0.04980119068674828, 3.9868997207147, 3.091582451933071]], [[2.7968002267594994, 0.2555306672891681, 1.924162045149141], [1.1082377727361092, -0.6816264391443364, 0.6181542507146434], [3.8282442547558126, 2.112906066549471, -0.8496758355022304]]]], [[[[0.20962497982248482, 2.649990005906064, 2.632186203848761]]], [[[-4.531730226806609, 0.053323483196676805, 1.184722034373359], [0.66750531959576, 1.703498490500275, -2.09887085364129], [-1.2066744415259434, -0.07307054986084902, -0.1434663939597849]], [[0.3891479748226688, 2.4525388156855894, 1.2232597936896685], [-0.6610512870545497, 1.9516580851333192, 2.483380918557687], [-4.079056936108972, 3.735701744943102, -0.3600923728420621]]]], [[[[-0.7882653153614791, 2.093689259069812, 2.9352392961926195]]], [[[3.823585548053837, -1.7950722916483497, 0.9600959881590594], [-1.1883340777167546, -1.5531468864235334, -0.5256547298813321], [-1.3003875072373066, 2.6307882803956115, -0.7100053535293244]], [[-3.744085946282785, 0.22810024628775843, 1.277358473778928], [-1.3898261936795948, -2.2488313304076586, 0.7653470154575457], [2.462276109063376, -0.7460201257848617, -2.3565631637414484]]]], [[[[-0.09504881502674786, -0.472774976780376, -0.47739745801134975]]], [[[0.9825501183945349, -3.6055408296291267, 2.172666781858045], [-0.4174947633292599, -0.9039355994845277, -0.35200256666133956], [0.533051589586726, -0.5006918269007525, -0.0908866745143594]], [[1.6182342987192722, -1.3862666723939734, -1.6829096757256374], [0.5394527519994224, 2.8343144524493904, 1.4363505670686554], [0.2591019228925783, 2.1821167292026176, -2.2564775879315717]]]], [[[[-1.9687375011141914, -0.9782986072630361, -1.7625114243575082]]], [[[-4.063648225854663, 0.9261459962253191, 1.5022566632093912], [1.7354977568281373, 1.9421067265969263, 0.2001538395630078], [-2.626807270847679, 0.45425237612365577, -2.1136077148163657]], [[2.2096227981669156, -0.5786596578779292, 1.6299984881413552], [-4.975370371582793, 1.587370338611109, -2.7375993605650755], [3.393543731665102, -1.7184380247951956, 1.3671328678125074]]]], [[[[1.5970963244919507, -2.8440518324795536, 3.9643382839642514]]], [[[-4.831692246883115, -2.121538151437225, 1.8687051566590065], [0.5646131938289942, -1.1511556891898387, -0.08679550434574607], [0.914988366592918, -0.482216191768292, -0.8209532477224638]], [[-0.026768658521800506, -2.2611293743940593, 2.813505713128632], [-3.159593154924096, 1.9706302321513518, 2.2643898606625874], [1.963167985245592, -2.2343271564517915, -3.129270412445549]]]], [[], []], [[[[0.5928083245223367, -0.33347680441514704, 2.574423182726669]]], [[[1.8759527638306177, 0.3294846419813313, -2.3119577590070617], [-0.21171747861416595, 2.010512255551707, 0.7397988349556511], [-0.35139530921545165, 3.1388730168214014, 0.6046125129213975]], [[-0.27848782025259794, -2.3338535811486616, -1.856014552145634], [-0.43427415625735516, -1.945371841836194, 3.037751009327177], [-0.5711949143218829, 0.11472806181436035, 2.871563357259252]]]], [[[[0.6405451128203655, -1.7574824618296991, 1.1045727935722145]]], [[[0.8098819407885758, 0.8396771201502418, 0.8011762045889335], [-1.5874908656343687, -0.9692696109979805, 3.08050465651205], [-1.165601020837182, -0.6211229991701855, -2.3965517616030234]], [[3.1246583807141106, 2.5542655525191713, -1.0084797134534056], [0.6303820362655722, -2.1188300851333723, -2.4146201574346886], [0.6473382617159509, -0.7824267949964735, -0.14479096497218466]]]], [[[[-1.2978483825089535, -3.4941735858459797, 2.1558308745358365]]], [[[0.038393978840948986, -3.727279227287717, 0.7745788803676827], [3.557298511100503, 3.8077955675544297, 1.075288791361304], [1.5349548317150732, 0.8750992181652062, 2.6515404024771194]], [[0.3083322848297819, 1.1953337343963757, 0.6574896458223821], [-2.4657177752485167, 0.36985306271466, -1.1019637387001124], [-0.0277917456507596, 3.614360301543872, -0.4127615770722834]]]], [[[[1.3658815757007132, -4.3397002933597975, -0.6237274379449773]]], [[[-2.6634584853705845, -0.23043977489158182, -2.564505419240169], [-3.6843145988722235, -1.7171466672509512, -0.5901512086600623], [1.5774901622851112, 1.9598050336361204, 2.0339658344475873]], [[-4.137710109806887, 2.75368756337086, -0.3632535322823521], [0.3325837174264873, -3.7089172393896717, -2.635287486566984], [-0.9757977869558737, 3.0892864211293616, -3.064379426698729]]]], [[[[1.1743651391503296, 1.5708855985693086, -1.089414516625497]]], [[[-0.8263748468680144, -0.6999223274092767, 0.918271271468389], [-4.066101573035457, 0.36755591625577294, -3.0144690707777873], [0.4904672540555054, 0.16577884574372226, -2.525552386831728]], [[1.796753546223449, -1.7678163951825796, 1.602996718487299], [0.8664844107815661, -2.3883224195165607, 2.7036061542331296], [-3.901576145730136, 1.3783818782629622, 0.46333937569252587]]]], [[[[0.37084993706108477, -0.2656277133808534, -0.6317497758937451]]], [[[3.3514754685408548, -2.7683480772419293, -1.6787553841253062], [-1.3062998651489761, 2.7618376192372995, 0.4758679825222644], [3.691920203723603, -0.07745503274532355, -1.0654503532470578]], [[-2.2678495076383185, -1.987756455766905, 1.9589647248245365], [-0.7026963582338016, -3.5789256807357455, -1.2485796110085685], [-4.24070139516382, 4.447782791517851, -1.0873283155777111]]]], [[[[2.173798451250742, 1.041333344086951, -2.5018059147578726]]], [[[0.012626101250919702, -2.1584093176554284, 1.4211226067278602], [2.1452399256368433, 1.7931647907139514, 1.843180794024927], [-0.958780779305469, 2.26627993397752, 3.014199731324611]], [[-2.0372167256786686, -3.144719766964703, 1.1716798339914003], [-3.146599923524972, 2.96068426845248, 1.5723409249784512], [-0.8750466098515444, -1.291713833905622, -0.7947700231181966]]]], [[[[0.6993108943234826, 3.26569354378619, 1.6782581382899977]]], [[[1.4732884069498977, -2.2022192069421425, -1.729956393535377], [1.5652870582269156, -1.7261679101945435, 0.015204597119370604], [0.7927008553605355, 3.331411184634242, 1.6929666317969239]], [[-0.9547504213584066, -2.6413226833360404, -0.4708150163229955], [3.05328082288347, 2.5889023723223303, -0.2856699797067108], [0.260483125418475, 1.7710397791584918, -1.1642140324516193]]]], [[[[-0.7618928760904409, -1.93255921544377, -2.1081117134111573]]], [[[0.9097625917659307, -0.6277221389040745, 1.8346268845232871], [3.1350052868467606, -3.458363494490434, 3.0059876768615696], [0.5290256675805204, 4.237803087131254, -0.5735948259585807]], [[-3.5091087382375066, -2.3014942171683335, -1.3491155771681433], [1.1636181691105068, -3.116739097415774, -0.8393281753317194], [0.36589797293600207, -1.9065261321428124, -1.777797858729749]]]], [[[[3.3782077415026297, -1.1486190123053763, -2.7326495231429537]]], [[[-0.8491264689253586, 2.3036269247891035, 2.0824952465259434], [-3.0622322894970417, -1.3467775717978696, -1.5574772100960899], [-0.06363683989729288, 3.1771012104522423, -1.821137373996706]], [[-2.2401831527025586, 3.07095596630737, 2.9791279262556976], [1.880777392703816, 3.6319663229494243, 0.20184803768803306], [-1.103758168941379, -2.075918713124173, 2.7584266871257648]]]], [[[[-0.06855106223727869, -1.8178509962928875, 