{"noise_params": [0.0, 0.05, 0.1, 0.15000000000000002, 0.2, 0.25, 0.30000000000000004, 0.35000000000000003, 0.4, 0.45, 0.5, 0.55, 0.6000000000000001, 0.65, 0.7000000000000001, 0.75, 0.8, 0.8500000000000001, 0.9, 0.9500000000000001, 1.0], "max_scores": [0.2480982104660674, 0.2194658370164766, 0.1092612585160394, 0.1298949121474443, 0.12035132051566111, 0.10087699561438362, 0.05181997573586944, 0.013425254912729168, -0.0718318646363959, -0.1645550792526438, -0.0655292545769528, -0.09751853095263263, -0.14024613499966387, -0.3076388222093621, -0.19426967625801178, -0.26027562477883154, -0.2702905405173814, -0.3073556673455227, -0.37305966377836547, -0.46180481173141724, -0.5111933936760233], "opt_settings": [[[[[2.6285730437366386, 3.600919726328693, -1.0233940105109915]]], [[[0.7359777828068798, 2.5425443144781554, -1.6794791173643264], [-3.556082680877492, 1.1002856105057734, 0.16423711481071201], [2.9472005492392532, 1.3502834142319067, 0.6752126192755794]], [[-0.9397378305993344, -0.781694431610365, -0.20979802569605208], [0.36118887549197964, 0.5677890030372708, -1.8004737768000991], [-1.593665955843013, 0.34231017230268473, -0.5183526208894773]]]], [[[[-1.2606361226765392, -0.3348763805585594, 1.617072094262748]]], [[[-0.8226441855182447, -2.021208502275992, -0.48932132414289725], [0.6774161167333174, 3.4165365714832996, 2.7607111194505185], [-3.4992166562482785, 1.6335943807043014, -3.140825620664338]], [[-3.001851551385638, 2.1012535210698045, 0.2752201535100732], [-0.7019656743382816, -2.1622243598841058, 1.3322309074895546], [-2.5733733847490297, 2.435839465050407, 2.085619606036814]]]], [[[[-1.7715827496260033, -1.9954167736494641, 1.5346649308568696]]], [[[-0.9133243108269427, 1.086640938540597, -2.3467739831477155], [-1.2398540812767977, 2.5983875424149305, -2.010370275961616], [0.268448184737778, 1.3942178426291802, 0.5760109192473806]], [[-1.930219880931936, -0.54386666331468, -1.2016157539936922], [-2.852071467143801, 0.13318530892331895, 2.646523634419971], [1.1634225014342248, -1.5227220325241928, -2.35441098370602]]]], [[[[-0.6697190067899393, 1.1925200447847577, -2.428906697222841]]], [[[1.0700803280736675, -1.1526559517948132, -0.9093466434295663], [2.015959442114843, 3.6299640136241056, 1.842451049507047], [-1.0283139263201608, -2.9485252169463028, -1.9169810863756793]], [[-1.5833919389143118, 1.6362128846306274, 1.7100374092214494], [1.7139257034248327, -0.6189536013094441, -0.0997086085013339], [0.1749240449940762, 1.529488380969364, -0.7842575982438813]]]], [[[[-2.2095817254946755, -0.4231334775590813, -2.5719668263775777]]], [[[2.714623007182992, -0.817297810040644, 2.580622156786011], [-2.64887004352611, -1.7643739617525764, 0.8164242042837988], [2.707237517528239, 2.5135291924370136, -1.9694965454618178]], [[1.6009963534684037, 3.0930588469460076, 2.9074326343436754], [1.7946321137785937, -1.3199424710379308, 2.073731060031541], [2.291096633077046, -0.43476963172555627, 1.9998852506094087]]]], [[[[-0.7859271465301547, -1.2588328120664936, 1.0370399893587838]]], [[[2.963459839749495, 2.9920148907562147, 0.8109165184913549], [-0.3111671475562755, 1.7823616644048057, -1.4899700527924438], [-2.8387808224975535, -1.2396556355397013, -1.0711955663121704]], [[-3.0635707685592775, -1.2201732969729653, 1.0566885576701637], [0.8290029488387233, 2.3537421719922054, 1.281344914774035], [-1.694177976878739, -1.9195257464653661, -0.06711069882031453]]]], [[[[3.088988114706007, 1.7352160012731441, 2.774147646455652]]], [[[-0.06790535991567223, 3.1644524429422387, -2.5686843915979027], [-3.292537414348446, 2.070931605803771, 0.7466488207084603], [-0.047300390859165424, -0.6971104045711258, -2.383114392350773]], [[2.691777047299871, -1.8046016168075358, -2.587895279114255], [3.028875224249798, -1.6611058680401274, 1.7943273325178133], [-0.11848654026227817, 0.7999206132084546, 2.5432883499089396]]]], [[[[-0.7625517981873531, 0.9750394338783781, 2.383864472061905]]], [[[-0.8560852478303801, -2.5474616594458928, 1.161403142401685], [2.8412467134128696, 2.378463281177508, -1.3518282094119678], [3.0737820790714, 2.2495232643135323, 1.425257590221542]], [[-0.6862793467357012, -2.3617740405439305, 0.04155490378099855], [1.657795542792345, -0.6081919564593338, 2.175267279316717], [0.3354006586529249, -0.7799914379088919, 2.840144326111993]]]], [[[[-1.5724827681687934, -1.4039385185185709, 0.6944673961648848]]], [[[2.401408028979719, -0.569321078931509, -0.9440609601382652], [0.7292782852906436, 1.5846348152354413, -0.3296532498921474], [-2.195218141091579, -0.49217761776918295, 0.6033274724810029]], [[-3.3750684477784962, -0.9884454824648284, 1.4089017858538986], [0.8308739618918465, 1.3432124720604979, -2.0167640610846136], [-2.821017014105453, 0.9285888942190664, 2.747675106681462]]]], [[[[-0.0050305015256674945, -1.6902269875627591, 0.642907288764681]]], [[[-0.5625793201713085, 2.4959541374648904, 0.4995146994402049], [-2.512990652669092, -2.5662235948628465, -2.667213111690146], [-1.4020392091479548, -2.385265092428959, 2.2009617201619776]], [[2.5372189150402145, -1.5362160672642309, 2.1944197708724023], [-0.3063759387405487, 0.7139202475821107, -1.4028243025466418], [-0.27339522545053385, -1.5725140553459078, -2.9214490276052176]]]], [[[[-1.4365144561349545, 3.583314682284953, 2.188903541112667]]], [[[2.081179081245649, -1.6115962096993066, 3.1022609705000512], [-2.6399120254946533, -0.587512099046361, -2.020521723420524], [-1.1594098847068606, 0.48619448983801306, 2.7406336382761483]], [[-0.7413965378756855, 1.7798944928677718, 2.642771726444008], [-2.0784369785905823, -2.1474802454963524, 1.372972435554261], [1.4592387407175502, -0.42370547141889836, -2.0517176240430075]]]], [[[[-1.2454981671378458, -1.0897008783158142, -3.1741299245410475]]], [[[-1.8975081251601338, 2.860516090452745, -1.5434777779064228], [1.3843528280340702, -1.213605956566543, -3.083666692174154], [-0.7992670458429423, -0.8163926175014243, -0.10098035465293001]], [[1.7499733485915743, 1.7343062611361229, 0.579739463955927], [-2.660724073301865, -2.2531670228942655, -2.667191198363746], [-1.9601919668514047, -1.8806557694214483, -2.864549548556999]]]], [[[[0.5116975714116844, 0.34468755484551605, -1.194904871407603]]], [[[-0.3334365239764348, -1.6835862556582006, -1.8747541333120568], [2.1980526405543626, 2.574371252998847, 0.4865019626371967], [-1.7221233590542455, -1.0546057267160953, -2.031212338023379]], [[0.40059828872892606, -2.525184143934266, -0.837131480335612], [0.17530874010928924, 3.199255018925556, 2.4923846075777485], [1.5549503136647356, -0.16239498468174152, -3.110395873611989]]]], [[[[2.5559755150930084, 2.4480432670618852, -1.245051658312944]]], [[[1.3783452462390438, -2.575030754504146, 0.3234327604601974], [-0.2877300200963736, 3.4607425501975793, -0.7279440925514389], [-0.46282984143178485, 1.8159050906948886, 1.4238587343424856]], [[-1.8049862518592517, -0.28479438582152317, 2.9545694973288583], [-0.5947973376234224, -2.6395951386291414, -1.0142078704011852], [2.0507762615821536, -1.7139265150262815, 1.1531650647573715]]]], [[[[1.6415928679762644, -2.1223874285814306, 2.6979044591109593]]], [[[1.0344534917211414, -0.41463947239506765, -1.9695754738244835], [-1.3586058101741292, -1.9400325910948293, -2.443200735402903], [-0.6074914587313383, -2.9006017140735154, 0.872374272931113]], [[-1.1098458201910353, 2.3079363615627972, 2.029852264683143], [-1.980179692061165, -2.779029915271502, 0.7337132053493352], [-0.3944208805027239, -1.3066068604076162, 0.3852881737073752]]]], [[[[0.6907252636895734, 0.3054735364846712, 0.23471153541289472]]], [[[2.152444940317959, 2.7474196336531977, 2.88740294757645], [0.3112109606658152, -1.5879502274477904, -2.2669848532898613], [-2.5839502811110084, -1.3609119108430725, 0.2024378935243769]], [[-0.77772529154847, -2.9413148773779407, -1.1332872297280545], [1.9746237749352162, 1.9438205472992858, 1.6048438838991803], [-0.9775738331870277, 2.9185227568541263, -0.8919802577368707]]]], [[[[-0.9420573122866704, 