{"noise_params": [0.0, 0.05, 0.1, 0.15000000000000002, 0.2, 0.25, 0.30000000000000004, 0.35000000000000003, 0.4, 0.45, 0.5, 0.55, 0.6000000000000001, 0.65, 0.7000000000000001, 0.75, 0.8, 0.8500000000000001, 0.9, 0.9500000000000001, 1.0], "max_scores": [0.247701042078583, 0.18779847773963831, 0.19662115548865927, 0.131377364945104, 0.10265843243724809, -0.02290780608412102, 0.008391302947382218, 0.015985955458188483, -0.06607879594290766, -0.2299222625159678, -0.10653091247574487, -0.08473777572293928, -0.19107575649849123, -0.2060301750686797, -0.2365694530124668, -0.2583352260072995, -0.25748936828051616, -0.38188145615551045, -0.36580110304641844, -0.42571883082487494, -0.5134396143680584], "opt_settings": [[[[[0.7398069729857533, -2.052402884558503, 0.1536662770942089]]], [[[0.23215242344639436, 1.3716559646515916, -2.631558888448663], [1.1237920835293418, -2.3961678799909607, -1.3390155690024323], [-0.347673663166592, -0.5824858385992588, -1.2861193395880064]], [[0.6977150586829036, 2.54532382319769, 1.6857778553220255], [-1.928542274059897, 0.1282337507802631, -1.0568874076180905], [-0.04785282983640076, -0.8362095601544288, -1.7150842419303665]]]], [[[[0.0504045312006966, 0.32802402868638436, 1.6936679498686966]]], [[[1.5139455435990385, 1.539851381326903, -0.48152967454518825], [0.6353554308090978, -0.7208061848120426, -0.2574239385656507], [1.5997596994982017, -2.989249142754285, -2.630256104441257]], [[0.042474101602958836, -1.7962246782371305, 1.9356059416785403], [-0.9446878109181636, -0.3618792093150584, -0.911425281487122], [-0.0819183577933995, -1.526494077772881, -2.2971895108442713]]]], [[[[-0.3540698062243828, 1.0335663291424662, -2.131882173437535]]], [[[2.34472950910694, 1.4289488611771324, -2.660367153212381], [-2.963529449978207, 2.2228726979288354, 1.4672595879398624], [-1.7630903607093922, 2.614674571965525, -0.38123677429745406]], [[1.1354309454836433, -2.4901248203240574, 0.8516910071554231], [2.8586895885250434, -2.3132145119504477, -1.7366308653163338], [-2.2647290669312845, -1.4825828394460587, 0.8784952857609909]]]], [[[[0.8507207251487288, -3.277728910243577, -0.06489495577295577]]], [[[-1.8860467209975331, -2.2442755816716065, 1.9460091477745864], [1.911201980283835, 1.8602944708042843, -1.9337143881893741], [2.418310578836966, -2.854941461086783, -0.9154359106848551]], [[-2.824554612477991, 0.5854990232103767, 0.6525135917866192], [-2.3133669629984963, 1.862208054738751, 2.3542941576532534], [-1.1778692764362895, -1.376590121959061, 0.9460125544820688]]]], [[[[2.810330388180425, -0.015560568472370792, -1.4451706263468054]]], [[[3.417433923272291, 1.8461459904322022, 1.1814547358074545], [-2.6453797503270047, -0.13315830739723106, 1.228300800231434], [-1.0155033523303694, 2.2677037076416986, -1.490989457144468]], [[-2.787875655209508, -1.1785671949437482, -2.162258098846311], [1.5572831099989939, 2.1845451372401787, 1.406784263510552], [-0.8752054848440508, -2.4102738864795774, -2.554465115403496]]]], [[[[1.637957500898712, -1.9765489463786734, 2.245799274981233]]], [[[-0.7859258922408268, 3.0523920479831523, -0.1301181242730646], [1.2009148349422227, -0.45165826027248596, -1.3449904736817724], [3.4119354233618093, -1.7992584461518117, -0.03921058630885859]], [[1.692328970993008, -2.453312925641466, -1.4762585177673393], [0.37276755737740774, 0.5467622431263773, -2.033025167454467], [-2.059258340739988, 1.0788687110457924, -1.9630824879691344]]]], [[[[3.3491236446731927, -1.2058038282311354, -1.1502396661832235]]], [[[0.45273309069134354, 2.1731496154212264, 1.2803107544889016], [0.7075541939901988, 0.7246934714758387, -1.5990879252873722], [-0.8806475634495933, 1.6359339884738682, 0.36444203835537614]], [[-1.7425613885707818, 1.3047037845103393, -2.6616045478618653], [-3.1928215358680365, 0.504305031661447, 2.914309482917936], [-1.1570793228377905, -1.009497546832606, -2.331782087855547]]]], [[[[-1.0434058539870894, -2.4020268210700553, 0.6586371347328924]]], [[[2.036571369154066, 2.0042635623962255, -1.46488143206175], [-2.793900871011365, -2.5115439198556984, -1.7480550169654476], [-0.3328999453542676, -0.3159714044033354, -2.2012761732943673]], [[-0.1848468810730178, 2.3559179777875308, 1.3237719267155148], [-2.6580844068420717, -0.8786425150506051, 2.849149320111339], [-1.404222962020452, -2.4642300277087315, -0.45329258924511073]]]], [[[[0.8739074823540347, -2.84507807170245, 1.4508221094679756]]], [[[-2.806667966539714, -1.6630829288878295, 2.1665888084363756], [0.18741054647984154, 2.5198244604733095, 1.9130470744510282], [-0.7791620108090141, -1.0562951740783293, -0.6657632030113039]], [[1.2676012555047342, -1.833213132245586, 2.7393337304963907], [-2.3305324190235255, 0.884358611943215, 0.6972433515208132], [0.8704501160787711, -2.0940920477825222, -0.15848533067658677]]]], [[[[0.3197425222566522, -1.2873932648415969, 0.2940553311172312]]], [[[0.6207358531109998, 1.5262719972862326, -1.6000228908336929], [-1.6379041760603283, 0.8587885418527339, 0.0824546579372143], [-0.7448987614629543, -0.7100419846152486, -0.8812016183855222]], [[1.2967105818942601, -1.8003520223315013, 3.0353170977066135], [1.024158828347201, -0.09155789987386341, -0.843406629933944], [-1.9435781794800788, 0.8406666342693226, 3.114832308316293]]]], [[[[-2.3246925507822302, 2.5765765490847765, -1.2364654260281756]]], [[[-2.3387031020489903, 0.4983904426496718, -0.3929728323364356], [0.8583939238538246, -0.9901165459140147, -1.7778014381335991], [-0.028164174792113934, -0.1032666717367677, -3.111080108091042]], [[2.1291649010106766, 2.1153911088599604, 0.8491312859670499], [2.1545226776598985, 1.614079849555278, -0.5685748027586319], [0.6623796313962996, -0.6495847876810257, 2.3363949628900986]]]], [[[[-2.863826070824863, 0.026669456407757672, -1.5894875219551217]]], [[[2.746909662204201, 1.824940883706313, 1.2697311481452251], [2.020308818684103, 1.3794615003626978, 1.8077828464900207], [-0.30000280871833496, -1.4799030803106294, 0.1284556256174332]], [[-1.055812566388902, -1.5952462841693058, -0.33074901193015205], [-1.0978842540991034, -1.7704819181629627, 2.440979797973166], [-2.813153099774751, -2.11346093289652, 0.38752362608131063]]]], [[[[0.5577341834507055, -2.739123146410837, 0.10352651030507476]]], [[[-0.04952242462641729, -0.6759134047139072, -2.430084910388887], [-0.37535840980848034, 0.9179425347065984, 2.2513160190499573], [0.28565508861065236, -0.23055463873839252, -2.001726506596263]], [[-0.5758972352984024, -2.8481022253552175, -2.1009121560284902], [-1.2443465821891657, -2.492984559600094, -2.8384015803785125], [-3.419110654920157, -2.0858171841843793, -3.1330389840434703]]]], [[[[-3.134842909005065, 2.5922698023034187, 1.9435732340949505]]], [[[1.7871443901905992, 1.0016246611219868, -0.9650260325753144], [0.462381621152952, -1.7467459165823396, 2.5669827850411107], [0.1422739830980744, 1.0718346600817934, -1.4526317251932908]], [[1.0865509266792643, -1.283452889408283, 0.7899371541576814], [1.8242693975438926, -2.0860062761193596, -0.6425404579652523], [-1.8221552879626253, 3.115122009980666, -0.5253603799289541]]]], [[[[3.1598224981641727, -0.020570574553380273, 2.1693039538888024]]], [[[2.246696333023919, 1.4735128516652682, 0.6516329914689836], [-2.2609566358718083, 0.41147094716034543, 2.149635773342646], [-0.4725442340514069, -2.354365141515283, -1.1170562190394944]], [[0.8092537569321495, -1.391774619459166, -0.5944062566917845], [2.979953653348138, 1.2152290211973051, -2.6438648456454903], [2.7167743822807324, 1.197536054218827, 1.4133411473816402]]]], [[[[0.9425962129024309, -3.0472159346002936, -2.432689159886284]]], [[[2.45592744773231, 0.4197205149879245, -3.133140863597654], [-0.19963634334926253, -2.227763491777755, 0.8412636920792487], [1.6139705484252282, 2.009549985756572, 2.504808519843567]], [[1.9240494975525182, 1.5748859166322333, 0.8396795338633769], [-0.6294486199748843, -2.9624519661478117, -1.1752424018010286], [2.73083163449407, -2.9537099250899868, 1.1610560425137653]]]], 