{"noise_params": [0.0, 0.05, 0.1, 0.15000000000000002, 0.2, 0.25, 0.30000000000000004, 0.35000000000000003, 0.4, 0.45, 0.5, 0.55, 0.6000000000000001, 0.65, 0.7000000000000001, 0.75, 0.8, 0.8500000000000001, 0.9, 0.9500000000000001, 1.0], "max_scores": [0.24541939737514706, 0.2062734921614171, 0.18774363794975124, 0.16325829776733836, 0.13255320084288347, 0.11396008292775922, 0.07223276907948417, 0.05115797320944021, -0.012943292860095268, -0.0196023598863736, -0.03359333407208431, -0.07742457314529838, -0.11196838990886193, -0.1483453398603164, -0.17366170402804432, -0.21664337525048938, -0.25531630816851736, -0.29557151939977544, -0.3464918009465938, -0.3913890039628496, -0.5004406290497502], "opt_settings": [[[[[0.13113362396144862, -2.7714327930706784, 2.5145674827545763]]], [[[3.2766768538207995, -0.6933796774896175, 2.851745504780257], [1.927550459007425, 0.5685579158751801, 0.8014661063487252], [-4.125160583974848, -0.5425221310176307, -2.1818351511219594]], [[-4.014954652344702, 2.8560374706753757, 2.3756434997206717], [-1.2920943256038135, -3.27621279308591, 2.2189907682079895], [2.0324054111335816, -0.9338142091882228, 2.76417604989085]]]], [[[[-1.1014464022062895, -3.6497232538927467, -2.922126299700625]]], [[[-1.7996687439553933, 3.062715174836936, -2.4629337848420034], [0.40489183077737545, -1.077785064547887, -0.5383936431778192], [-2.528744582324845, 0.5453462056305746, -0.8147807902231285]], [[1.7463128490678324, 4.410347255937427, 0.724605396481717], [1.4911458099853305, -0.817172030895234, -2.518394234424596], [-0.2941428985716271, -0.7237504752662928, 1.3887955178878688]]]], [[[[-1.3450004614143811, 1.9539649319408279, 2.045670176522779]]], [[[-3.775783262888401, 3.058466906515476, 2.5039137182385005], [3.4515899140987982, -3.476941257955888, -0.5967750477614786], [2.3146850401037007, -2.2175971547198476, -2.673666673295382]], [[1.508459177047177, -2.148257018415093, -1.0661072322469856], [-2.3974969819770804, 1.4478369372055113, 2.799145386952266], [0.34666851490801054, -0.5652187344256576, 2.071354023029303]]]], [[[[1.1664011489743569, -1.504448333499569, -1.2945192275213695]]], [[[-4.040665093801298, -2.892797092942562, -1.742914995302667], [1.7209200858060012, -2.574641155089038, -2.938329265649772], [-3.5483802574573375, 2.2145648532547684, 1.5768012580654107]], [[-4.421626381049259, 4.60082668095482, 1.5367705211528226], [3.0745281834913265, -2.0687450992005805, 2.9440922609478295], [1.0056827867722682, 0.8249624221542065, 0.19024393156553193]]]], [[[[-1.1071398520002527, 1.0290380658062745, 0.8777825249541279]]], [[[-1.2002464453115187, 1.9229474632939765, 2.907822749701765], [-0.40671477425299274, -2.555626336637842, 1.5315417338424193], [2.1295250457713477, -1.9774526126057916, -0.25530599644547297]], [[-2.962102792194406, -3.8155203368370385, -0.6033872282291769], [0.8008103558969226, -2.092916972789868, 2.37000552589716], [0.5460865022262396, -4.087489137379582, 2.91264443093232]]]], [[[[0.0293803399035422, -4.045543757896081, -0.2509158549002474]]], [[[-1.0623498482110554, 0.8222672105167707, -2.953079336433329], [-1.0820094469068773, 1.8298545311703622, 2.5333200997316307], [-3.2035830872554594, -0.646634850894732, 0.3400493355906782]], [[1.6102327540055552, -3.951320021532352, -1.4462365397529453], [-1.9246843110732128, -2.231978766806623, 1.950116322096161], [0.29564158614164676, 2.441738204143227, -1.824215715496808]]]], [[[[0.12322410290414759, 0.748602935684328, -3.9514946504458317]]], [[[3.3295176473543293, -3.6063364087849896, -1.6329057802430809], [-2.835081210094187, -3.128491893531041, -0.3550299216205864], [-0.17585297569519773, -2.5158679295534574, -2.862002950097233]], [[-4.039993592103005, -3.7771065199674525, -1.5847090272510995], [2.029385507329028, 2.9415423774815164, 1.619124140115452], [1.3342578221164059, -2.760956066906848, -1.0869662218990503]]]], [[[[-0.8790145863071656, -2.640826915634745, -1.6394656536099947]]], [[[-1.9330390222449292, -4.829847932237324, -1.3413732853740719], [1.5954537057447784, -0.4944823126643243, -2.9331105675277747], [1.743553868090955, 3.770721543497755, -0.040285742428351416]], [[1.2231463796199658, 2.827523016215524, 1.8342506616276921], [-1.7635960626053997, 2.8887551525056288, 3.1034118228014322], [0.6808817169024717, 1.551333913249548, 0.5047272844869866]]]], [[[[-0.530806603977295, -1.234124884020563, -1.8535118330003382]]], [[[3.0135332586314436, 0.15623701774904084, -0.33289104938246494], [-1.462211920918148, -0.7154590553064665, 1.0212405906260482], [-0.6650907309612746, 0.21348210123595227, 1.3525640685648828]], [[-2.703399796629033, 1.6111085849730125, -2.409542993949673], [-0.475083332175685, 1.158862369766047, -2.0480483416478648], [1.0194633892337919, 3.815565184467577, -0.3577606378966042]]]], [[[[1.6174200808234214, -0.508378459155925, -1.5983635913498142]]], [[[3.2243247829868986, 3.59627063837869, -2.864649085144656], [-1.3743045415102306, 1.9403136971062487, 3.112351760726159], [2.009869323443409, 2.684531144636606, 1.3317830189315958]], [[2.876190788520685, -3.236096624211346, -1.4465387210002982], [-3.5490088766008046, 3.530096956864025, -1.8220132103609485], [2.344113992983508, -2.764882056713128, -3.088751805781599]]]], [[[[-2.6234255217177918, 3.352000547285414, 0.9453194232502492]]], [[[0.840391562553171, 3.3442894591232095, 1.0557878388363673], [0.6753574974157697, -0.817719528479775, -1.6341163918831074], [-3.03480678369794, -0.8261389805118747, 2.8533168199674734]], [[3.408020299493852, -2.108352031355204, 2.8705451516873723], [0.6280273359495107, -1.5354590020741183, -2.8851834542784247], [-3.638667657731505, 0.7353281211813567, 0.7341396049556311]]]], [[[[1.5411427024301272, 0.621261618250728, 2.391119181565105]]], [[[1.84261869663055, 1.2907031301452634, 0.5522893982650389], [3.217018168854973, 1.895121906302761, -2.3460001955637373], [-1.929817058525096, -3.207747372621685, 2.4137833271091793]], [[3.7047882449188694, -2.717936823388764, 0.9331439790359833], [1.6270808938990955, -0.8878171542635441, 0.1304509278100601], [2.8095974599766103, -0.48384623308621333, 3.0915894963625266]]]], [[[[-2.0549729682311897, -0.7278522981010332, -1.7465536118087592]]], [[[-2.4454849054699057, 1.1514629078870742, -0.5624875936356277], [1.479771667004935, 3.385041975005795, -2.8845329685209267], [0.9356561316407039, -2.2465545502851088, -0.6410950249017825]], [[0.38968127355441906, -3.9892028654871217, 1.3108518849114574], [-1.8635780276000757, -2.576002444570755, 0.11145415236855066], [-0.7085731917743381, 1.2753111643582895, -1.4116653435575557]]]], [[[[-0.8673107029357586, 3.7063056031721375, 3.4003606924222693]]], [[[-0.6756359970003183, 1.5362970319507312, -2.939621144000588], [0.050235449699571, -1.731121385963166, 2.2640379431598046], [2.036880483326608, -0.42085203241737684, 0.6496297212433162]], [[-3.4997536933229876, 3.9612245798493113, 0.42568856789130827], [-3.817227610158592, -0.3699609074218371, 0.6861675247332455], [-2.095661208015607, -2.310886919961973, 1.665547859770847]]]], [[[[-4.373610355008026, 3.3481508122898997, -2.6296778211874967]]], [[[0.6613294662293834, -0.1403213417665874, -1.1871677117644952], [-1.3667793227978349, 0.4348165972708791, -1.7513387868431962], [0.7338248953029481, 2.243547505968966, 0.07204796895133327]], [[3.005732167169624, -3.4065311984472157, 2.3849053647871914], [-3.8393790163755415, 3.019349672032234, -1.72372120313954], [0.6541921371049353, 1.6352341742450154, 1.9689710525634094]]]], [[[[3.0322008618218295, -0.6868721991467253, -2.048235755682713]]], [[[2.875383500807002, 1.5441773320674363, -2.9990580716934923], [-1.8909677096669666, -3.6013435101583586, 2.8293567444829137], [0.25092041438647583, 2.5587487820263513, -3.0801507803246166]], [[3.224924599717216, 2.566883088733545, 2.9235054252336155], [1.6245615168056913, 2.060847386093917, -1.9764341234998708], [-0.668093097258049, -0.07821602335773373, -3.087435315450133]]]], [[[[0.6120356818723865, 0.5329750903099949, 1.1282925829962867]]], 