{"noise_params": [0.0, 0.05, 0.1, 0.15000000000000002, 0.2, 0.25, 0.30000000000000004, 0.35000000000000003, 0.4, 0.45, 0.5, 0.55, 0.6000000000000001, 0.65, 0.7000000000000001, 0.75, 0.8, 0.8500000000000001, 0.9, 0.9500000000000001, 1.0], "max_scores": [0.24718734156070177, 0.21779901627689635, 0.18333984733907616, 0.13387562167019673, 0.1371413463292202, 0.11630444605699658, 0.07916435975643565, 0.053675645604976174, 0.026724516643104823, -0.027925630504818666, -0.04836647120969706, -0.06860170925420644, -0.10607313654725808, -0.14589984781927756, -0.1727170688487598, -0.2101435938215634, -0.2512749835529777, -0.2960578133970316, -0.33992423995220317, -0.39188186944439074, -0.5006896343362152], "opt_settings": [[[[[-0.8558744596595951, -1.3616818705754339, -0.47177910920055816]]], [[[-2.3252401649503938, -2.4922722584949533, -1.6298151220592374], [-3.3520378730364717, 1.1806965702552576, -1.8222987097419727], [-0.24777972382061098, -1.9246213046701215, 2.546165702029194]], [[-2.6775812985689567, 3.586809639838695, -1.207411071181223], [0.9496710232254031, -0.0817329859210719, -0.9146203788985069], [-2.5904299875359773, -0.9444550818326227, -1.510157700338608]]]], [[[[-0.1292483354398983, 3.4540871406901377, 3.771461826706542]]], [[[2.0751764830545683, 0.9542384578148664, 0.49744761957492445], [0.6893041307935617, -0.0020775598385311452, -2.023963874838461], [-2.8121126561978933, -0.6859759458785326, 2.8562850546822345]], [[-2.545931014477077, -3.2237675103306094, 0.5003397989608486], [1.9712706017386195, 2.79265164947699, 0.9741718541233504], [1.034209077778741, 0.3821755362753921, -1.7950581746292698]]]], [[[[3.600992118325912, -0.1377124753564717, -4.028380098962262]]], [[[2.1309013836292534, 1.7119667643421543, -2.2620890215203784], [-0.8138187460904154, -1.3532307421135619, -2.247792539795155], [-2.997648631583553, -3.6866005218373137, -1.583007059069796]], [[3.696606597615671, 1.9362963035573533, -2.8957141467029004], [-4.900155861136736, -0.6988831184177161, 0.9978195214584007], [0.2465028335904253, -4.02119564018819, -2.8048686677143713]]]], [[[[1.085945181343677, 3.0467982006700174, 2.323976252470324]]], [[[-0.6329881186159935, 2.7854670660176364, -2.8324507110567687], [1.9849694315827993, -2.9309038634679987, 0.1302745498347473], [-0.5445432263748139, -0.037163547215291366, -0.5419967098165609]], [[-3.5733005750324898, 1.3460972451949964, 2.0127328293797273], [1.5225773629069763, 0.2662445951540207, -2.079072429437763], [-0.08508762595757441, 0.15715876959942807, -2.2164909412735176]]]], [[[[1.6403023858940244, -2.4146891348375488, -1.916266604786369]]], [[[3.5235995029259817, -1.313418926940864, -2.6693662742015727], [1.2415023424883236, -0.06592396671933891, 2.977904866618189], [2.9671618933332486, -1.8288801878162113, 0.4655310538671722]], [[-1.9463557287653468, -3.048581156269967, -3.0406065157788493], [-1.5629633984184967, -1.8601862962218816, 3.0105487270373903], [-1.8438410544719792, 0.20965169110597326, 1.6097272479219933]]]], [[[[-4.326552843690928, -2.547861668754815, -0.33335854885991584]]], [[[-2.624275387241026, -4.708971624507775, -0.6057563149728394], [0.6424893801381877, -3.1696161099341036, 1.8793943116488248], [1.9539671386771806, -3.9934194577035838, -3.087395577720446]], [[1.2753897332095738, -0.9763761609839638, -0.29327551883183584], [-1.4780120582465481, 1.17647299863269, -2.7868600879494756], [0.21239550603416846, -3.0566136695411354, 3.0016626005666187]]]], [[[[-0.9195855349562178, -1.1857882308617338, -1.2474816751685829]]], [[[-3.17095587013066, 1.5821607353051543, 1.5356345220689886], [0.7805177018454865, -0.9655996454026518, 2.2842026217966933], [-0.5742221436017171, -0.5136668678644336, 1.155260957952623]], [[1.8423866349482754, -2.034448232337198, -1.6274488837473653], [-0.5049461330848463, 2.245132050720758, -2.532811043151574], [-0.3756143481759657, 0.7570211849418347, -0.3309950404801049]]]], [[[[2.3523816896628387, 3.782686078986108, -2.0555584415633237]]], [[[-1.8492469781580703, 3.845323838407649, -2.7565382510474703], [2.0562345687770116, 2.878761734627745, 1.750176887520187], [-2.0140729716425425, 2.3209974479239284, 0.14208502595632766]], [[0.8383405668157083, -1.0742052831827376, 1.3247672658365157], [-0.26231036141202163, 1.2783758793003295, -2.5113221073441805], [-0.6842427927256359, 0.57438248660948, 0.05914138675054218]]]], [[[[1.782713668084673, 2.15532791393727, -1.355562350841227]]], [[[1.0627374581435785, 1.064213944455407, -0.09435798761445323], [-3.638241629219728, 0.07980088730401508, 1.2920256799725884], [-1.1921854636669056, 0.6846700356201862, 0.4655576935165104]], [[1.8439171870224733, -1.602363063641523, -0.516677076535131], [1.1985087876885872, 3.60012354870585, -0.42836148871751306], [-2.015385379391614, 4.317336402076919, -0.17040167839641432]]]], [[[[2.36460163769597, 1.712865213870998, -3.1665576173066703]]], [[[0.07031151161901478, -1.8278425185165943, 0.3701192069411893], [-2.4961235890093034, -0.0908132730856833, -2.911369889444637], [0.5766007478262226, -0.6559673914311467, -0.4749217177934348]], [[-3.6145874032702956, 3.0551121977462032, 0.6208271851496794], [0.11725387901491291, 2.7050055957887933, 0.7519688741101428], [0.9579031236431553, 1.9648859035785997, 1.025191191219448]]]], [[[[3.8710841597726255, 1.5803551208067743, -3.415342538454774]]], [[[-1.2605326810389723, -0.5248828376292448, -0.0033300138529856094], [-0.5705217487556881, 1.317069250479913, -2.6529109196463296], [-3.071900021353403, 2.154134056359206, 0.7000411881757519]], [[2.338740983617465, 2.7222960756833845, -2.5846675949079208], [3.1195023952831313, 2.280349975857555, 2.7304526372954117], [-0.3115282409234128, 4.520330155385392, -1.175062620064586]]]], [[[[1.7821439474538634, -1.7260591125317137, -1.6464476393702214]]], [[[-2.9692152591444345, -2.052142409025122, 2.5757751729133296], [3.5985306013290366, -2.020575597938893, 0.27072077526025673], [2.3646010342762414, 0.3676746123976357, 2.1998636915931264]], [[0.7091388988009404, 1.7312031900232168, -0.270356408775415], [2.333493072074641, -2.4577614689141662, 2.2159717834341888], [-1.6476945892063593, 0.8013775323751116, 0.9324714352633695]]]], [[[[-2.520410317355492, -2.5298825742974156, 2.5980728508002393]]], [[[-1.5623725940213387, 0.9697405445847731, -1.6493898123823991], [-0.9280571226191496, 1.0615940925225626, 2.4957066676758553], [2.006934886317918, 3.0526694979130524, -2.8800394485701313]], [[-2.8063009214090955, -1.0979593335047693, 0.6845235578501145], [0.07262631150779597, 2.479397864575373, -1.9776956206180347], [-3.205174127082989, -0.19075072112779834, 0.9183843778055119]]]], [[[[-3.0183563201628076, 2.0233701937914566, -3.3088489276664173]]], [[[1.6039535201956454, 3.507247926853213, -2.6675786760554705], [2.2450121209292044, 0.2786500340182612, -1.637818926271182], [-0.5850307352359749, -2.1427480554251965, 2.8870120137357214]], [[-3.9303677478539774, 3.645777386944451, 0.8073166090432707], [-0.7473900946816777, -1.100094235523997, 0.718877986438205], [3.3909257511503066, -0.7981446055645659, -2.1470626029369466]]]], [[[[2.30140726042348, 2.343134438997246, -1.056534250895345]]], [[[0.18470141278129615, 1.443508519566872, -1.8933321485733081], [0.9783293315236242, 1.4864709766209159, -1.8633935289578285], [-3.9535466314124856, 1.5026825542378832, -2.5963980836662968]], [[-1.878480161282239, 3.6752703949337975, -0.3489562658803072], [-3.44492192215573, -2.5026651282384247, -2.5895657727118575], [1.9797285277898162, -1.5076725971547598, 1.0205017944218657]]]], [[[[1.1258534270996994, 1.4715385708434612, -0.2732973445757317]]], [[[-3.7792265276018213, -0.6729072648767568, -0.6008261145921424], [-0.3873833399390769, 2.034400917935605, 2.368642505635429], [1.6760714344243617, -2.9888583110176845, -1.4521598312144837]], [[0.4280542641555123, -3.528940601319403, -1.779836965782406], [0.19519350745551245, -3.1825417533727482, 0.025636185166484856], [-3.7706693338372994, 4.200153467051545, -1.2141578243395394]]]], [[[[-0.6495023479308276, 