{"noise_params": [0.0, 0.05, 0.1, 0.15000000000000002, 0.2, 0.25, 0.30000000000000004, 0.35000000000000003, 0.4, 0.45, 0.5, 0.55, 0.6000000000000001, 0.65, 0.7000000000000001, 0.75, 0.8, 0.8500000000000001, 0.9, 0.9500000000000001, 1.0], "max_scores": [0.24992842251389114, 0.20910927241142174, 0.1658611320327884, 0.04147997033931483, 0.13326563255913348, -0.09966776902831487, 0.07293861726933953, -0.08951987377220033, -0.049886805246875277, -0.020838422135699475, -0.0496297015924384, -0.09977193075701557, -0.11163167293375931, -0.15470599819595365, -0.3070767385195119, -0.28251961671649517, -0.30822533699017807, -0.3558106166259475, -0.8249998463258558, -0.5295117232216129, -0.9836443687287011], "opt_settings": [[[[[1.7473496100965193, 1.2560470886078452, -2.0242674285355955]]], [[[-3.3754628838457763, -2.39015936767078, -1.629452828732724], [2.0511019916376676, -1.1302028230574004, -2.12285470181028], [1.63206629816558, -0.26465812066943445, 2.7276370657282962]], [[-1.8403165301430386, -0.1593281503649517, -0.6702330477926282], [-2.7438696350108787, -0.5904370397253142, 0.88549623259384], [1.500112575406712, 2.6321892564035574, -1.1605249502733619]]]], [[[[-0.9605529596638193, -0.5064016984220403, 2.747161444548481]]], [[[-1.6915555216484082, -1.7888415621617162, 0.6485626045299946], [2.778009576797624, 1.0062586604506019, 2.0514822570293365], [-1.6765799420870484, -0.6733752778540214, -0.5156881034926997]], [[-0.16113316434684352, -1.26325792876244, -0.07865618159922007], [-1.2564994310775952, -1.76363713802653, -1.6832539578502153], [3.3816486406357176, 2.508418075658512, -3.0346862779424217]]]], [[[[1.4428217996307025, 0.6038263542985548, -1.2735338286530684]]], [[[-2.7414821271396534, 2.43595300610191, -3.112994224620424], [-2.2277660821090945, 1.2232105324575189, 1.78688001075768], [-2.521008351656789, 0.8669199538902578, -1.4260783292144499]], [[2.4307291657224273, 0.8550936256179159, 2.0327779091860583], [2.1948725557287214, 2.417473626581565, 0.5030014522864135], [-0.9142595173526723, -2.7079787164164406, -3.015890477404015]]]], [[[[-2.2592885764644444, -0.7238156283253196, 2.112452748999824]]], [[[-1.9567293665373213, 1.9227118174620677, 0.3670156262954096], [-0.5976819249988903, -0.04405988599716851, 0.4834119007475928], [2.3137388154044585, -2.265756146396759, -1.6069794472259178]], [[-2.0492169893142105, -0.3946835279151864, 0.5798253523205945], [0.7783146649920596, -0.3092391568048279, -2.4156644675080328], [2.116379493127218, 2.1549995972639735, 2.907489648934166]]]], [[[[-1.0843613463826878, 0.42214377501410544, 0.339554550159714]]], [[[2.695783327097149, 2.9155682027111998, 0.09511986610596383], [-1.8578786177990274, -1.5130964711828623, 2.509001277055515], [2.2681906149995266, 2.0257029133027813, -0.3070300382386617]], [[-1.1506895437393034, 1.8319822446035665, -2.5127458691814177], [-0.5891835792185571, -3.267004911066678, 1.706903732338529], [-0.23712562480713806, -1.8632766640818652, 2.4459576885799175]]]], [[[[2.1186258363999158, 1.7922819988250305, -0.5366288976550361]]], [[[3.5346043622856946, 1.7050425664146358, 0.8056031847018574], [0.4656515604200122, -1.6220167073450773, 0.39570061201885887], [0.3350078884024112, 1.381136439680381, -1.4973839065604337]], [[-2.6637445680134224, 0.3785172936804212, 0.31885447475265444], [1.0941264974653033, 0.010368500090104555, -1.403597338269911], [0.8961506354270673, -0.8381316396121833, 2.4091988878366237]]]], [[[[1.909549768815346, 0.21625573882451407, -0.9394157780297497]]], [[[-1.0721360382414855, -2.3361796803921777, 3.089440019767874], [-0.18454776632910563, -2.822596484740318, -2.781588632457767], [-1.1711862838654596, 1.224852141754082, 2.8252849928032333]], [[0.599850179556319, 2.66067842941995, 2.1580147138018972], [0.41971190594459407, -2.7489242676078036, -2.543872844119993], [-2.6678737087558186, 1.6635324335199646, 1.7916383760513543]]]], [[[[2.6722783240694423, -3.5085181007256394, -2.448283815874764]]], [[[3.3905937937840522, -2.4365532086179935, -1.4288795924335922], [2.751897284452602, 2.2472068521532105, -2.7100305024438462], [-1.1126747015842235, 1.7191601616382683, 2.3733933379795262]], [[1.2554398896247718, 0.3614217366222969, -2.3529015147392003], [-0.07981473116307655, 1.3223219316306138, -0.8534910133557778], [1.302239672836485, -1.5131288304615542, 2.1452008917417746]]]], [[[[1.2666217649175755, -1.721163273333244, -3.0125224464725107]]], [[[-2.594460082822344, 0.5340888861327634, -2.992292796240212], [-2.8364390021447305, 1.7516996805060547, 2.6504928452046457], [1.0798849711340421, -1.881623094751097, 2.976930732733999]], [[-2.801805634337139, 1.0772636667040778, -2.418662159356997], [-2.049722266385081, -1.3975716810189143, -1.2631352667527085], [-0.9547001378436466, 3.619348523199413, -0.018433965699867546]]]], [[[[2.640089633277766, 1.5858302495768872, 3.1139031431211004]]], [[[-2.605745676481513, 0.5376144736404409, -2.399086515241718], [2.3183295281299467, 0.6249191346479367, -1.5389556549240404], [2.2108443905684045, -0.6526628994896755, -0.15975975834455175]], [[3.383054170431696, 1.8221766127284316, -0.5129214293418869], [2.0812796176893973, 3.361985496430387, 0.30702981602650015], [-2.6072847477205214, 0.7953913194238306, -1.7750094634422966]]]], [[[[2.5943565417712255, -0.20683059989447655, -1.661796572738614]]], [[[0.10502426562344237, 2.9686840727949346, -1.4482436759164588], [-2.985458581882672, 2.5053812867071104, -2.449693452731404], [-0.14765814348485315, 1.8606941684310543, -2.480078509338819]], [[-0.406868239853588, 3.008856396133895, 1.8848211994165238], [-0.8700302002935867, -2.2683488752489205, 1.9665787450631287], [-0.6428035249157095, 1.1573283125250506, 2.1400345761037407]]]], [[[[-2.4853830451432533, 2.190731815221326, 2.231939174942367]]], [[[-3.081952491468156, 1.690265553026216, -2.901822487256814], [1.6413530257123299, 1.5622325781758055, 2.536963081661865], [1.0769274301856373, -2.2787269275303217, -0.7084962923181943]], [[-1.0014651609075689, -3.6204462976760734, -0.15250002953533978], [-2.356414603859786, 0.8867893199439076, -1.6236313687491166], [1.6267587900311966, -2.3101126911353784, 1.412532343225335]]]], [[[[-1.6869872065919573, 1.5180247507287346, -2.751374393973306]]], [[[-2.728139606273583, -0.15500884252070776, -1.3752849348585816], [1.9734690453258985, -0.3908616136772335, -1.947871689461756], [-1.7472657228119028, -3.5461954946348913, 0.36795975345562715]], [[0.4883433706400067, 1.3294342323152966, 1.4013160084229241], [-1.1440503509548166, -1.8670985359290202, -1.1639424963967038], [-3.0850164208028503, 0.7720680469562774, 2.44896973014217]]]], [[[[-1.5206948259701603, 1.5676194646153212, 1.7387380475805787]]], [[[-2.059972652061621, -3.1055938595857713, 0.22771708701920632], [1.3370243550148306, 0.036567771550301637, 1.7821383553442018], [1.7641732404479764, 0.9157807248394393, -0.8392722054659427]], [[-0.13948377717195504, -1.8764412881081511, -0.44797625648300116], [-3.1523044059694825, -1.3979724037322383, -3.07591993561259], [1.125306791078486, -1.4659306405555843, 0.8343579154222924]]]], [[[[2.5875638229805147, 0.20894575451171304, -0.2665450015020585]]], [[[0.34212144719405463, -1.9742343338551485, 0.7149147614857371], [-0.5885132553213996, -2.5922674386170548, 3.051015450471623], [-2.726985791960703, -1.501990926545317, -2.9707587225553285]], [[-2.4423215725433267, -2.802952029221123, -1.2152782298194442], [-0.652035469295518, -0.11769128554742248, -1.9550271569934903], [0.46278957205073223, 1.3046389660888507, -2.068565347357755]]]], [[[[2.736817229604463, -2.8746613874787186, 2.7501554848379706]]], [[[1.558525102156314, 1.6189963665793787, -1.3279529405027037], [1.3226075091840932, 1.8846548649225279, 2.1218958110868593], [2.4045428836260867, 0.8009762860678277, 1.5075609548399118]], [[1.3551575676359036, -1.1623944069704866, -0.22132795880626874], [-1.5959746177030265, 2.2730747401161207, 1.4843397325299659], [-0.8749553370693417, -3.156002923778744, 1.2048857909294606]]]], [[[[-1.034730447729991, 