{"noise_params": [0.0, 0.05, 0.1, 0.15000000000000002, 0.2, 0.25, 0.30000000000000004, 0.35000000000000003, 0.4, 0.45, 0.5, 0.55, 0.6000000000000001, 0.65, 0.7000000000000001, 0.75, 0.8, 0.8500000000000001, 0.9, 0.9500000000000001, 1.0], "max_scores": [0.24880146243390566, 0.16146581597763754, 0.11641598784429719, 0.07611252337530061, 0.1193823206992104, 0.10407534808798952, -0.22469379204072648, 0.04612620422841712, 0.012594741240643248, -0.2118159257105935, -0.15912535353565904, -0.07475056257615237, -0.16902003770344592, -0.16293234077218804, -0.1821024134712504, -0.23787264511415002, -0.2578650861557893, -0.3316191721271034, -0.3731898908295705, -0.49602372323718147, -0.5000619559142998], "opt_settings": [[[[[1.071116626320444, -1.554191373939867, -1.8007939935522947]]], [[[1.7733040414150028, 1.0523806965714189, 1.269697354806322], [0.3948252431625971, 1.7572317889692532, -1.644243258034393], [2.5645896249418723, -1.9401949012818378, 1.521613545852789]], [[0.234819579497518, 1.718520355634205, 0.12701711713622071], [2.481731336787592, 0.46518714951470364, 1.8149948541544667], [-3.0532308406383715, 0.970281072678161, -2.2308697560765527]]]], [[[[-2.420920685234875, -1.3690144086233689, -0.6675381146173224]]], [[[2.246158007715921, -0.15643508876416934, -0.9751031751401675], [-1.9412281113501262, -2.452230749814497, 1.8175607602717152], [-1.2501037477862467, -1.1040618426309055, -1.6487938296622218]], [[-2.6102073708385083, -0.9354391918539324, 0.5576774539080191], [0.3626138764591315, -1.5355652230041297, -2.039089661567988], [-0.9986584121177268, 1.6798181090561553, -1.2610961908281046]]]], [[[[2.1226577064346897, -1.7645209852783865, -0.1578539638632646]]], [[[-2.2311199641562904, -1.1302407023124683, -0.20169929570673162], [-3.3473851872548583, 2.388123434923757, -0.896291755441954], [-1.053718646826552, -1.4089347608954372, -0.9402216937103738]], [[-0.4563165556550247, -1.8223633083489943, 2.787389869468355], [-0.7829779816918031, 0.21508521462005478, 0.37361869719228125], [-2.023120766267694, -0.9195772299414811, -0.36672241123310245]]]], [[[[0.6578516027537524, -2.8465837347142586, 3.426853031187262]]], [[[-1.5476679260847588, 1.4093036866660182, 0.36359575728724586], [0.2018123323107227, -3.1882807633745367, -1.1641253995951113], [-0.250621874640953, 1.736519638026172, 2.44729358137302]], [[-3.8585189382382525, -1.4694993135500904, -2.4839768063699155], [2.9930842012721195, 1.3257748154780447, 1.7770908283910245], [-2.5535848535956833, 2.1515340578574205, -2.216708244228612]]]], [[[[-0.04454328538406068, -3.230261044893535, -0.41770319125101046]]], [[[1.0491462672485619, 1.7897627517235541, -1.0390376894985605], [-2.4342579352606872, -1.442680735463499, -1.78166686871115], [-1.65233344434859, -0.07220110770599379, 0.12582904489162372]], [[-2.6940305731260636, 1.8231053992565613, 2.640037800771128], [0.6871569719931065, -1.3686815616381542, -0.8356487393586298], [0.9787872908273919, -1.557005579010394, -3.0374468279793856]]]], [[[[0.21888554871440233, -1.7815981084962342, -0.8183776931429255]]], [[[0.20818972349523535, -0.7521799493578323, -2.05656297938705], [-0.28466683465163245, -2.8804650899172852, -2.907546037309421], [-1.6776398443930887, -2.2935973486244006, -2.7358519345404115]], [[-1.0603987014166396, 1.5836351681589584, 2.8921593849653195], [-2.569526074566707, -3.0719075976900085, 0.3343696097314202], [-3.1913448835013627, 1.950396186317857, 2.363155585498733]]]], [[[[-3.1237610981446178, -3.1569733005197445, 1.952325053579267]]], [[[-0.45723184175578346, -2.978530191355524, 1.96159765157112], [0.4711627554198066, -0.09431245661695924, 1.2917696266083665], [-2.554140373511255, -0.42393437194449324, -0.13553958599394145]], [[-2.593926176371433, 2.0697794778954104, 2.7457077090910538], [-1.6416588560739582, -0.17398129240879798, -0.6745959628788452], [1.8984117406076257, 0.1695020027928986, -2.348561718078791]]]], [[[[1.5873331363047076, 0.010671683917510616, -2.1283260841298484]]], [[[1.5950134504335947, 2.8973679417495175, 0.4049612166874996], [2.118254194937355, 2.086337015958249, -1.5099994484392778], [0.06799143630733917, 1.1558842080379563, 1.6971570881127844]], [[-3.3262070218844446, -2.22946953504473, -2.373229127053609], [1.0916769665793733, -2.362060564454889, 3.1294432094241103], [0.9653868113173008, 1.6551808459839306, 2.322131846556559]]]], [[[[2.30660565938745, 1.9771392247593151, 2.96712705069664]]], [[[0.8093444858585837, -2.1524869696318842, -1.9642606056048366], [-1.7853905091749829, 1.8253209377920694, 0.7554705664126136], [-1.3500994310901628, -1.0862261906255686, -2.02882887682663]], [[-2.7023025543661494, -2.5603520678365417, 2.6941528753436756], [-1.248393773185726, -1.7669320349274678, 2.160757703027759], [-2.3290548203249304, -2.3760708885195085, 2.585816243038124]]]], [[[[1.3334549800606745, 0.14339645253310196, 2.4140575528827943]]], [[[-2.6621982792236794, -2.919623058292521, 0.33636492894453435], [-2.509923715473347, -0.11346389925367269, -1.2222632016230468], [-2.2169938474594884, 1.0734446320082005, 0.7353540949733941]], [[-2.148545341374752, 2.013424676935472, 2.5284080375948754], [-1.3536266176600193, -2.2576405314461443, 2.5249061527041237], [1.4470446798360104, -3.114379130280561, 3.0818825808860764]]]], [[[[1.087584100739018, 2.1676731735571817, -2.133360315504312]]], [[[-1.3552093222437132, 2.4380066460058205, -1.421025816017634], [1.6061527944297929, 2.5550309448952997, -2.687399598539041], [-0.8418638693647169, -1.1890226690035581, -0.8822166065554535]], [[2.301992391500052, 2.0926779599579466, 2.749602967400058], [-2.354439786209367, -0.751119628174132, -1.9545390043943955], [-1.497138306792798, 1.6452368585827066, 2.579389638123084]]]], [[[[-0.06894305621351228, -1.3932361719583068, 1.9352052485097098]]], [[[-3.06916801909933, 1.6432734536725782, -2.8543078879748647], [0.7699540690549865, -2.530930914899376, 0.2602940969266485], [-0.873810645246733, -0.2982556195504133, 2.573567706771854]], [[-1.7649178761210003, -1.107592247841279, -3.125226818248417], [-2.473598581315824, -1.1437933423614788, 0.17811421974194672], [2.4553657234211155, 1.2925200248389548, -0.08566801910852373]]]], [[[[3.2573387105102314, 1.9069980354321034, 0.7816468102759364]]], [[[1.6373702500272957, -2.4952004890069492, -1.9455521943246152], [2.161832838075374, -1.8748224891359504, -2.2367463623329864], [-1.0632263559561776, 1.7039964915226562, -2.611125604894207]], [[2.4812204228992587, -2.396017212244566, 0.3809225095337919], [2.475422453209889, -2.738832675556183, 2.1641512429722507], [-2.063943679841186, 0.8297102378714618, -1.6284402450535433]]]], [[[[-2.095357228076209, -1.1133657197825155, -2.2732003388714386]]], [[[0.8905092294964648, 2.255543655722025, -2.8057309589502633], [-1.9496482281260972, 0.443376585582305, 2.0571511012295574], [2.497671707236327, -0.8107060349557812, -2.0820141212679837]], [[1.3813834890521792, -2.2099663019753475, -0.9725016703464759], [2.5340447260878705, 1.8965755160337139, 1.3671363755605688], [2.793883566962077, 1.5064752892233455, 2.6887096376789197]]]], [[[[-1.5250192544949168, 0.4994943945242905, 1.4147366956452907]]], [[[-1.4057651202765442, -1.3810942542355429, 1.002574295940307], [2.395663821275008, 2.237518000994209, 2.490779428923024], [0.4907759435501618, -0.8018565118606199, -1.1696931660628516]], [[-2.4724626183389775, 1.7911551929142737, 0.86702392893827], [-1.5119841494970239, 1.7601927385061058, -0.2883812032630235], [0.2101109949503058, 2.138822368234847, -2.626317045092629]]]], [[[[-0.028854100783908748, -0.1792220078192153, 0.36830319510651716]]], [[[0.8753024152530413, -0.661964186642176, 1.2454342598826802], [-2.0140468499361117, -1.0298908763373937, 3.062578779536479], [-1.0263891079970964, 1.7039852093733263, 1.3346739020171405]], [[0.5488353437882866, 2.398117386644691, 0.4590213597777088], [0.872095043849127, -1.4260845666720798, 1.983973509707761], [-1.4545460506675214, -1.6852232252657462, 0.4236396148172328]]]], [[[[-0.2673140060183802, 1.047045186242183,