{"noise_params": [0.0, 0.05, 0.1, 0.15000000000000002, 0.2, 0.25, 0.30000000000000004, 0.35000000000000003, 0.4, 0.45, 0.5, 0.55, 0.6000000000000001, 0.65, 0.7000000000000001, 0.75, 0.8, 0.8500000000000001, 0.9, 0.9500000000000001, 1.0], "max_scores": [0.24963946908070467, 0.21510452312486228, 0.15248777197932917, 0.13111196957083332, 0.017045666454154562, 0.11328723884268949, 0.050031865991686464, NaN, -0.03567841331056765, -0.1319444348383566, -0.07618084926899704, -0.396610401174032, -0.13439300465578452, -0.14548556361534137, -0.5840891384953469, -0.24546836789353565, -0.38036673381371877, -0.45629940991117063, -0.38930184088241476, NaN, -0.5056973157987803], "opt_settings": [[[[[1.801440768266681, 1.7847734879787278, -0.400692712107726]]], [[[-1.054401857556231, 1.0830241408380215, -1.3092947115936335], [-2.440213184523711, -0.769586824372312, 2.4703183382615013], [2.945407961576087, 3.408958994949225, 1.3741406701783365]], [[-3.0209526449423767, -2.23751841285398, 2.2846446925021935], [-1.7527921533275508, 2.008977632778597, 0.32914321161765914], [-3.0664521881029816, -1.1525202381713953, -1.3746807463799107]]]], [[[[-0.22262520107758874, -0.7707323972987912, 1.724100450435811]]], [[[-2.9830211887901266, 1.7874151238823448, 0.9120059389238548], [-0.8812445059270142, 2.3333801028521455, -2.0559292248669268], [0.0760295324020358, -0.8735208284548758, -1.0782995324841864]], [[-2.098478190529579, -0.6696226989940279, 1.7848809175398275], [3.069445515837728, -2.2665580007200274, -0.15302133462642067], [2.2035254975509906, 1.793868157936505, -1.5970520082204522]]]], [[[[0.8229007046563729, 2.304928198126616, -2.2461568001617227]]], [[[-2.452294062299865, -1.8786309548161775, 3.1157422698982264], [2.752668528312202, -1.778976403927306, 0.023495299529225397], [0.3784586794087329, 0.1118142335632035, 3.1263379393432267]], [[0.4735072103828531, 1.4067973081446061, 2.3324069277871224], [0.6484198563180984, 0.5054264833380528, 1.6463519616551885], [-1.587590762284587, -2.461985684029601, -0.7010741228598159]]]], [[[[2.4837963164342436, 1.917236867340762, -0.7139253051678287]]], [[[-2.3854734664690214, 2.6670583317456393, 1.096782404475312], [2.5546025178152565, -1.6507180790382576, -1.1924677224757088], [-1.7686580575074378, 1.8141890599203339, -2.280327819209041]], [[-0.6922105603719948, 0.8552624597491528, 1.6248217010688082], [0.046087113423625016, 2.0756507520267213, 2.7388253645193226], [-1.2795012284579994, -0.6742315809772503, -1.5895087185646914]]]], [[[[2.6704041614030327, 1.2671324846206713, 2.2049308672246815]]], [[[2.313362488647737, 3.0063632770066695, 2.611571063596899], [1.596381554114715, -1.569851674529736, 2.2171508655387626], [-1.4828810839308308, -1.07156465907626, -0.6311511617467485]], [[-2.0062767910664228, 0.256439499782662, 2.7697769234198475], [-1.1658420180651163, -2.5205429836587876, 1.726859827426753], [2.5887140306695287, -0.6801514808558146, 2.549755485994603]]]], [[[[1.8273878885787296, 1.5245282102755202, 2.097331028653103]]], [[[-0.5454541852947007, 1.2208714219180223, 2.4313121995477056], [1.1551280638146089, -0.3449079513393206, -3.0992772021943757], [-0.41100655414933074, 2.5367240258155923, -0.19442419594858373]], [[0.20478960282980505, -1.680271037386444, -1.2967797204411406], [-2.0492506455855604, 1.849527997413526, -1.2402029164552897], [2.117926832044816, 1.35090550691471, -0.6508701300702828]]]], [[[[-3.2824226989192717, 1.4072401433608999, 2.4168783955256385]]], [[[0.7760143864682298, 0.9334095973466474, 0.35286344046320817], [-2.0550456203518186, 1.2890211916665375, 1.0712718578484806], [-0.8683135649728807, -0.8593987000204175, -1.9252268625028577]], [[0.7750021276133279, -1.9041325680431371, -1.9745262067467244], [-0.9052513741863506, -1.0119776181344333, -2.7560539287629977], [-2.385394620225595, 0.09161395398218679, -2.610895003719934]]]], [[], []], [[[[-1.7094406038281387, -2.3017371141312535, 2.182311940825804]]], [[[3.0872026877418888, 1.4495832043065484, -2.5410994995617107], [2.6453370561743923, 0.80318445436969, -1.0575721377290757], [-3.097479103366712, -1.4711923230034099, -0.6233871162205009]], [[-1.5282851701599907, 0.6960591802269323, -2.3615473498681316], [0.5685213162087229, -2.134925796648476, -2.278136193076611], [-2.59153456059699, -0.27355357761327675, 0.4591939231582973]]]], [[[[1.555176138707042, -1.2677719000160106, -2.9775737167941796]]], [[[0.24625342134690478, 3.272327015327577, -1.051943695196727], [2.921737345749968, -3.3309493219428306, -1.486657697630752], [1.1009591203542233, -2.9943621844113784, 1.728688279109818]], [[1.6474074723302967, -1.888192355488181, -0.25009719702199623], [1.0182329018131577, -1.641364856282578, 0.5540440529429018], [0.7396076645064423, -2.0204950047840615, 0.016075341866847986]]]], [[[[1.9978604309497707, -2.1248543982671046, 0.13739638363130208]]], [[[-2.958398785523008, 0.6804381056282051, 0.782603912736274], [0.13454273598077826, 1.2063044400256917, 1.997391675116484], [1.27814898831074, -1.4256430603200996, 2.822143288492178]], [[2.4862627176252947, -1.407456675590397, 2.590317960309709], [-0.19776274484049117, -0.8711307853188918, -2.2465175100279318], [-1.7595939396672409, 1.7134507525405243, 2.0092903167814065]]]], [[[[0.4552336398805674, -0.5816114941679535, -2.4358738056105254]]], [[[-0.9501222701538142, -0.7427670107559172, 0.704030834378107], [-0.6468213890184471, -2.239865515209742, -2.7318688248775542], [-0.9882954438868122, -1.7688565680134598, 0.35716741458594514]], [[-0.4576456084638087, 2.3543731557397805, -0.7405834525212249], [2.0814585448351743, 0.1238116718418991, 2.4490663850396572], [2.2246441981554996, 1.4077775385525026, 2.109812359896784]]]], [[[[0.23622285680675487, 2.495845153089977, 3.0214389901866316]]], [[[0.3630933000609234, -1.5197664773614705, -2.351553015632808], [1.6040937119276557, -1.658793899572873, 1.7040087041379737], [-2.5719745722757428, -3.355998507658478, -0.01691996063423937]], [[0.19754978294451667, -1.4303068494618745, -2.2497911702316715], [1.972719494040741, -2.509060581049684, -0.4165209422496101], [-0.9397626628108185, 3.321609602501848, -3.1329210509191188]]]], [[[[-0.8377139721777861, 0.06308479805280198, 1.91360954890926]]], [[[2.5885457623136916, 2.316055663254309, -0.1996659947255406], [1.5253276154654354, 2.301470623882001, 2.3785974447589364], [0.9885153310069376, 3.3684303767181434, -2.7964477581562455]], [[1.7581133095469506, -3.121705073282041, -1.5487190803348556], [-2.681980260527945, 1.8608416573083388, 1.5434193387415522], [-2.1076448412263313, -1.597933157759685, -1.0038976959823684]]]], [[[[-2.462522074505904, -1.573161434383151, 2.102151989757556]]], [[[1.7252913026801564, -1.3490674197648285, -2.8410518585518707], [-0.31185239915955837, -0.3633624161391932, -0.896833985170403], [2.0608977161527577, 1.2646227161148778, -2.6745061179139076]], [[1.795741689658389, -1.6459866884516106, -2.6055766165718515], [-1.1026511018690042, -0.2122212189298506, 1.7939049316081244], [-1.985812057507643, -1.2945218961270726, -2.0234305147072082]]]], [[[[0.41419266047419095, -2.2854982952414296, -1.5091487216208563]]], [[[1.411153688675522, -2.6598830030110894, 0.6458703141228463], [-2.848262211075152, 2.2416884572976463, 2.73225566283668], [-1.0920032001984155, -0.1273919375286507, 1.1904950505037561]], [[0.18310624198308417, -2.8226898560994713, -1.9296328932493172], [-0.9115595784635316, 1.8117595962860145, -2.7875166490402616], [0.1395253713487597, 0.27694817057675575, -1.160579956520944]]]], [[[[1.5246417921043312, -0.5502950525312471, 1.2270429244996144]]], [[[-0.1633983475442008, -0.06169113954282445, -0.8522026490810677], [3.1146462821166754, 0.2969441350637071, -2.264796294330786], [-2.0151639555336414, 0.5872405859114196, -3.0629763797533904]], [[-0.3227558754985674, 0.9854852082990484, 3.1406870111732834], [2.2661870503139188, 0.956800816420845, -0.1562143656747792], [-2.0848567819748958, 1.0067050318777029, -1.1285352610476846]]]], [[[[-2.2060166541970916, -2.812619190827944, 