{"noise_params": [0.0, 0.05, 0.1, 0.15000000000000002, 0.2, 0.25, 0.30000000000000004, 0.35000000000000003, 0.4, 0.45, 0.5, 0.55, 0.6000000000000001, 0.65, 0.7000000000000001, 0.75, 0.8, 0.8500000000000001, 0.9, 0.9500000000000001, 1.0], "max_scores": [2.819137348763083, 2.725108552179733, 2.6574230525592655, 2.5237037471689505, 2.427747754165466, 1.9891200037544559, 2.239531566252982, 2.137413380173555, 1.9967389929672432, 2.041410015189639, 1.9509604343965936, 1.993343491068483, 1.9957238556042027, 1.9806065177693584, 1.995128093083875, 1.9349441077739007, 1.9787103001168127, 1.97532930896942, 1.9899680430447098, 1.9931714472725668, 1.9975201944731191], "opt_settings": [[[[[-1.1730290286649265, 3.0252385434730273, 2.2658562003601173, 2.7029098402202765, 2.2393080704442596, 0.16805499487780917, -0.12724805815697818, -2.1659032012319543, 2.4272944059654127, 2.925251813696344, 0.27982371939179856, -1.6916670164952536]]], [[[-2.3026341248908135, -1.3635865336907416, -2.7904362552040722], [0.6487085901623711, 3.935206131982843, 2.2387759166530774]], [[-2.6040676436090013, -1.8839529278379492, 1.7447546466714634], [-0.9715461183612986, -0.6581771796151501, 0.8751901550250079]]]], [[[[0.49677508374369594, -2.5013650463180555, 2.5838778408718257, -2.0921895041416363, 1.5994828013365534, -0.17171077690372158, 0.5677574940691555, 2.482893596099803, 0.13826989908938836, 0.10592407256209285, 1.902462700236751, 2.6698358297219933]]], [[[0.09532725382568889, -1.873480606311456, -0.47715939951210856], [2.70983680401338, -1.336789669086344, -2.171284472536786]], [[-2.384727649623548, -1.9607374663142334, 1.8160051799448471], [-2.0835627462549575, -0.34216745228240997, 2.2228936604138]]]], [[[[0.2318339007365368, -0.5117352326876804, 0.35702414346831823, 1.025097286945467, 0.8365449441414402, 2.2135384168259753, 3.123529022450652, 0.16605681631012995, 1.0826257329506948, 2.632683310426898, -0.3339131466247264, 1.7205213828477388]]], [[[-2.1784040069102693, 0.3828257722921921, 1.4611860827097418], [-2.416705123883834, -3.150233878992474, -2.3797782077281435]], [[1.3910491403584704, 1.822838241746082, -1.3402251559336682], [-0.0713239446009333, -0.8352457894598114, 1.0717656052125717]]]], [[[[1.3335516740648732, -1.8437758536371698, 0.26757634173628364, -2.3706013921635383, 0.5129088733387379, 0.052507801102461005, -2.1574323791325174, -2.201494274874543, 1.992848056716225, 3.1307087188995952, 2.1061004727201715, -2.2426064172338815]]], [[[-0.6187967328398951, 1.5020382715374325, 1.2182979741770632], [0.4002795403966988, -2.331355771294221, 0.059728213804658606]], [[-1.0773956693340956, 1.7752302601064909, -2.043194198855157], [1.8626365918348653, -0.1716259000052422, -0.7537613838624986]]]], [[[[2.4532056808872245, -0.6318446277832598, -1.878862196425466, 2.6320586565901145, -0.035420018144352, 2.751956106550299, 2.4217281244240305, -3.0642024670817545, 1.945954204501722, -3.004590755236249, -0.3302472924938442, -3.342090200934027]]], [[[2.8192032796199906, -0.9226611791420914, 0.7940634574964953], [3.168817448109206, 2.9834021623781637, 1.258995977712119]], [[0.4740248084589052, 0.4839320857590106, -1.1795690755179857], [-2.2592090338220157, -2.530349495156007, 2.149147572060973]]]], [[[[1.3252467635652225, -0.022271242789217667, 2.2655776472562557, -0.8675652001499077, -1.1720855541996376, 0.22015093229439017, 1.3376881631760151, -1.257955891943358, 2.9522538365079005, -2.258473962582585, -1.6696568025684224, -2.753796002844732]]], [[[0.14845512604330927, -1.3025804251298738, 3.062460172930944], [1.077800725376443, -0.3696387771192288, 1.7051609985890508]], [[0.7778425874753071, -1.2202293809089884, -1.360149440474977], [0.16576990746295403, -0.5773632362811546, 0.9980152935159952]]]], [[[[-1.0619267158448742, 0.8800061498758887, -1.7400252907835423, 2.4576712345643053, -0.17318283655339917, -2.88123908396068, -0.37133566889900277, -1.4924836088593993, 0.3167065696180145, -1.1355994282602477, 0.5062020487330572, -2.4629450727230866]]], [[[2.5037690925518916, -1.898039969091506, 0.5747970245912177], [0.6438347160767594, -2.7002542671054988, -2.2848490987694516]], [[-0.17110558064394296, 1.4417702511002792, 1.7161595898485906], [3.0567072362868757, -0.41854386193413484, -2.4158276077616545]]]], [[[[-0.8799122416595374, 0.6183240110200162, 1.5406955222349712, -2.226346186047017, -2.825971956177161, 1.8217163501038427, 1.6573069997994736, 2.569242682510661, 2.8476628237108517, -2.9710609477945464, 1.8862261872514576, 2.6281456161707286]]], [[[1.8698010916433205, -2.8001369419541433, -2.201529950770475], [3.2328640441004657, -2.401514895874864, 0.20314618782019742]], [[0.9876065165427489, -1.1470321806188917, -0.6787552038778801], [1.0638888257259906, -3.158040615458362, 2.228650076690542]]]], [[[[1.0899305840477975, 0.02657784717573325, -1.9305722404201917, -2.643969064458915, -1.5763811062912594, 0.5406068792669892, 2.703213165036245, -0.3431753853762041, -1.1240474338495114, -0.04890963557857991, 2.0790346930917094, -2.510955936164506]]], [[[1.9309470580707995, 1.8608885107555215, -0.025135096646849785], [0.7634249536069199, -2.7488163165202524, 1.1804584404500709]], [[1.9982335540068692, -3.2120498347999265, 1.2185083863666248], [-2.8528214130287175, -0.9572837766829263, -1.9828302838066025]]]], [[[[2.6127619170548204, 1.6651684622765281, 0.8846601052580647, 0.016975063868452708, 1.541582763357595, -0.2922973918591233, 2.0805274648105456, -3.0979966795647744, -1.733601021063852, -2.690021667901042, 0.3809642120421025, 2.290502920061166]]], [[[-1.6646818380763437, -1.5345294965081815, 1.8847260217572241], [1.5689799585585347, -0.9462660789079816, -0.22751051058634086]], [[1.3922708351814852, 2.1460277270363055, -1.865721831614759], [3.3134273405825043, -2.376310710744338, 1.3318310384972545]]]], [[[[-0.2894399632319912, 1.3655551508366612, 0.35745586533569906, 2.5262664306529814, -1.1648734201670587, -1.8051653966086958, 2.2126681159846755, -1.5220083847468806, -3.3272569792507247, 0.8593137201436931, 2.230632229851385, -2.8971071286725127]]], [[[1.0382520900217074, 1.1292558134769397, -1.8126461781456717], [1.2240731934994313, -3.0344232202387484, 2.016098192391582]], [[-1.5953702009316477, -2.576345676805729, 2.056355538223115], [1.1756522689157052, 1.2248420647556872, 1.7881816581563523]]]], [[[[-2.2308942232600373, 0.7639288525551308, -2.3553879929917567, -0.44952501890911967, -1.8312319550969856, 3.2782368440370964, 0.6081898812698272, 2.2168760141332697, -2.164727789332353, -0.16699410844735585, -2.0406078219951085, 1.0512897562203265]]], [[[2.960590111445398, -1.852357189545421, 0.12326562385691374], [-0.935369784035917, 2.758454693321439, 1.2254304102335478]], [[-0.7305302683418871, 0.19368325095746597, 0.7959434665782519], [-2.4483149653500633, 0.7034021078674644, 0.7679513361941845]]]], [[[[1.2030509483404668, -2.657402612616004, -2.2267884298014833, -2.284116405163763, -1.7257684696968851, 0.091850020738857, 1.9228529509034826, -2.5202416404251724, 2.6812668692375694, -0.5186894726256804, 1.5375385332728486, -1.9672873957854764]]], [[[0.5120724941512808, 0.2087337790788632, 0.6167209163720737], [-1.0761824701500113, 2.67832727953213, -1.278302881934675]], [[-0.07364863959473114, 0.7876565089519741, 0.6139144466167878], [0.4319909995843802, -0.41282145693903627, -0.30309286754740805]]]], [[[[0.9420911891012649, 1.1011360594931987, 1.9852471347629146, 2.072758256174268, 0.6851401746117793, 2.503501669504816, 0.32143592509813923, -1.698406409095503, 1.6862017571383845, -1.5198789220855036, -1.9701959413809347, -1.7233113922250292]]], [[[-1.3107845435892285, 0.5646273770918485, -2.5252845719127794], [-1.7058500708905788, 0.43504419380894777, -2.108576854532469]], [[-1.5471836678667907, -0.0833317648555036, 0.15563357226402763], [1.6054971390052286, -0.7575604946849418, 1.0623452456132911]]]], [[[[-2.4046075180347932, 0.0950579366195952, -0.032136101121033295, 0.0903818499261831, 0.10679594614095486, 2.2355814787151362, 2.6728961874605153, 