{"noise_params": [0.0, 0.05, 0.1, 0.15000000000000002, 0.2, 0.25, 0.30000000000000004, 0.35000000000000003, 0.4, 0.45, 0.5, 0.55, 0.6000000000000001, 0.65, 0.7000000000000001, 0.75, 0.8, 0.8500000000000001, 0.9, 0.9500000000000001, 1.0], "max_scores": [2.828426419166541, 2.7240076034406973, 2.632241085819451, 2.576518434959713, NaN, 2.4433197499581167, 2.2270089197590917, 1.9925638235350502, 2.179950269985711, 2.085049691647182, 1.9947561738935047, 1.99510061155961, 1.8073276453937621, 1.9437351291947742, 1.9936867101612248, 1.964399465790101, 1.9927772354454862, 1.9914456565433478, 1.979219050017583, 1.9546323808356398, 1.9999923684314986], "opt_settings": [[[[[-1.7736635516224648, -1.6354461642399507, -2.3165639097354638, -3.1028305098536437, -1.7180678813041745, 2.419189280886484, 0.09745662993424763, 1.961084692011992, 0.5977358729562399, -3.4437942496219582, 1.6145848196250907, -2.5596803846785314]]], [[[-2.607417413180236, 2.082733045725542, 2.7435633466973943], [0.6109989437823004, 2.202399838063751, 0.036874392145841296]], [[1.4569097465917578, -0.7393796509108052, -0.02063041908629736], [1.01090031277877, 3.0274394736192303, -0.7503282636031408]]]], [[[[2.1236274796026526, 1.4131490978722359, 0.6234001568382117, 1.4340445383221159, 3.1546441607526994, 0.09455032951861815, -2.4285612436072705, 2.144924928577517, -2.053848538028674, 2.3919351564960096, -2.4884176152356643, 0.328198794048684]]], [[[1.0511892247643537, 2.3934883870047923, 0.046511914892163546], [-1.672112505394417, 2.3553618411073134, -2.4975338560878466]], [[3.403868007697539, 1.4407781285831338, 0.7621004578626689], [-0.059251450696990934, -2.7549344338885384, -1.6784821485197643]]]], [[[[-1.9157890512559523, -1.5556792797348074, 1.8113621489053995, -3.13522906526733, -2.4748446267642774, 1.77947924483711, -1.2149794169296202, -2.3418442105004944, -1.1630614127709702, 3.416942605830362, 0.1353063318138703, 0.23416023709845885]]], [[[3.097841380670737, -0.2436886081254608, 2.8011373124996073], [2.615292316658604, -1.9383782357243606, 0.27036762699731426]], [[-0.9418089613470515, 1.6185748576139134, -2.751565897684894], [0.6497636299555739, -1.6062436823497939, 2.9305118920392337]]]], [[[[-2.7314895604222484, 1.7425924708606015, -0.3209114521278792, -1.4647691477107225, 0.1722010217336229, -0.653318695095759, -1.8203050266491316, -0.49703547616250976, -2.681959358254957, -2.9805702675350574, -1.176707670255472, -2.772378312752459]]], [[[-0.5169697219643713, 3.425925729333309, -0.3401584001045541], [-2.157175992517681, 2.8614152730826516, -1.2477387098924337]], [[0.4172609169089054, 1.9695853239719283, -2.46535901250571], [-0.2589673367670134, -2.106394338847422, 0.09619267499008369]]]], [[], []], [[[[-2.4383872257254096, 4.341791560844912, -2.2672813325700703, -2.5039332290290366, -1.7323968958370572, 1.0746988138705802, -0.14097997790582717, -2.2117861360054745, -1.7175825599861723, 1.368666588319372, -2.202459798092088, 1.2393098421762643]]], [[[-1.6976826854558218, -0.8496795842005939, 1.9017234357719977], [-2.65189889350273, -2.1335482996840356, 1.6482037371474085]], [[-1.534761614212713, 1.3533095600703988, -2.594717753823021], [0.2983929708146338, 2.230337965818811, 0.14068652140172055]]]], [[[[1.5974099303878786, 1.7523216095082592, 0.25314456902865895, 2.8616713690985645, 0.32134439620020255, 1.185145974624072, -2.5697805467491435, -3.3381611171628713, 3.0174195437526645, -1.440880172539033, 2.0513930306560915, 1.4996537896349695]]], [[[2.1003889076093816, 0.7704388625068985, -0.6400970063998512], [0.248299331180111, -1.4590362637568584, 2.4596321005436588]], [[1.745687179616103, 0.022269322405475276, 1.7565826027170734], [-2.718365321057555, 1.3038772934316012, -0.8972914954486502]]]], [[[[2.082732318006805, 0.021755883048888314, -2.4890454541971647, 3.0044266107221045, -0.7126526482008823, 0.4801442365210277, -2.8866505609493625, -2.7290216277857904, 0.8559856424345536, 2.1833797571921627, -1.8452809786952649, -2.0753393074103963]]], [[[-0.9335391306689282, 2.782764924395954, -2.279547468995804], [-0.448710966638829, -0.48235817702641864, 2.33246371953651]], [[-2.479311095375572, -2.140872306103701, -1.456665632011654], [1.76295125442267, 1.0303124800335839, -2.661487045777056]]]], [[[[0.14402989379772269, 1.5575474125368496, 0.36199344198765077, 0.8076943565476911, -0.5117015058943813, -0.629521948482015, -2.127874929995296, -2.1560869903384847, -2.4836354891351764, 2.225881053186579, 0.0326872234520457, -1.7990265871873563]]], [[[-3.3229468334207835, 2.951290346087399, -1.8136176019425314], [0.6122044575969673, 3.5880504465475465, 2.29976298804705]], [[1.0193133546575943, 1.1732084031867502, 0.5292328996338669], [3.410385517779574, 2.1380883374542163, -1.745014914036902]]]], [[[[0.3596816141856301, 0.9046269706498324, 2.266516961848399, -1.9337830795819975, -2.4934348546083824, -0.7817052043964187, -2.586997282258864, 2.2672112969649856, -0.8748923459939582, -1.831088455685992, 2.1089969068605856, -2.647697146320363]]], [[[-0.7985500808875817, -2.508039508610693, 1.247837448598193], [1.3713700167126093, -1.727632330416654, -0.03682621909164178]], [[2.6735942641117143, 1.8221674490899669, -2.2299210214840954], [-1.697214516809216, -2.7281647713251123, 2.3405532085683065]]]], [[[[2.2381660606277194, 0.005894855330396381, 1.9586185616457308, -1.9531554882142828, -0.7847676740630306, -0.45177500135734217, 2.8234065610189476, 0.5150869687454144, 3.171737276643722, 1.719951862717608, 0.6020041702333094, -1.3913087986202688]]], [[[-0.5483899225337462, -2.4567993546450064, 1.3237532929276847], [-0.450726005383949, -2.613703687801643, 2.584835411346827]], [[-0.7330687575546739, -2.709198279022854, -3.0658562845068578], [1.4843124413549573, -1.6038003339651452, -1.9388706085433274]]]], [[[[-2.324571682364871, 1.4975864807462216, 2.2154184104013517, -0.9673774925759364, -1.8513730198823402, -0.2948286586062138, 1.894712931262251, -2.552549083412917, -3.3392769544618424, 3.1529082437340596, -1.566308893425558, -0.26982870664999126]]], [[[0.492744008312698, -2.0605563648314593, -2.789792130911548], [-1.8253195620692462, -1.856528471435792, 0.8677412517218679]], [[2.3623060710269956, -2.563891683763036, -2.1821249295455445], [0.5718792025818615, -0.011334860808451905, 2.8185515362206477]]]], [[[[-2.9713528773958156, 1.4237485106720298, -1.5978007211343281, 2.308507253602037, 3.061525167361591, 2.5752943215350794, 2.7374409033912523, 0.5517849103289418, -1.7447480236645747, 2.06839146564931, 0.9701894925776976, -1.084320601414365]]], [[[-1.7810867733517377, -3.07014631056616, -1.51515327097318], [0.5818292210166189, 0.09348131412371971, 1.22914443488333]], [[-0.13272486198631728, 2.7957788365384455, 2.749339682457002], [0.6258105638437951, -1.4287917929701786, -0.4681132388006026]]]], [[[[-1.3822236044731417, -2.129297992607478, 3.2066626295416123, 0.0327266935263469, 1.1800241811567358, -1.0518965182796998, -1.7291800452903745, 3.4633785983164755, 2.3113869360170303, 2.250759527685029, -3.4688538019450545, 0.9364858757084579]]], [[[2.4513977322489944, -2.018421143144249, 1.920176790539605], [3.0515347880696932, -0.6652721132757291, 3.047161967451773]], [[-2.423617240138268, 1.8122035475244076, -2.169211478949025], [2.5363465337555597, -2.7216502687159365, 1.495731518305183]]]], [[[[1.0340213348088891, -0.055550734698669044, 1.4613902656874862, 0.05195353464789463, 1.6062084330395494, 0.22583299263449066, 0.024968322990557186, -2.3583914588800763, 0.6666095967712141, -1.1115393705901695, -1.955110188776834, 1.4354989526347435]]], [[[-0.7531575507262955, -0.7818285227258207, -0.2597376380379903], [-2.559189755705194, -0.28277485319050644, 1.2721954370401694]], [[-2.6478468385645706, -2.5812532600115974, 3.0350709934228606], [-0.07480158692271502, 2.6100369388371205, -1.7610981015857532]]]], [[[[2.766333492192582, -1.1818721211090362, -2.5369880681745123, 2.4417175897730914, -1.0565396086979566, -2.279171434728601, -0.49287125907396095, 1.9300678546305499, -0.5731793158765779, 