{"noise_params": [0.0, 0.05, 0.1, 0.15000000000000002, 0.2, 0.25, 0.30000000000000004, 0.35000000000000003, 0.4, 0.45, 0.5, 0.55, 0.6000000000000001, 0.65, 0.7000000000000001, 0.75, 0.8, 0.8500000000000001, 0.9, 0.9500000000000001, 1.0], "max_scores": [2.827451294594014, 2.6941459939249515, 2.631403955124729, 2.096198081488665, 2.4733083381851078, 2.415617536802287, 2.2465642932324354, 2.168032568395842, 2.007451104022983, 2.0062929940632115, 1.9872018494787296, 1.9936892832835733, 1.9878468649331715, 1.9646033773385851, 1.981552175764329, 1.996247470127957, 1.9599493386191074, 1.988158407852009, 1.991178622357595, 1.9960318191874804, 1.9996275343562528], "opt_settings": [[[[[2.2352355994092576, -1.0812951576659653, 3.1344260827307373, 1.7253972247032499, 0.24865053090935813, -1.3034516951979707, -1.3766729529321418, 1.4838992391580808, -1.280606764591471, -0.584150451037158, 2.8918633649073735, -1.2971104646565594]]], [[[1.5790901604589278, -1.2680839987008596, 0.06033155042939155], [-2.3559230430935068, -0.8673887373342883, 1.816654952693277]], [[1.8442248457749892, 2.537797885999183, -2.607709549266461], [2.1284136860629577, -2.6062743597179914, 1.1384612948042188]]]], [[[[3.0466596748753805, -1.5065652731368433, -2.1033030812113203, 0.19534531942689393, 1.1209286080787007, -1.5780300015839968, -1.2205141544905236, -1.9962793333351994, 0.15892228347519594, -0.9995841064739212, -3.079229350730698, -0.4833616979737301]]], [[[0.8159733162533549, -0.8226086797631514, -2.5867273064783465], [1.0527609273140845, -1.63803652784273, -1.1635080279861334]], [[-2.2463027296800036, -2.0589269714696763, -3.117666467910368], [1.4654438647829966, -0.5699919549764825, -0.26608192175745504]]]], [[[[1.454363795280548, 1.1905621662259347, -0.669694208633284, -2.1615383964835697, -0.3493784464887263, -3.2238938103415, 2.10380183008032, -0.9934823722419159, -2.3603629947952984, -1.3573207439348849, 2.8850246044520276, 0.4467598354639073]]], [[[0.5125223957625031, -2.3243344737419593, -2.4101336951805727], [3.070851198986436, 0.9369046382928038, -1.298224390875046]], [[0.839424586568817, -1.967157959305248, -1.0725628635497375], [2.093797143810875, 0.3351917463269068, -1.0072792336444607]]]], [[[[0.709540652398641, 2.7263153949258343, -1.6884273302321424, 2.449812360216333, 2.3602343068125036, -2.948555367914547, 0.9049750212818856, -1.044376499629448, 2.9797594295031744, -0.12689861310571676, 0.3104001139418662, -0.6630247552986247]]], [[[-3.0881818870324413, 0.6296418717756498, 2.049758410442176], [-0.14259481405799898, -0.8870494234643482, 1.8752102038738139]], [[-2.006471744680283, 2.639746189265397, -3.0343913946778804], [1.258508722177773, -0.2652068879107514, -1.7378407849083821]]]], [[[[2.3495444018036435, 1.0064067022195828, 2.4244919615237297, -2.9648545140885614, -2.7185238980733057, 2.761120336119615, -0.03772806804787303, -0.4060482968500822, -2.7893914637734896, -1.8724553533606347, -1.0892719900659746, -2.562863466687528]]], [[[-0.22506668894786908, -1.045345763777559, -1.264121980332232], [1.8316660285455488, 2.7851343620085953, 1.0832452547240994]], [[-2.6002452913000305, -1.1042601215410288, -1.4658244585730345], [-0.005249046816290882, -3.875894936449849, -1.0181709093557894]]]], [[[[-3.043544488933516, 1.0773726150006635, 3.5416920761298547, 1.3024293103796332, 1.885553282590191, 2.235868224797203, 0.6645809131506442, 2.7901978982162863, -0.2992904229233728, 0.4098952478659028, -3.4199396215009847, -1.9575911158111543]]], [[[-3.1074465503991315, -0.6267315450138555, 0.9036511596910364], [1.5485808728511785, 2.2410172865275313, -3.0239727934877956]], [[-0.5980854789550227, 1.697403692012343, 0.6495855350976147], [1.7274000149552056, 2.2683917906275375, 2.6040839055008966]]]], [[[[-2.1580545081774436, 1.8893398406655515, 2.8648154340466343, 2.1135270224124074, 3.3851427735947395, 0.5375522803211734, -0.6036788695743225, -2.9100375300694115, -2.5230447342599525, -0.10358704907350325, 1.2697244204666556, -1.7202925024927516]]], [[[1.672581758472829, -2.3489454394773723, 3.0178815048755085], [1.3125692453192823, -1.4259385858568152, -2.9972713029518974]], [[1.686671186243761, 3.0788374925613264, -1.6675923938479629], [-1.436243268862755, -2.6383929677823437, 2.1966876833458606]]]], [[[[-2.919370874878096, -2.1223574944707893, -0.3698089375297081, -0.4579662122154322, -1.236988320009199, -1.9035445747754185, -0.41465881031975993, 1.696997685075295, 0.8064740001849082, 0.08650405718123598, 2.5227106509921104, -0.8760421610246385]]], [[[2.738831124394034, -1.1718608113062774, 0.27064307262976056], [-3.4734051427285153, 0.7611348134802347, 1.1763978387639327]], [[-2.8525953433749676, -2.4222313620174094, -1.4607769194983458], [3.189569194771267, -1.001159716949087, -1.4028672394253543]]]], [[[[-0.8120107783464564, 0.05553046178788515, -0.47890833884766765, 0.7576206730955626, 2.764879399534268, -1.8779941418315802, 0.882820344581763, 1.1896097545019535, 1.2420319828865245, -1.3856720015270239, 2.596807779110848, 0.4869170863510554]]], [[[1.9306464831371768, 1.1395770241508814, -2.868406423651983], [1.8094308566786759, -1.851296066332647, 2.3933001406665584]], [[-2.560861957132626, -1.4187112493883582, 0.4221316823452277], [1.9493646938493634, -0.1154964693818891, -1.608723281347927]]]], [[[[0.8812432910454211, 2.4311934185786743, -0.9249478751817902, 1.0242968283174614, -1.4952152131193464, -0.47703266505404396, -2.091614684367782, -2.479472336773796, -2.237496414534433, 2.3419098953869955, -1.108948444760919, -2.7836083718762263]]], [[[2.263655450800377, 3.160133635326543, 1.1406837515957324], [1.999285559057994, -0.06165023239171502, -0.4876409838300213]], [[1.8632022731207691, -0.7765219131840253, 0.2598344825669807], [0.16402453317950258, 3.579241953111472, 2.9199489169944517]]]], [[[[-0.08253585951870103, 2.045784580368523, -0.04685813011031968, 1.3052369364439427, -0.8222026909852823, 1.1494144610657304, 1.3879101414907598, -0.4109515543700735, -2.509744380334171, 1.9006404034253632, 1.905400746924625, 1.7703345133242216]]], [[[-0.2111958117062165, 3.323291315423408, -0.6345646876857018], [-2.858411838746574, -3.014757066884951, 3.034578946559935]], [[1.0993386993879086, -0.7934487434735874, 2.9683174256470055], [-1.3362112182274946, -3.107777714445112, 0.9816905482140532]]]], [[[[0.0964996683756594, -2.8619273585666196, -0.7022988678411748, -1.2734028355846088, 1.4370993833336079, 0.29038496611936127, 1.8105240001319736, 1.0234383199930939, -3.094119077394493, 1.4332283518983515, -1.656072387264894, 1.4549418004067987]]], [[[-3.2281371351639008, 2.1853129192928584, 0.8591893910479333], [2.6737050054447327, -1.3836761928255994, 1.3420273712597588]], [[0.6353927062645995, 2.3149060226721483, 2.96884054822445], [-2.8823825772449108, -0.7548532962140038, -3.0385829905604624]]]], [[[[-0.4753697769564146, -2.606570517140544, -1.3408399218248477, 0.7851248777606341, -2.0274103544714035, 0.6483582267771819, -1.1470948119301116, -0.20019788966830193, -2.556013296824303, 1.410580396346667, 1.5386863640030586, -1.8588873677168745]]], [[[-0.534261432881273, 0.21931425007375432, -2.9954722040666892], [-0.4340105230283693, -1.2481435552131686, -0.5630927631810687]], [[-0.28761918249268686, -2.496432805466069, -1.2143690730849233], [-2.411459760187826, 2.724109305020902, -2.5873171007874403]]]], [[[[-0.5387148926557535, -2.453506158460433, -0.32993788743495533, -2.1451426137977077, -1.3022498684281296, -3.1139021352019833, -0.2505336870022735, 1.6179180676375244, -3.008841064019235, -2.6086121881932804, -0.6771210857961463, -2.3603332484937245]]], [[[2.930455122323428, -0.16333864800008838, 2.422734463590639], [0.22090290542516633, 2.4591815758143203, -1.2569201602597082]], [[0.5267071154424702, -2.030410104775849, 1.6704787163491073], [2.3764201989072653, 1.1890177166181506, -1.7859207283703153]]]], [[[[-1.893767389970816, 2.0355072236800935, 2.445108152896605, -0.3309137406624547, 2.24073687131983, 2.275227560153672, -2.9279577621662467, 1.301842767824816, 