{"noise_params": [0.0, 0.05, 0.1, 0.15000000000000002, 0.2, 0.25, 0.30000000000000004, 0.35000000000000003, 0.4, 0.45, 0.5, 0.55, 0.6000000000000001, 0.65, 0.7000000000000001, 0.75, 0.8, 0.8500000000000001, 0.9, 0.9500000000000001, 1.0], "max_scores": [2.825905244324177, 2.7229003548585893, 2.6235402303836546, 2.4928922212447135, 2.1004491095848667, 1.9707955474970378, 2.365182471567868, 2.0401509280364687, 2.1437900620937396, 2.000026474586243, 1.9940293117739827, 1.9858941437365578, 1.9744205577354887, 1.9772599592652973, 1.9938122918302033, 1.991831452151399, 1.98798765419289, 1.993162199563375, 1.9749846194624716, 1.9896968737738676, 1.9997525926007602], "opt_settings": [[[[[0.22597677514085932, 1.5535998714362707, 2.6202250969286185, -2.7124171626520654, 0.438391913411781, 0.994724664299828, 3.1005197166754703, 2.0636017184923263, 1.0836723160461401, -0.3593958122776908, 0.2386740743978097, 1.6054290571913088]]], [[[2.0036291974880545, 0.06679545131478878, 2.759494040618306], [1.3953918841789843, -1.7285110353889166, -1.84813250819581]], [[-0.8703181068939685, 2.796458363973865, 2.398400588078826], [-1.0184110285645251, 1.3626684881493274, 3.0792915882535405]]]], [[[[1.2432643754520916, 1.4603320783705906, 2.3537235723698156, 3.026845666559404, -2.935375126552074, -2.0536088177148666, 1.0305952888135173, -1.8136167192197288, 1.8251823893558143, 0.3700829930247866, 1.64814945202452, 2.2840251034270396]]], [[[-1.4035708362093835, 2.651448191406093, -0.74988942463929], [-1.7855686601147844, 1.6397062710663939, 2.8348204886234925]], [[-2.208696887227863, 1.7406878440461875, -1.67839669347341], [-1.8922277511696772, -2.7935024519298546, 2.21938084537626]]]], [[[[2.239164116901949, -1.642449326459354, 0.9415434062269529, 2.151861972205314, -2.777106469486774, 2.813148187531239, -0.13401264122838033, -1.5704115227586422, -0.09130418041997028, -0.8501079492881463, -2.4184444268026364, 3.1137165233386246]]], [[[1.6814578354984757, -2.2328701696841273, -1.7368677763982794], [-1.1204080430032437, 3.2163178982056717, -2.5013026944114642]], [[2.119150876015401, 1.2039896758356987, -0.7398256142396225], [-0.6313687550876933, -0.5649974704505821, -0.1036978121192025]]]], [[[[-0.11271516134881401, -1.4681945508776801, 0.5696456375826819, -1.844761263901495, -1.733809716258017, -1.9891917513038468, 2.094063555166813, -2.2738843072937183, -1.7297291215688446, -1.339257473623201, -1.1139797764512633, 0.9315364648302853]]], [[[1.7710738688337133, -1.518315661864934, -0.6784623740404232], [-2.1831734983319446, -2.100617299105025, -1.695944368748816]], [[-1.3333417326516475, -2.481320539852747, -0.4081567207901049], [2.4736741267087043, -2.283822475195018, -1.9055923031338737]]]], [[[[1.3099379039098507, -0.3085982759024138, 1.2186064104264644, -0.5948475266015696, 1.9492451843951402, -0.5515664206272993, 2.4911435004446667, -0.18538604372828588, 1.024843196705261, 0.5434316958555033, -1.347589261938561, 1.5628792135747935]]], [[[3.090693509369521, 3.072590080669753, 2.851020245648691], [1.9968368974131714, -2.8723149698903696, -0.45028759406184843]], [[-1.6113476558002646, 2.614507994699484, -2.5357833654264805], [-0.2276540435949565, 2.030668500143294, 3.0360607910899766]]]], [[[[0.21921508181497493, -3.439460556063783, -0.23346910511350594, -2.3264342864436127, -1.6080233934276367, -0.09709232944722271, 1.5961398655748855, 3.560936102711649, 1.0717801467316772, 2.1457073392016297, 0.6562820185507772, 2.993500509642606]]], [[[-0.3773966203384907, 2.417182334572748, -2.7978346398922023], [-0.7130172084394866, -0.4594216968062388, 0.9369614285973027]], [[-0.6431329844086524, 2.97219684886343, 2.362879641514178], [1.1335629600267738, -1.3447548371667342, 1.672310070306124]]]], [[[[1.3315873872389892, -1.6080733989299556, 1.1462456154321088, -1.7554427008189222, 3.119114129288007, -2.720105962183934, 1.8565524645011182, 2.361524771737452, -1.646404276338267, 1.5663595352971078, -2.0695039987619532, -1.9296095400507212]]], [[[-0.6733171526290296, 3.1584403235942444, -3.046828915368504], [-2.070360361756633, -1.6668068848238415, -2.130364076015793]], [[3.4153681597329375, 1.2992397885584188, 1.6201716050956216], [-1.0970700042541999, 1.5101788105076388, -1.1933427094035913]]]], [[[[3.057702933270451, -2.8808245620000825, 1.1578869348881933, -0.07968711265840416, 0.1692562708032257, -0.19691013356404746, -1.3937941856674045, 3.0497321687362633, 1.8750498643488944, 1.583333817044077, 2.8727902507895458, -3.119696444924133]]], [[[-0.9414696732820035, 0.25873982772318593, -2.9904704784394203], [-0.5417370108864319, 0.009545141741865264, -0.043646642671148164]], [[-2.3899880895523005, 0.22344649725367974, 0.11485375872329137], [-2.1291640937620833, -2.1338764102502887, -1.3974294760803767]]]], [[[[1.3640252207481263, 0.6787826916580242, -0.01596201979769859, -2.119615387521825, -0.19936383197045066, -0.4306266574123749, -1.587598970626733, 1.7412586373286483, -3.0272895421746266, 0.5461473091544311, -0.7125154932794951, -1.4526991301843908]]], [[[-0.2750984157801571, 1.8228246221970104, -1.2089596170865813], [-0.010135340988645004, 1.1032635065618333, -2.9285448049231024]], [[-1.5462545287244678, -0.8306777480205296, 0.5711422419254624], [-2.749482476180513, -0.9128335055659255, 1.9392723634272278]]]], [[[[-1.4788654536411432, 3.351268252369875, -2.875060919633391, -1.1121304009145567, 3.764477057782891, 2.266707298851873, 0.047514181618332305, -0.8154193176131466, 0.30480040363190797, 2.3592880988290035, -4.042951006964592, -1.6256090428206424]]], [[[1.8962850695189675, -0.8189089684458299, -0.17543761584090947], [-0.43729371251012006, -2.019466157523671, 1.6602315915673218]], [[2.3585115629506035, -2.634380297272636, 0.39440867002918134], [1.7142335628049008, 2.095236217859981, -1.3438061085112492]]]], [[[[-1.0494209885238632, -2.748294634245938, 2.6969162101352997, 2.386229367783259, 0.9506288299728017, -3.171540733427025, -2.750460264393387, -2.871608669148165, -1.6072828081950892, 2.435035986667587, 3.3409021911343464, -2.2223528632402165]]], [[[-1.6769174757240894, 3.0950252924424393, 1.5574223033562156], [-0.8347813337111836, -0.09752410891783155, 2.313345641683851]], [[-0.5096378875151071, -2.4218469695318596, 1.5409464028493884], [-1.696868103297264, 2.5498274235551905, 3.079731294223163]]]], [[[[0.6436108554538844, -0.8604847098978877, -1.7509815675528504, -0.1736142741670977, -1.870118720578879, 0.896694257738119, 2.450150229950214, -0.7246315469245015, 2.7137189908890202, -1.3485791619142582, -3.097728527600486, -1.7791730377620032]]], [[[1.4229452448387039, -3.23201003117303, -2.8656412509399227], [-0.14975297149577124, -0.024918473493124906, 0.5488023798153128]], [[2.794862491660811, -3.037774535172328, -1.4584761120045548], [-1.8552497097349767, -2.519322306584838, -2.5296607197579073]]]], [[[[-0.004342076500475648, 0.764591635054374, -2.221633648214871, -2.7935716911833066, -0.1185988173204883, 1.6413620508341284, 1.627622319782018, -1.6114218250121706, 1.0794088532440678, -1.8417915958022937, 0.5295300210758966, 0.529347476119771]]], [[[1.5275430379266273, 2.4061550884418104, 1.516412657778476], [-0.878047170798396, -1.3807709580998335, 1.0251895752287847]], [[-2.624094558101047, -2.946640644371263, -1.312914220977436], [1.4765556393311403, 1.1243673984806115, 1.2787259254560333]]]], [[[[2.7536829899833197, 0.3625927880499223, -0.8042051216597623, -2.7668470677667933, -1.5168967604028807, -1.0354547682335726, -1.4760943979193393, 0.9343367008532071, 0.27761737655130697, -0.23764182040686235, -0.13283426227004635, 2.654423239572812]]], [[[-0.8581888619601092, -1.5216518641445755, 0.6227633983243761], [0.033718135863665025, 2.2488515178776383, -0.2669397474809778]], [[-0.5610847163460582, -1.3204482466589362, 1.0661097864328921], [-1.43288100096423, 0.8946369715503191, 1.8984120050495887]]]], [[[[0.9976876950869684, -0.4788429322268214, 0.16815013225268016, -2.965863521255862, 2.8631981364710795, -1.6547746940412271, 0.6369710578526493, -2.7768696419843684, 