{"noise_params": [0.0, 0.05, 0.1, 0.15000000000000002, 0.2, 0.25, 0.30000000000000004, 0.35000000000000003, 0.4, 0.45, 0.5, 0.55, 0.6000000000000001, 0.65, 0.7000000000000001, 0.75, 0.8, 0.8500000000000001, 0.9, 0.9500000000000001, 1.0], "max_scores": [2.1882893738261995, 2.7222661493121443, 2.624418107565671, 2.515742302860937, 2.438975674923422, 2.326437462237233, 2.262612194876991, 2.2700442913882144, 2.1848428867319956, 2.00883628624222, 1.9999966958404967, 1.9784475149671668, 1.7968705110699745, 1.759716006760274, 1.9699404243188074, 1.9896162419452974, 1.9828828675815866, 1.8058928175925888, 1.986938425335145, 1.9948435049007325, 1.9997349900263743], "opt_settings": [[[[[-2.2746062787908135, -2.7893891779789657, -0.10603958168288243, 1.99044846376857, 1.7770354125973695, -3.127274774388728, -2.3181567013591686, -0.42161224424012744, 2.6909356086633838, 0.7407559656412105, -2.116375743662397, 1.708102881031135]]], [[[-0.8530349247883774, 0.3074318918217297, 2.1064832748203353], [1.4516871207892377, 2.4865895631198804, 2.573868351774819]], [[2.240310919133875, -2.566623728864025, -1.5566487660465194], [-0.3663652914180305, 0.7418244552142821, -0.8472417573272835]]]], [[[[0.023522516252704004, 1.883490280501529, -2.120137215140796, -0.9667708649506865, 2.638011702119799, 1.0878364087939463, -1.4671825026141567, 0.8474215442765607, 0.17982655288700305, -1.7972732956946358, -2.5363627877850004, 1.5439497691919655]]], [[[3.097919269901042, 2.0237659558363807, -2.297663944139155], [0.156480971347272, -0.48968366616168674, 1.0085041987635286]], [[-0.1457303195794581, 0.25203780696698364, -2.9510594388710123], [0.26479713162827634, 2.109196835972924, -2.4976693106311956]]]], [[[[2.0929863174792613, 1.5935041781269748, -2.8317193742915236, 1.4637411424739577, -0.5979432989248223, 1.653565960557676, 2.805231750332535, -3.2985429974389966, -0.7754188595019146, 1.2575083213721958, 2.2045289107959882, 1.8335745491875004]]], [[[0.9765550245379632, 2.322428328645065, -2.5545043020913822], [-2.344494799996219, -0.9889136320549019, 0.32380686125029273]], [[-0.7464181214284208, 1.8644138579854155, 0.20295985182530002], [-1.2843392419044424, -2.834452274670021, -2.4471176005776876]]]], [[[[-1.0428016037182934, -1.440800063800597, -0.5733014136393746, 0.6430592191866049, 1.0506278422206545, 1.4274491768925108, 1.6759672164713597, -0.5969598780723006, -2.787013165304507, 1.2461015947380245, -0.16491362480270755, 3.153492577282686]]], [[[-2.7677424177640075, 2.537188327019873, 1.018165924599339], [-1.366121682121972, 2.282738875945023, -0.9634849548861846]], [[2.419241429309093, -3.0791905602746965, 0.12753679405512533], [2.835206671048045, -2.9797834590551697, 3.0171726195536657]]]], [[[[-2.155883395637116, -1.7582606474903366, -0.5614442233210524, -0.05639296668112595, -0.9032231224074391, -1.7042791668599735, -0.8842693579966099, -3.3087616229731474, -0.23864209588581425, -0.9182150266168199, 1.9740474448846075, 1.590648723199412]]], [[[1.8041826952156224, -3.331921493431079, 0.9297192718853262], [-1.79096477166284, -1.0107856939620836, 2.944324268491208]], [[1.086958006319226, -2.491726386250213, 1.4706904484325563], [0.5927987895692601, 2.1691644468476947, 1.514892910204888]]]], [[[[-0.0039687702886013285, -1.662919998433248, -2.441372997742155, 2.5494311679081125, 1.849431793829611, -1.1687783186685694, -2.86573770047664, -3.018555731945032, 0.05223626077213489, 2.1472145745426423, -2.3643842690720995, 0.848119415729956]]], [[[1.9973858430455602, 1.0872214006180931, -1.0848103147195847], [0.8206717387904973, 1.9340019663725516, 0.6049336890790311]], [[-1.6440203203474961, 1.6509300205260535, 2.0829781476483706], [2.5848685137892766, -2.994174226695099, -2.5864953548564564]]]], [[[[-1.9976717025266926, 1.9780825683807037, 0.4260545280430651, 2.069728305051571, -2.860766294475595, -1.5379209640127809, 1.5760986521972429, 2.7366104561850144, -1.630649998018347, -2.522702319143076, 0.9815720802060558, -2.5587311669420933]]], [[[-0.7617033314883058, 2.039595121501325, 1.1325217388748205], [-1.7873230285490698, 1.535357770731893, 0.3713908693136574]], [[-2.2212919687019945, -2.4706264086255207, -0.41059273050254363], [-2.973523401106969, -3.0941571686537954, -0.05687697461519559]]]], [[[[-0.42876551402032537, -1.0829211892139112, 2.0817376247383925, 2.07837342827038, -2.2354445876307225, -0.8877703729473568, -0.9811324742259376, -2.618964212101423, 2.934506219272549, -0.40368822454135017, 0.9551513493788873, -0.23696884014413855]]], [[[1.1244387275414351, -2.1679976801754073, -0.8921535683249844], [3.0584375724019774, 1.2063066317019033, -1.4590676319803997]], [[-1.6884264766117965, -1.1662413864641477, -2.619871725123496], [0.32022390933815187, 1.5336193715907982, -0.41738415924274186]]]], [[[[-1.4842664350653818, -1.2227132871780018, 0.10177860814894889, -2.0531811114137213, -0.21485172449830395, -1.0891063779859067, 1.6333477771381146, 0.3995890434911161, -2.6892360266848288, -1.7587166754442238, 2.767137060041935, -2.923912796628033]]], [[[-0.766527051731003, 0.967680739395884, 0.07003748852434778], [0.5960735519394623, -1.6948235609751596, 2.44471228205666]], [[-1.6117174188322974, 1.0994937272117407, 2.9874117887922704], [3.209880141257043, -2.419617314159253, -0.9991354713175316]]]], [[[[-2.268076133214044, 2.635579124259222, -3.256519393566076, 1.519110988218073, 1.7345047140559753, -1.1942692082148116, -2.5896748849356386, -3.0637538296074065, -0.0014283633369880644, 2.002550614380932, 0.7560586432149254, -2.3752027489228813]]], [[[0.10382399522672241, 0.15266711922158932, 2.983228075148781], [-1.7140058664735387, 0.7913712004221116, 1.5159228230536437]], [[-0.5716257448592041, -0.3456185226402263, -1.1448381702579453], [-0.7143280968966572, -0.9938786953268808, 2.894768177123014]]]], [[[[1.0857264053750866, -1.4725686396078268, 0.7838494277415506, 0.36267495161224866, 2.9578771460242876, 0.5771166853861935, -2.12364921001606, -2.105495012611209, 0.3395580334816572, -1.82342317122751, 2.472956680396717, 2.4581555067123686]]], [[[-1.8512433705574531, -2.506810463537789, 2.733955537398831], [1.4556866619683397, -2.8231152807841617, 0.5359037599236043]], [[-0.09449772101562935, -1.607021503876203, 0.767689151917506], [2.060951153802246, 1.654695417620222, -1.1328320462195802]]]], [[[[0.09746951235518607, -0.5337590485072693, -2.1606903810701734, 2.729099797406607, -0.764122884119741, -1.375476500815202, 2.697512109486837, 2.8981106759891606, -1.6977607461563236, -1.113336853039452, 0.07636280931370454, 1.0102199324683205]]], [[[-1.1432820271100523, 2.157771885639793, -1.6553605152045447], [-3.0045147638550387, -0.1804205779588223, 2.1635471043733965]], [[0.7323523907903673, -2.0240341530453603, 1.9357126703318235], [-1.6801907443362731, -0.6307969397802959, -2.4901563175019956]]]], [[[[-0.844459774495979, -1.649108083340055, -1.427123562922787, 1.3282548266376075, 2.6502556474137946, 1.30142646579285, -3.2037512705559386, -1.0417223908386959, -2.0379748557164454, -1.2172380616361351, 2.2152077751764336, 0.6521491855596676]]], [[[-0.0331626044028889, 2.3166071220423756, -1.762050320147897], [-1.9232343088729598, -2.077428673424679, 0.21505603172550894]], [[0.5740394641817202, -1.0859010312818869, -1.5036387578161314], [2.931036698162584, 1.9261580735531856, -2.353423209727819]]]], [[[[-3.0069295154530935, -1.5073242646833935, -2.6428310862240867, -2.340607764515615, -0.7815654141223444, 1.2947302050316698, -1.2183724991863287, 2.5191092740170102, -1.607411625092658, -3.1382613856814445, 2.9266384823590723, 0.9387515498136755]]], [[[-2.838270948260993, -1.5771774439039903, 0.4968067176483024], [-0.1960743278964264, 0.5323175726324983, -2.2696866023056463]], [[-0.007445704592654014, -1.660021913807709, -1.9691467254974113], [2.1020380124238485, 2.0761063687205894, 1.027022727591631]]]], [[[[3.0122284668614085, 1.929999484858904, -0.9192656475217573, -2.5465955885906193, -1.015576985270627, 1.1046303217231288, -1.6626599061516933, -2.5798091750509187, 