{"noise_params": [0.0, 0.05, 0.1, 0.15000000000000002, 0.2, 0.25, 0.30000000000000004, 0.35000000000000003, 0.4, 0.45, 0.5, 0.55, 0.6000000000000001, 0.65, 0.7000000000000001, 0.75, 0.8, 0.8500000000000001, 0.9, 0.9500000000000001, 1.0], "max_scores": [2.8209260875992173, 2.7241300614374078, 2.61709113515167, 2.6074781708869397, 2.5071279829612036, 2.438327308469373, 2.3538382479704616, 1.9853240837479726, 2.1613775668347044, 2.049428657978229, 1.9891254760333603, 1.9802133216582387, 1.968408743987439, 1.9623272450711395, 1.9940465509258307, 1.932415770519018, 1.99913142364775, 1.9923825454641715, NaN, 1.9414193998601812, 1.9994179857696797], "opt_settings": [[[[[0.8607825823558928, -1.0499319125245548, -2.0259154695851063, 2.7968024299414216, 2.1814501208079364, 0.3242269213951417, -0.1882965158753751, -2.838535850764311, 1.571561608231486, -3.1508173145300185, -1.2725664235089411, 0.5796328344670346]]], [[[2.10467625290308, -1.665401714251332, -1.7867760018599956], [2.709465173993096, 0.925240557583185, -2.8985728979969747]], [[0.7172842464349104, 1.7184684768196172, -0.8857031274758338], [-1.5863377970749146, -3.2308359712954298, -2.5136720024726413]]]], [[[[-1.7238206016523687, 1.4479066863541339, 1.8369369458987193, -1.640895340395223, -3.007226667696944, 2.4295323648286575, 3.4207802325323744, 2.166661078441487, 2.5742295002125237, -2.7809491487541176, 0.05698639565442899, -3.04076859177806]]], [[[2.6805651667066526, 1.2920435636381298, 1.2650675101517415], [1.3641307969070817, 2.036842345399679, 2.9687759388912216]], [[-3.101348903397351, 1.5862110145002029, -1.6181475463712804], [1.9710042249443545, 0.09959809668299761, 2.661276209329909]]]], [[[[-1.3188842763826387, 1.5627740479122112, -1.825032399772547, 0.21217877560677442, 0.08614244496365234, 0.9459412405182891, 0.7036190619019307, -1.433419939858762, -1.150850771687103, -1.1292728700524577, -1.5804027878313975, 0.03490616326406085]]], [[[-0.26186236886468267, 1.5824459981931018, 1.6238485288322106], [-2.0494067247785765, -3.18672948741097, 1.9322295017951232]], [[2.1675143448754226, 0.11201499161812002, 1.4373276565287965], [-1.3449404292412641, 1.433713442501483, -1.3426813446582921]]]], [[[[-0.6765015909227854, 1.8544990424295984, -0.8044210152222253, 0.7647469002610565, 3.104011314020041, -0.108154695672741, 2.6852265961532917, -2.614592234860395, -1.7491137272160584, -2.475373680575689, 1.7148782411076726, -0.2968249753881621]]], [[[1.1593450338663973, 0.6232383439682282, -0.27270204647789953], [1.4046966767813684, -0.5257497540294773, 2.1423407354256616]], [[-0.060710326698054554, -1.5666089592217258, -2.940381668998557], [-2.1256354989448933, -1.6406223319776065, 2.988509053519115]]]], [[[[0.7344097168747182, 1.35266831798182, -3.1198230282453854, 0.23823452856052277, 2.673485226028198, 1.6913626138346332, -2.9210541723546086, -0.5078597588519873, 0.5158708856268186, 0.8710401922968809, -2.1304088793708513, -2.0897051435970573]]], [[[1.3029438208847361, -0.032489528840635024, 1.2794548875541434], [1.1478928775344681, 2.1211106052028876, 0.15256384824919156]], [[0.8522618104202294, -1.8367190025519387, 1.4903873924514608], [-1.2254412101970706, 0.734660528894886, 1.405424302387158]]]], [[[[-0.2318692345436836, -1.6650093363504412, -1.727900807723185, -0.1730541194345294, 1.1907873886174285, 1.3484558265065876, -1.7320742897798467, 0.7988111552560639, 1.0458044090346201, 0.6429914969505025, 2.750722413075186, -0.47760542732209005]]], [[[-2.827040007299725, 1.9571804393193, 2.0040568092813906], [1.7540381889416325, -1.9003169039481316, -2.373457077525776]], [[-2.6097514445449908, -0.7548008174103034, 2.680694976747355], [-1.4062716508371473, -1.475463337109978, 2.5983440441589156]]]], [[[[1.0255092609423873, -1.4536327116039938, 1.7149513777839673, 1.9404713305009116, 2.9879205799899298, 0.8296125152142616, 0.09494177706067944, 1.2681741186144009, -0.21657933283683123, -0.7300423373816689, 1.8105398455336836, 2.274752513340054]]], [[[2.283056423934819, 2.306781632034274, -0.005058110038851819], [2.9067252338905156, -2.25733276606008, -0.4498008159954363]], [[-2.848063428003959, -2.3779238056848957, -0.2904909811291403], [1.6369428783761655, -1.1180981240261387, -1.5635214368421104]]]], [[[[-0.1213203242525291, -0.42042040805233877, -2.4718222390954465, -2.861066321419741, -1.3034798164594603, 2.822779201489319, -2.182827148998269, -2.1574403968169795, 1.4726914849679498, -3.2594080954298765, 2.4663725011849933, -1.545863282604668]]], [[[-1.7375783186585805, 0.5451529783381119, -2.372623747320895], [1.2012228752640877, 1.0940218181866226, -1.141876701859307]], [[1.0123498875052495, 2.2382012635562654, 1.9248687847180994], [-2.0148440714098337, 1.1946843614152491, -0.8235448830683691]]]], [[[[-0.1639725183774082, 0.9431377535133965, 0.4972001748720237, 1.8360751496499033, -2.0989360748916672, -0.8520508015792536, -2.7904286436524472, 2.5957297989149692, -0.11388934651197116, 0.8991840777810206, 0.48929461712293676, 1.6174496824804532]]], [[[-2.7698312676555825, -0.9541001894789329, 1.127431773687226], [-2.1303224080947354, 0.30587035622976144, -2.641316816421602]], [[1.5261352771177539, 1.828778671131417, -1.7559202401020606], [0.8094491789235743, -0.592513442457817, -1.8944384233803302]]]], [[[[-2.976695351587726, 1.4323605839667928, 2.9441625863845524, 1.385220356486248, 1.6652679788388323, -1.16428180185309, -1.8214538018399917, 2.758339514997968, -1.4383043139928753, -2.539499876341576, 0.6943333585701873, -1.835805035355844]]], [[[-1.5794249997950827, 1.2625726887013682, 0.3845684253882786], [-3.0184618975969135, 2.0998234436480208, -2.49547829234156]], [[1.9873285916474492, 2.033415145792536, -1.2660349211890576], [1.4552860181555873, -2.632660908908007, 0.9892569871979182]]]], [[[[2.4080602792728847, 2.6349130995885686, -1.122819483824986, -1.8502080154480833, -2.188078629516031, -0.029544705055048484, -2.4913702142625045, -3.402943769959303, -0.15585329550148952, 2.2481795875398976, -1.2353027044097837, -1.8385576822813883]]], [[[2.7647563993913025, 2.4392623504428643, -1.625130876737414], [-2.6334637219223715, 1.1268383433830886, -0.9279237459705238]], [[-2.137037303821855, 2.442918711891374, 1.2750004985064605], [0.44056347487802444, -2.2783190302838263, -1.0827542651349185]]]], [[[[1.5043040962501175, 1.2542829405146527, -0.9281205544452104, 1.5414335711846405, -0.6309473349554555, 0.04144254455694726, -1.2645669560214923, -0.7196430335441443, -0.4019785553835207, 2.277440481109673, -1.5363242020865089, -1.8620010848206479]]], [[[-0.45074660302077113, -0.6365218855132961, -0.771446673045697], [2.5211394518876333, -1.3713489063943163, 0.1747787933548226]], [[-1.3300063345484403, -0.3445485172034636, 0.6142675297903533], [-0.11282249893392503, 0.3136593753758525, -0.5973644912272724]]]], [[[[-2.0229767522476, -2.019434695333936, -2.5103263834998333, 1.9889833396278558, 3.4147032610647288, 3.1758579499073454, -0.5023016743095063, -0.8705818402160395, -2.2989606989974503, -2.775581752893862, 2.508667835235348, -2.5908228318549287]]], [[[3.062010257913332, -2.9167070877393777, -2.2058099224374197], [2.8379396302944264, -1.192789117052554, 2.297317828635129]], [[2.2382740916648305, -0.9699295765977157, 2.91267893342291], [2.1956837039724624, 2.2428441198822107, 0.17666765304698417]]]], [[[[-1.512570625364118, 2.036881073447942, -1.303785534313812, 2.2542794072061296, -1.6956853807212169, 2.5071021319223825, 2.6040515485478726, -0.6368961514902497, 1.9462436486030759, 0.5122698793851564, 2.964586792761871, 1.4953385132166443]]], [[[-3.041302894985839, 0.9527923108312267, -0.41198012710154286], [2.8968222589621755, 1.6812403440174508, -2.225009824911639]], [[2.546314870050659, 2.1466054797364524, -2.0055268021905057], [-0.03149931606756974, -1.377624666227592, -1.0087347364129706]]]], [[[[-2.217207951960333, 3.10964326196159, 0.8485193729846046, -0.10011294019020865, 0.20434529502892418, 0.015273909532555866, -2.377316318096508, -0.31246352959916035, 0.7801832563936018, 