{"noise_params": [0.0, 0.05, 0.1, 0.15000000000000002, 0.2, 0.25, 0.30000000000000004, 0.35000000000000003, 0.4, 0.45, 0.5, 0.55, 0.6000000000000001, 0.65, 0.7000000000000001, 0.75, 0.8, 0.8500000000000001, 0.9, 0.9500000000000001, 1.0], "max_scores": [2.8284270965830873, 2.6300690535209093, 2.6155079359672095, 2.529976563347258, NaN, 2.337367497148961, 2.3206575524350286, 2.08753330273547, 2.0507829182336663, 2.095529837084225, 1.9953969419822153, 1.9847560189355156, 1.99308964210491, 1.9859006666900498, 1.9865690272418008, 1.9949522434676599, 1.996785502264201, 1.9928567857941522, 1.9962407054129852, 1.9976628427505911, 1.9998272405137822], "opt_settings": [[[[[-1.5714663121660535, 2.1681157189597116, 2.7602221479982667, -2.609236723705129, 1.7120956739518598, 1.7331606544368445, -3.0628701439340045, -0.06823715089880204, -1.1056239350305384, -3.563272571572781, 0.02778555010623631, -2.589122868008094]]], [[[-0.1904288447359894, -2.514307124104792, 1.7981720330133015], [0.4662195104730272, 2.747653798820495, -2.6224874935608127]], [[1.726326293995519, -1.3613185324256407, -0.49115218003624245], [2.033258124626351, 0.35750407046336224, -2.7696711642067866]]]], [[[[0.05823804809275075, -4.660188747299018, -2.0326685495788652, 2.1337522746712834, -0.2942094800875135, 1.8196435145205754, -2.0599586354501014, 0.24292921248395108, 0.12619511385292592, 0.19080097176294009, -0.15250156332057346, 2.468641032615075]]], [[[-2.501314120335892, 1.894189519664819, 2.5236783495925517], [-0.5828718630341585, -2.0958104636635912, 2.5080149035648223]], [[-1.4451144774218239, 1.696572436777948, -1.875050378876287], [-0.22254144158133266, -1.6541581887678103, 1.971888235834606]]]], [[[[-0.2788546994181927, 1.467624787453258, -2.304152635342686, 2.1722432811562014, 2.815761874641439, 2.4546008227458143, -0.7989725962324521, 2.101528296490821, -0.3316387069084569, 1.6920182917739528, -1.6022553642476376, 1.7796767105171487]]], [[[1.7109700071797755, 1.4758639644018605, -2.307457899653823], [1.3126784874366568, -0.18001954214316787, 0.37599176444221616]], [[2.5475787982675793, -0.9501906686565225, 0.9552515582958563], [2.496564168121891, 0.7133633048458048, 0.1647056060643251]]]], [[[[0.19340534016420027, 1.3384518800119332, 3.4763686177787196, -0.6374497973520201, -0.3691644665373559, -3.0665059079555466, 2.9475974717829563, -2.500582787824639, -1.7003725523047424, -2.4165841998499307, -1.5932376839183124, -1.7835633123186372]]], [[[2.5464550200153595, -1.9966805274700452, -0.7433554581625108], [-2.143473391651511, 1.8949335084089076, 0.9994567028259107]], [[0.38707987290980833, -0.32115372745270027, -1.0234041924120834], [-1.3277405155531752, -0.09975771390451851, 2.9019847897961304]]]], [[], []], [[[[0.372283245882342, 1.3140565177223467, 0.08704401705994798, -1.2841466930946883, 3.1291327991692186, -0.8569497032793278, -2.913794488623435, -2.898018852838709, -2.7776381293326744, 2.2473412539454802, 3.110469207241911, 1.0919345574595651]]], [[[0.8268226610205066, -2.3817684285202785, -2.5304875692327586], [-2.054532166461418, -2.3353031327652345, 0.3003596769076724]], [[-1.857055077006065, -0.11678372313698686, 3.065603237256365], [-0.9678444868601281, 1.5428384689604817, 0.47972969260942916]]]], [[[[-0.9188718249540488, 1.5125096916197116, -1.6769871746014822, -2.1077086205659086, 0.5168074189505306, -1.7280207577631632, 0.966925224599603, -0.9592911448570076, -2.1009798372548025, 0.5577476367090591, 0.7840100676856298, -0.9505052017594916]]], [[[0.7595121184601679, 2.03236382064087, 2.917992681863258], [-1.0911533273491112, 1.6520624316602828, -1.1347811206965766]], [[-0.9208619320489754, -1.749858288475561, -1.2346885932933496], [-0.034606807622638694, -0.5762362153513274, 1.0696310821294066]]]], [[[[-0.3155203604302049, 2.7374144024454234, 2.2427565552972566, -0.4469947852678603, 2.1907861149043995, 2.6422703515526287, 2.2385797972514596, 2.7048828017290236, -0.6500076138359745, 1.7707232480594008, -1.8010342531254144, 0.6190937330924804]]], [[[3.4629239728731256, 2.505867555661198, 0.8951601344184343], [-1.2888028026706564, 2.5343555644196223, 1.005787416047614]], [[-1.3814661999884572, -2.152551870362345, 1.6646512167289105], [1.97120166076472, 0.4903412687124751, -0.5889016129413651]]]], [[[[0.6068196190786397, -2.5566270050748896, 1.3056954869412805, 2.8147039530579203, -1.8547624453902136, 2.0901120916423044, -0.2017743578142344, 2.5709643631131085, -1.3015297998785011, -2.1812256731458346, -1.3060987954237846, -0.04379706132662928]]], [[[0.31811844873950573, -2.9527476901179996, -2.4414958499004062], [-2.1464202704229556, -0.6150536860065873, 2.972377129996019]], [[-2.001222034676112, 2.648751205990078, -0.1464045295504218], [-1.1912021607074568, -2.2215546299355475, 2.2958780841105835]]]], [[[[0.2348664380013186, -1.560265202793075, -1.600256531610445, -1.7395296041162247, 0.3540941741896579, -1.5512965252746425, -2.698414014307387, -2.119874637439567, -2.138052795589722, -3.2149723782279116, -1.2286258381943276, 0.010703666711716213]]], [[[-0.39898594152010275, 2.6282370955905616, 1.8996021269715202], [-1.8562909405002574, -1.7347288119358155, 1.648179528555592]], [[2.5077140205205812, -1.681091339703882, 2.4762349907671135], [1.3025797955682255, -1.0106187294690503, -2.466339094201233]]]], [[[[-0.779561295073016, -0.23729163901615077, 1.1963231278479898, -2.911904803041376, -0.33525283167730774, 1.8204819332918534, 0.13172405238831866, 0.6149020635254205, 1.195954025424156, 1.4825779776976704, 0.4798218984083308, 0.14518572910889221]]], [[[-0.7166546826588794, -0.5812674070496041, 0.5645545233669824], [1.5218576509964086, -2.1057727007449722, 2.588655566276854]], [[2.1883018260396643, 1.254475024678831, 0.29719488266225413], [2.7350740510898937, 0.5947754659245045, 2.9243418537480466]]]], [[[[-2.373030696448404, -2.3122782868667815, -0.8341644951013338, -2.2440443872687528, 0.9146525246121714, 0.9119155332930177, 0.5326335594200512, -0.6139344600369055, -0.5199219215448438, 1.1371292534558828, -1.0420315284285417, -3.473933937857371]]], [[[-0.9078818505872099, 0.22550000013900212, -2.7776533615202545], [-2.1309715983442254, -0.06990501857055864, 0.8496742126027605]], [[-0.05018263001117092, -2.3206902340961033, -1.9605085343331046], [-2.085754635035983, -0.040684995666591416, -0.37688244036102736]]]], [[[[2.6163059474986046, 1.0559154316726806, -2.5674939825342684, -2.6759329347071237, 1.2814365663193374, -0.19983252923981895, -1.3206580860513495, -2.1128626643705752, 2.520222969472427, 3.0644866791374423, 1.4221927842868909, -0.6661965848972506]]], [[[2.736259158093597, 2.633139081629054, -1.1569565628137919], [-1.0539761097728226, 2.4642703149022034, -1.2908947380535924]], [[2.415485377820991, 0.26222633203544166, -1.5102604230258865], [0.0653023981843928, -2.58199937224384, 2.6431165858605192]]]], [[[[2.846004863822774, 0.3256443057500985, -2.0705129321872837, 0.49609553959032887, -1.7689110787402929, -0.17045855349253083, 1.3165507743313798, -2.9208625372318986, 2.023509485452747, 1.7780854319562869, 3.0973471823014487, 0.04506259518624357]]], [[[-0.03100354987767602, 2.9610491742870297, -3.106522721432661], [2.590347112261583, 1.9542282121020764, 0.770607927732061]], [[-1.7116596079394295, 1.0038946921113885, 2.653537718705656], [2.4619059167037465, -0.34121107068322654, -2.644146681046329]]]], [[[[1.2468475431472719, 0.44089975285168176, 1.1261852746741319, 2.6837163079642874, 1.4669618491827985, -2.0794694559905103, -2.8485383248353644, -2.7677674959388865, 2.809172919192928, 1.9624706310169437, 0.3095785055836367, -0.9199691607805143]]], [[[-1.7178259361784813, 2.7775752486522687, 1.9042189432939196], [-0.29069345324914697, 2.0519057191368044, 2.291032353144062]], [[-2.0185381033984173, 1.0015331702914116, -2.7750470952519617], [0.32483137125195966, -0.23704921931715428, 1.6386257113954983]]]], [[[[-2.2823775952306344, 0.06952167552370564, 2.064580233954963, 3.0916662808821807, -2.2760622109088637, -2.95624361803976, 2.635768637395942, 