{"noise_params": [0.0, 0.05, 0.1, 0.15000000000000002, 0.2, 0.25, 0.30000000000000004, 0.35000000000000003, 0.4, 0.45, 0.5, 0.55, 0.6000000000000001, 0.65, 0.7000000000000001, 0.75, 0.8, 0.8500000000000001, 0.9, 0.9500000000000001, 1.0], "max_scores": [2.8284240923148385, 2.5504695525539285, 2.618242541869295, 2.5243825282400185, 2.464892939776752, 2.3354687267771626, 2.243280153163722, 2.264535339047221, 1.9728078204076014, 2.021569016940503, 1.9977461863796648, 1.9094783538703155, 1.7994711272904307, 1.9843638786205642, 1.942116393482892, 1.9831614911854372, 1.9890101421537043, 1.90668558603319, 1.9948234536343183, 1.98617772611774, 1.9982613201787771], "opt_settings": [[[[[2.4783133052694097, 1.510735649194435, -1.690161303172007, -0.8276230336703733, -1.0862312688664977, 1.8260545735520954, -2.479447311652178, 0.7544804888618166, -0.0415362691697797, 3.07209924623859, 1.2525934939455663, -2.3134941658344164]]], [[[-1.2265382323311027, -2.960357572571789, 0.6600846881353233], [1.7894881184100508, -1.493814266205661, 1.0269424872274788]], [[-1.532310649827076, -2.874103059667511, -2.1804201783760613], [0.08413609882850398, 0.6919766682656692, 0.05501589934437905]]]], [[[[1.1890024399082968, -2.5616575688664893, 1.1255847920399524, 2.777542028150621, -2.1667026037367814, -0.6815080010017732, -0.4374717147030228, -2.660450134840986, 2.0209110948601383, 1.7668411268800606, -0.5675829960850762, 2.633609835498586]]], [[[0.10013065823589172, -2.8391788004958567, 1.1465391665958888], [0.10695014523045232, 0.2720808883724115, 0.994816250700941]], [[2.1997835458625596, 2.6374421249631728, -0.4159438189864964], [-1.4311434524225388, 2.449416849286632, 0.5043366544699248]]]], [[[[-0.619851503940982, -1.8990852207456979, 2.845981753368837, -3.022707425400155, 3.103297191190072, 3.037285605123041, -1.3471834446298503, 2.795378573074016, 2.5340301120635975, -1.1091552259526187, -1.1138389976688783, -0.8334310327136351]]], [[[2.1880504060559156, 0.15521923040895805, 1.2943790967815572], [-2.8883062151281975, -3.5121337089881743, 0.8993541440577086]], [[0.30967429051625417, 0.4570316237302216, -2.599903656281903], [-2.5317525164090116, -1.472269076719399, 0.7425189091456703]]]], [[[[0.15385614975109535, -1.4902720935796885, 0.49222203308355167, 1.323970211490666, -1.2321628304156729, -1.5758933767273278, 3.1531477129138095, -0.4005878222108148, -1.0511253034964474, -1.6324429319177245, 1.9302700286838541, -1.562386644910472]]], [[[0.47404458683533773, 0.4813942956724952, 2.9039796706911307], [2.476530047939688, 1.1733285473352233, -0.6153385773397884]], [[-0.9137380618002053, 2.7021228365289947, -2.8193960139845564], [2.041289641375012, 2.044848459417246, -0.046415562483102]]]], [[[[3.076758193875966, 1.8424198987759497, -2.1617857706933954, -0.31338673979348924, 2.8185869725144297, 2.2661250307090715, 2.730574454448496, 2.8726849890026687, 1.5408643284871013, 2.7688754086516614, -1.1553334332105005, 2.3586398250332783]]], [[[-1.2325139439608692, -0.10753850989312158, 1.5292947176191714], [1.9974349125455833, -1.2617699015772805, 3.1252588267693078]], [[1.1246148871775925, -1.346217450567355, -1.9551374823464853], [2.2061583502541757, 0.4405826876326245, 1.8039381294837273]]]], [[[[2.120220940295761, -1.60504261514801, -1.9630214280331144, -0.32191989778508423, 3.0031287223406715, 2.511905435587213, 1.7148522734927667, -2.1312700383245846, -3.121298723200197, -0.6346696765684174, -0.09192742508333893, -2.3982976894454215]]], [[[0.8396190146768914, 1.19075257432111, -0.40852846778354707], [2.508498755544715, -1.2186272249845627, 2.611231668496437]], [[-1.9546234377233702, 0.080196634991847, -1.351379015367884], [-2.02458175193711, 1.3198548639784597, 0.2643250516101281]]]], [[[[0.6884992526661731, 0.8926977039494698, -2.9867059995765013, -0.9012687807446578, -1.870915697317073, 0.747703628017793, 0.49637546733159654, -1.8586057087294696, 1.603755654123383, 2.6090748967586834, -2.213892995028241, 0.3758853778464971]]], [[[-1.037117712395542, 1.3351170003626223, -2.2706296423400167], [-2.2532751220511917, -2.0178443206340844, 1.6964096672861242]], [[2.7644406299378783, -1.2084172697439657, 1.5721014755085898], [-0.7520979972332458, 0.1540971289724379, 1.4089536833042597]]]], [[[[-0.7085790193411579, 0.7112387734755121, 2.4976275330214652, -2.487523732290203, -0.6789436777292535, 2.8308469313342464, 2.9059096488775373, 1.3856295753453514, -2.859347418697431, 1.1867155041290915, 0.9990867109895821, -2.6394582235520687]]], [[[-3.36124052249599, -1.4131173974827644, 2.362296443968166], [0.5910848453539632, 1.6922612834823472, -0.2382653371221797]], [[-1.227165874413929, 1.2989467517347335, 0.9857396286691049], [0.3707122899123869, 1.535491442889686, -0.5470309412115633]]]], [[[[2.0441520840718557, -2.488353784336992, 3.171556963895303, -1.1172349578806515, -2.489031966155911, -2.409228075814444, -2.5812742357601275, 2.685979554566958, 2.4843695236407335, -2.1181836455167957, -0.6927271148857046, -1.1879527328145394]]], [[[-1.6170851634542855, 3.117045931552356, 1.63136001957014], [2.812462295348873, -2.6107950127876505, -2.6660808143629167]], [[0.8633158189198831, -2.054877852940317, 2.100049436089673], [-2.6341613387058227, -0.533356033896564, 0.14188973231774007]]]], [[[[0.8219969339813007, 0.353446334478854, 0.9074028167369006, -0.9439618909847757, -1.8710323503295083, 1.3349894526408905, -1.9926978399559387, 1.955993474436404, -0.4320785639853546, 2.1211637312286133, -1.8203916735413337, -1.8548031748073792]]], [[[-0.22554413944584184, 0.22993762984260094, 2.961469908382182], [-2.7749099862832307, -1.2708250905199734, 2.1289792543588675]], [[-2.259960860184261, -2.8176712560747323, -1.788421690674389], [-1.2456780336765412, -0.4055318360977173, -1.8059200099037922]]]], [[[[2.2999966303636574, 0.4483074923901872, 2.359897016465354, -0.025369201357185994, 0.35182373061284733, 1.7142235864426294, -1.7018332283791775, 1.544959921115002, -0.9961641938665342, -0.42188369534898057, 1.4259753220201647, 1.96138335862326]]], [[[1.208524259405473, 1.6936417294842006, -1.0561156993374556], [-2.43498175929734, -1.7608313647577603, 2.324791412107272]], [[0.856553272360058, -1.9978608702109313, -2.6356595238498928], [2.5169041507076004, 1.9483413384506145, -2.710837436619788]]]], [[[[0.8783928880442671, -1.717899405073212, 2.979594945098962, -2.1836889315938555, 0.37250013291464623, 1.0786723675248882, 2.4743667541046555, -0.6656083308709775, -1.936634155668104, 0.22447215996651781, -1.130209505582119, -3.0887720438977366]]], [[[0.6737983828839907, -1.7228901411319242, -1.9732820389641434], [-0.7985141418456143, 3.070090446880734, -2.2868051571371772]], [[-3.1842338281578684, -1.2335425092175873, -1.3179606339914425], [1.3219446691906924, -1.620229613090835, -2.089691829971077]]]], [[[[1.615229391038195, 1.2392869635166435, -0.5373682417539769, 2.9128061464780846, -1.1179000157339143, -1.068306413917146, -2.3186828955329233, -1.308159264928123, 1.9941703737191765, -0.7563807485453311, -0.2903062994003486, -0.9326636380908415]]], [[[1.3971299177574488, -2.4757018480267776, -1.326613709010015], [2.8782065911955104, 2.6554038598838194, -2.3344481690508676]], [[1.7389254884715872, -1.3722186578998885, -2.8303559612736247], [-0.8083798092293568, -2.0819759421064767, -1.757767762873259]]]], [[[[-2.7192897376983614, -0.6291397266426656, -0.616976216507955, 1.2298259564855263, 1.4933966747118723, -2.289825523958148, -0.5226032692161303, -1.12869763685143, 1.857924180607883, 2.857261965588788, -0.36918784041338426, 2.4139374804261133]]], [[[-2.248563871347062, -2.2369316228876834, 2.334110312231692], [-1.0327576592393268, 2.1686081206303793, 2.8310944260197974]], [[2.6904769232666688, 2.743860692144723, -2.532377806223575], [-3.086128729416277, 2.002622099308804, 1.253073876615936]]]], [[[[1.9294608786278822, 2.095951613410248, -2.906527951828164, -1.726640621206837, -2.361042199264953, -0.5382174901310661, 2.6362651066399314, 0.713912485662587, 0.3474229746074898, 2.1452485494678073, 