{"noise_params": [0.0, 0.05, 0.1, 0.15000000000000002, 0.2, 0.25, 0.30000000000000004, 0.35000000000000003, 0.4, 0.45, 0.5, 0.55, 0.6000000000000001, 0.65, 0.7000000000000001, 0.75, 0.8, 0.8500000000000001, 0.9, 0.9500000000000001, 1.0], "max_scores": [2.82826557725977, 2.7254360481229285, 2.670975162770157, 2.5171122725544173, 2.4339599193865724, 2.3240541654971096, 2.331794817630831, 2.151562093847199, 2.072841825247496, 2.097454310038226, 1.9942517875398933, 1.989965011125629, 1.7904706477256704, 1.736881792130752, 1.9913371384089262, 1.991818725481719, 1.9940427711011628, 1.9541269295406305, 1.9848186290867784, 1.9384330142608859, 1.9999998747342516], "opt_settings": [[[[[0.3843279674941845, -2.5754889561546266, -3.001022225902406, 0.559298704946462, 1.9208755161083229, -2.2485261266646406, -2.0848371339742027, -2.5968918844993563, 0.2028356724535706, -0.8749617558101095, 0.01743622392390892, -1.3229985115740959]]], [[[-0.8657415604251029, 2.430592885847783, 1.2107788472294656], [-2.548254701366779, -2.8790982946009196, 2.0687501227098073]], [[-0.05471461410419533, 1.8629601748291647, 1.286603420873532], [-1.5730742910628503, 2.412542844744077, 2.4649518544335915]]]], [[[[-0.06792441293299901, -0.36308514083366483, -2.6153960558493097, 1.6923315804282275, -2.761823608590823, -0.5560455372087705, -1.3209640044834066, 2.4238813715382657, 2.5820099350348737, 1.110787889770012, 2.604164554894973, -0.3486885270742444]]], [[[1.4395612389667631, -2.2782206246258507, 3.07225251077048], [-2.7035746501798754, 0.7582708795158958, 2.9866037360256144]], [[-2.9310872296442567, -3.489598557092176, 1.3235609715808838], [-0.8324037084510472, 0.10147908855894788, 0.6504187736544447]]]], [[[[-2.958669755932739, -2.416941651558635, 0.3479299022219837, -1.7144975964465325, -2.175249037985521, 0.26826724877166264, 0.3410134035404534, -0.46809198129010504, 0.28842296492176894, -1.1162762767898273, 2.7659881013303345, 3.1999583184456264]]], [[[0.9910365866069075, 2.2209078408561904, 0.4191174932551509], [2.3815021777564254, -1.0559606702262938, -3.0245936005450056]], [[-1.4263183434231903, -1.5231469214609767, 1.444781277302595], [-1.1072327971211406, 1.8629768778836049, 1.8724953445031254]]]], [[[[2.179687675341765, -2.256924061273017, -0.2941174954019167, 2.31769356732096, 2.0745718748652493, -1.9714741714420547, -0.7384956989996943, 1.6319741564917756, -0.3159426139115465, -0.2073637814590802, 0.6347199819797551, 0.8660199286489664]]], [[[0.1386715209206853, -1.2523171466381942, -0.0316970619472415], [0.55311290313743, 0.2780372006671731, -1.3539812871093653]], [[1.1101608677839636, -2.8188607385414213, 0.28671380239261396], [-2.2868473041114217, 1.9526552502944379, -1.6833613327191292]]]], [[[[-2.7061685915807807, -0.3246735970421416, -0.8171373861152225, -1.6758485329620378, 2.3311630277207853, 0.5258541974373157, -3.2907513248284728, -1.7519106396464923, -0.21292930501219748, 0.7945545279693936, 2.474739614288807, -0.5813956248870898]]], [[[-2.877081878395994, 1.5707156508502298, 0.2229387760106336], [2.8212411183086883, -1.8699472414197649, -1.3147546082025119]], [[-2.8506919710628376, -2.7207987234260123, 0.13820921741501735], [1.4478401722385907, -2.057028235233364, -0.6122268832617657]]]], [[[[-1.6223639447763707, -0.7682451430548866, -2.7962607647887947, 2.909118642496738, 3.126520993086297, 1.0292825067594642, -0.3054162303894158, -1.6060526288866785, 2.7754371643668576, 2.6470012060686448, -1.4461921776226336, 1.6592243626949192]]], [[[-3.0729680215843476, 1.939510828033275, 0.1714877319904549], [-2.675323032532465, -1.8532576690458908, -2.0156862301741665]], [[-1.1542847249689745, 0.07409040671576911, -1.435809534631891], [1.4413541461561339, 1.6093006037079625, 1.9575753406184377]]]], [[[[-0.26049074662122296, 1.5307060415398146, -0.7144268465745632, -0.6218546551530815, -1.4949403329204862, 0.2926465222178663, -0.006459428090092151, -1.4019446918380178, -0.9680248370679433, -1.784459207215168, -2.9287945987269093, 1.2015375558809371]]], [[[0.06652882642876777, -2.2639342454441946, -0.5357432976254697], [2.3237645791386368, -0.8019399242483978, 0.3194664519590811]], [[-2.7340706398874315, 1.8391559827008397, -0.5361788751588228], [0.14970438764915825, 1.2221481863630645, -1.9208726125329567]]]], [[[[-2.837280139926743, -2.455840772285279, -1.4770671328970368, 0.00018258948666141083, -2.721455981348998, 0.5625814407704958, 0.479491046335129, 2.422963036313255, 2.953396055617664, -1.4966550170971082, -0.3836172566733993, -1.6622180665196784]]], [[[1.2934146296578406, 0.5810180587341944, -1.3085606140500463], [3.0813283140833967, 1.0007358320187498, 2.6483977811827275]], [[-0.1514277223994121, -0.35799181203827324, -0.15984505055184295], [-0.8323023720160861, 2.328227991854156, -1.9832342518614323]]]], [[[[0.2666082130053433, 1.1562114108360102, 1.5025354088288623, 3.0118448557295396, -0.5037505854252922, 1.2135291263240546, -2.9830468586386782, -0.2565255055068989, -3.1440883966447335, 2.7918925981688414, 0.7258865767256454, -0.24743537327552267]]], [[[2.5765314351631963, -1.1436377330441412, 1.1565302161891893], [-0.28994101140463696, 3.0547285946220044, -1.3733903627415487]], [[3.0793695082961596, -2.8384545312532876, -1.4648642293767202], [-0.5751729043313195, -1.5456786556498847, 3.1158369099894214]]]], [[[[2.8555451673377936, -1.4720279577563373, 2.416598093279619, 0.33890113167722413, 0.5207556164175179, -1.8911044706655153, -0.48951895918003663, -0.6620548840053426, 0.405965259959046, -2.8947320350299957, 2.410680270682242, -1.1563989903452292]]], [[[1.1541019911121801, 2.264641390883911, 1.9362563925257419], [1.3870791593537537, -2.583485963203895, 2.21167466365475]], [[3.3980505213302976, -1.7077076541168332, 1.1617609385120806], [-1.1348616919064605, -1.939033672607547, -0.2910460656107725]]]], [[[[-2.228475340102511, -1.3223597731667116, -1.4143935619600185, 1.1804545866458858, -0.6240824450029899, 0.16965518530351, -0.8136390362277859, -2.070743836728801, -1.2232157883573145, 0.016201042982616237, 1.5819758552868595, 1.2566791203969392]]], [[[-2.0575684488035937, 1.668433173221254, -2.424579934849077], [2.651949030391529, 0.545289684449521, -1.308235501958989]], [[1.9674412751398207, -2.365547004848405, 1.6896702206011245], [-2.2958059881417197, 0.6522674252912104, -2.046715294192894]]]], [[[[-2.616426861280254, -2.4468795562709764, 0.12936548945910464, -2.5818500439483265, -1.3588338732890495, -2.4081016519527476, 0.983728474946637, 3.0733090752611196, 2.850499099310247, -3.347689308606785, 0.8527750350490406, -1.3379175737932434]]], [[[-1.4773868011174969, 2.4742715654166916, -2.928527052440006], [-1.7106709502967201, -0.40166430431971145, -0.06596066171485897]], [[-0.7376896117097348, -2.843882088216753, -1.3437951647210402], [-0.8675152493341025, 2.2944906164534364, -0.9440622805576822]]]], [[[[0.20289531062604915, -1.93626278503847, 0.22122807533249048, 1.617164181742151, -2.809744607346191, -2.0459316138411023, 0.6398721931005157, -3.0423756983879406, 1.9309187743567986, -2.110157313754037, -3.2953383187424734, 1.6754540492443448]]], [[[-2.6199474855252407, -1.8578646986700587, -1.6367219831215185], [-1.8706495289965115, -1.3211466265585885, 2.9069038979770747]], [[-1.754235169478732, -1.1867164567152777, 1.7549413046395825], [-0.6241790798392717, 1.7706277568983027, -2.391809489359297]]]], [[[[1.563103183902835, -1.5308347516553085, 0.9216726195193139, 2.935197452244757, -0.1843778839256152, -1.649649587718807, -1.547124635345842, -0.6342490015017423, 1.2529962039836413, -2.105858155544507, 1.3158419686236325, -1.6340459358811137]]], [[[-0.19456037896601638, -1.4960197456905668, -1.803844078327887], [3.462538942935903, 1.40394827198333, 3.103352979652054]], [[0.04081250361216342, -1.5415277894280162, 1.6748501646435026], [2.6297081466475967, 2.110294124951683, -2.313486849791091]]]], [[[[-2.582746600710241, -2.4442138161982707, 2.23905505660058, 1.781580672925803, 1.1672070886739145, 2.9685274706914124, -1.3184973385872638, 