{"noise_params": [0.0, 0.05, 0.1, 0.15000000000000002, 0.2, 0.25, 0.30000000000000004, 0.35000000000000003, 0.4, 0.45, 0.5, 0.55, 0.6000000000000001, 0.65, 0.7000000000000001, 0.75, 0.8, 0.8500000000000001, 0.9, 0.9500000000000001, 1.0], "max_scores": [2.823866288289902, 2.72363377773173, 2.618450461504347, 2.5274809459348937, 2.357035614282533, 2.330167004119841, 2.352862513590985, 2.2248455617346172, 1.9986893061175066, 2.0139240220291335, 1.9936587882007197, 1.9955434566679442, 1.9961234131148107, 1.8873466522015945, 1.5907638932990886, 1.9952591642698447, 1.9868087884574885, 1.9953846751508404, 1.9961923348689652, 1.9914861469641227, 1.9999442649461314], "opt_settings": [[[[[2.036554327018351, -1.5953582666841475, -1.3452757744640158, -2.249840584068832, 1.9786279990744082, 2.3104802525711534, 0.020011216479036857, -1.4089458294174604, -1.0517790075809834, -0.11774655122324035, 2.775914322563509, 0.927067483112121]]], [[[-0.4472418733164682, -0.6457968269469996, -0.08814240955602815], [-0.4709313283743709, -1.1101772557364518, 2.4312747764217892]], [[-1.320072785730344, 1.1156432674689558, 2.656329611441665], [-1.647710481489956, -1.4480686261820732, 0.2850270787906535]]]], [[[[-1.2742852823426127, -1.074071197872908, -0.2825418976212613, 0.43983525171585003, 2.7815765125682352, 0.16400268997298517, 2.672496566245391, 2.638101951889546, 0.7117740658568861, -0.6914926013384075, -2.352323226144757, 1.3346256104063803]]], [[[0.8877542213686022, 0.7422674754387265, 2.7311256663499703], [0.15516687110416438, 2.9589557177739634, -1.9847405016282378]], [[-2.602406939240076, -0.7477723931629908, 1.3842160923191988], [-2.788816923778343, 3.2904271410660435, -0.08090364235849548]]]], [[[[0.2251937806048713, 1.7612809192874397, -0.2244257111846929, -0.09710718507608361, 0.014689837652945952, -3.068105750405772, 1.5108479468972986, -0.47748842260414814, -2.787605170394127, 2.443234249850106, 1.9121488661556416, 2.857767686114714]]], [[[-0.6118640878928157, -0.8271710317472064, -1.293261811953746], [-2.3230759110441968, 3.408856580777379, -0.8307641903480061]], [[0.40489522813945483, 3.1773912000488975, 1.6744627149191214], [-2.8833930137619523, -1.9421151613935714, -2.4877922093567464]]]], [[[[-2.039628087071053, -1.1324976073778288, -2.249934533823762, 0.5735052939590221, -0.1279523260869352, 2.2756252944504656, -0.19331958776933503, -2.3060061358692487, -2.4297625028119896, 1.2984932070392694, -0.21462958487831726, -1.4568446224545413]]], [[[-0.9675276720858291, -2.485621906652832, 0.08177067964299936], [-1.2759511975135869, -1.818440280675202, -2.694259003280503]], [[-1.5924708205125964, -0.5367568425756383, -2.4786745769350054], [1.739831954692008, -1.716273874016698, -1.7348365365725722]]]], [[[[0.3805470952866927, 0.1936870858654674, -0.9004819072537614, 0.654457064729047, 1.513115240838869, -2.4003797644482834, -2.2756187183354544, -1.8931013889530561, 1.8747662976772772, -1.693298692347936, -2.0057747026297488, -0.16780761273470568]]], [[[-1.8601219709076116, 1.7472999336809014, 2.858008251546373], [1.3364629245456148, 2.9252276051785584, -2.1522711935522616]], [[-1.093696985586185, -2.1439781456840157, -2.4561463820075877], [-1.2607358155737107, -2.1203681522882794, 1.204040107350692]]]], [[[[1.4297458850954952, 2.155062778142496, -1.1642823759517618, 1.6549346612135016, -3.164298890802154, 1.6549047636227796, -1.0564904519554903, -3.2945156311006425, 3.0447907299970973, -1.5894920652978362, -0.3927252676611764, 1.8493490105014478]]], [[[2.4230575938083367, -3.1418055416105997, 2.810376744724662], [-0.5725072032476138, -1.3272138288597917, -1.6195855402023367]], [[-1.8404279833050168, -1.8966731509441315, 0.5970336613389575], [-0.05419450878789222, -3.179636250719758, 0.12011331215071097]]]], [[[[-0.42928588480201496, 1.0719658862651091, 2.117876722083631, -1.1838661920430613, 0.8999254369314744, -1.984309197837411, 2.4639270855186135, -0.7729507862647017, -2.2758260799747667, 0.7770968513869574, -0.8789537379338943, 2.6275950240125194]]], [[[2.9378501971741744, -1.9107172903419367, -1.2103257654597255], [-3.0595493587075655, 0.06966486110054511, -1.206763010196482]], [[0.5944038445522047, 1.5379394936348079, 0.5526235645156903], [-0.7356511140900366, 2.077958570876582, -0.21248384457403804]]]], [[[[-1.1427530296120463, -1.6340513698077257, -0.04544251107136041, 0.8271710753799782, 3.505231466065568, -0.9477195824801447, 0.27862215972422105, 2.1948111093662823, -0.6330494629059957, 2.5967475548151278, -0.7030100001835138, 0.784569438230165]]], [[[2.102868306878638, 2.4147773464382243, -1.8904821416094626], [-2.655768654151143, 1.2854108050991928, -1.7741114806786003]], [[2.0992657755691346, 2.041259477080517, 1.460003860538599], [-0.368841798008843, -0.878524741390284, -1.4377525418992805]]]], [[[[0.34504753449088016, 3.3090733645945654, -2.3056551594585994, 1.8763614443767809, 1.1967896025834428, 0.2995336975424344, -1.0072816269049103, 1.634980611201879, -1.829537411285064, 2.5193409909621196, -3.27512925348844, -2.591472848398632]]], [[[1.5385957916128086, 2.3381454455440354, 0.07371491162157849], [1.823168425327036, 1.5693724777174374, -1.0858606649008382]], [[-1.4040466452157028, 0.8555427830937472, 1.3378806973821256], [-2.066029242631083, -1.7520066555221037, 1.4353543242814322]]]], [[[[1.058272771862855, 1.7029003957789952, 0.5133099620622961, -0.3786606543186873, -2.080998469807468, -0.5337080872337009, 1.3082305721169027, 1.695865238761828, 0.01043832264335526, 2.38619044889004, -0.8192708895347375, 0.5897331638435639]]], [[[1.3522126655469282, 1.4569657217993572, -0.2164527812260965], [-1.2428139494049517, 1.6351280989220416, -1.7861711713455963]], [[-2.342384042956567, -0.23884140562728912, 0.4645778878621525], [0.6362538375950898, 2.444266359953777, 0.00036864417643966415]]]], [[[[-1.762204043732498, 1.7635104773753112, -0.7376739795576303, 1.1529410976155656, 1.0854547636624, 2.8404831054796014, -1.3845441698438277, -3.0931579039054564, -0.9470148316489055, -0.6954814745018673, 1.1628899496077247, 0.24750871854881884]]], [[[1.0178265282336973, 2.556974382636875, -0.5751693677760521], [-1.3535653525434839, -1.33117253436457, -2.2399748941791593]], [[-0.0941868387337681, -0.0037932140233705915, -0.22507721797851632], [-2.6779358031475824, 2.4530475460702394, -0.010898981531902453]]]], [[[[1.6497971007013676, -2.769043474629312, 1.514261051353503, -1.893723865489705, 2.0943596935174593, 1.496596482988062, 1.2808856987432364, 3.1614003965572666, 2.6761144989503465, 0.8635644107972043, -1.6763026477966771, 2.4816792404430044]]], [[[0.16332745724845718, -3.279843522727963, 1.1248079501536061], [2.850035749311883, 3.1063432887293296, 1.8155509698905101]], [[0.05533058370787068, 2.553865844739531, -1.6868097648482454], [-1.9040013150750774, -1.9495103731127772, -0.3828183047593674]]]], [[[[1.1373030018802668, -3.029163329996407, -2.1796695223728455, 1.822799553352552, -2.0341915923457927, 2.7757963205852056, 0.9283688602364074, -2.9190060109563114, -0.6101224208727618, -0.16315701446885145, -2.0331294953359387, -1.3482498385967026]]], [[[2.5490968458201864, 0.39257798291097007, 0.5049960072332236], [-1.728014266577738, 0.28438409143946586, -1.7480243911797448]], [[1.501699398559177, 0.6180044211018143, 2.6260250262033953], [1.0662991524023844, 2.0197662577537683, 2.8152958117856963]]]], [[[[-0.8271330693278522, 1.1703098809694348, 1.8008035149491242, 2.9673051329482796, -2.9129633884003323, -1.7687543822560594, 0.4611881220611572, 0.9193457795512558, -3.1431755813958606, 1.7824763375373873, 0.8823627759575416, -3.065486609889915]]], [[[1.9159933489023921, -2.9215304316030744, -1.6472253625304258], [-0.9760878548583052, 3.3135310125251474, 0.6041277109745837]], [[-2.785982290602772, -2.0539194542872137, -2.3779246557119067], [1.2205200588426164, -1.0584628297631027, -2.514045489050303]]]], [[[[-2.576572114512796, -1.7566351387998422, 1.6679762109663803, 0.24093581673849096, -0.26751995517644295, 2.0436534872655217, 2.255757801514503, 