{"noise_params": [0.0, 0.05, 0.1, 0.15000000000000002, 0.2, 0.25, 0.30000000000000004, 0.35000000000000003, 0.4, 0.45, 0.5, 0.55, 0.6000000000000001, 0.65, 0.7000000000000001, 0.75, 0.8, 0.8500000000000001, 0.9, 0.9500000000000001, 1.0], "max_scores": [2.8284266453581717, 2.722839469724142, 2.6661409253028774, 2.5124280335383418, 2.4322151847322573, 2.3331866384443956, 2.3343896244016644, 2.262316459695457, 2.1813644717117904, 1.9885109855948337, 1.9879008789738153, 1.982736091704497, 1.9930817839512776, 1.982446546650522, 1.9972734568910553, 1.9934755963075286, 1.9709367252951708, 1.9934053100993745, 1.919799257614546, 1.9878419719211569, 1.996825626712993], "opt_settings": [[[[[1.822664650457802, -1.6104000788324417, -2.3502316169816115, -2.1517751253472315, 0.11581589471895956, -2.362967487412183, 2.1919563301224105, 0.8390212938125438, -2.1927954971804073, 0.08514655798081056, 2.8582079839124703, 0.16318467211703622]]], [[[0.015104408142416544, 0.8680014344959234, -1.3692080601653824], [-2.222302147349188, 1.1018680621188373, 2.8298154250054406]], [[1.689312524848603, -3.186963991255181, 2.1155888194572867], [1.476104521652418, -1.6556198726947635, 2.735776154404432]]]], [[[[-0.992629760250038, 0.35571680025784325, 2.781866177995225, -2.0361629324731805, 1.4823530320906484, -2.4254555803055102, 1.1040266005197408, -2.582800877389133, 1.3923832925204422, -2.236053285258575, -0.051344756200408605, 2.1785924863807686]]], [[[-1.6722567226469145, 2.3813868025095983, -1.5403026571375873], [-0.7630537160117519, -0.7731498716190441, 2.260754197289093]], [[-1.6643046631277352, -3.2539357610565216, -0.3443976378741902], [-0.6357659588691997, 1.448591842323379, -0.4398616155520933]]]], [[[[2.1988398257113886, 1.9437021572701145, -0.05254925165043748, -1.817505669840357, 0.6068303317095216, -2.178879608909779, -2.1520829118953317, -0.8788219460405395, -3.056983774801825, 1.1691289995895553, 1.4111020351195993, 0.41288753460243505]]], [[[-3.112243947078264, -1.2124503266467819, -0.9526072679948028], [-2.300083666685423, -0.20245233065922938, 0.5456490089770787]], [[1.3865068294513885, -2.3186602536313092, -1.8630895270182701], [-0.18605751200146398, 0.8669871604393741, 2.4972274462540707]]]], [[[[-0.17109823628230547, 1.7873896513621637, -0.8767509436110354, 0.0858768071810489, -2.935638739129528, 0.40741355644911303, -2.2049546017146153, 2.434601102183743, -3.0115843373340474, 1.5595134160800743, -1.2950407032767355, -2.8593846942252243]]], [[[1.8531202147436565, -2.8235787759186306, 0.9873383189847322], [-1.560642832085948, 1.7243145418379022, 0.24761471422580153]], [[-3.029273421497235, -0.969678798709415, 0.33999297254318656], [-2.8500995544708947, -2.371440533273017, 1.312148896278301]]]], [[[[1.8330268358519648, -1.5684376316416626, 2.6339912500372993, 1.7963230544638966, 2.8897884595498153, -1.8582045325521146, 2.0014981274229138, 0.012355285726100871, -0.2550183994146833, 0.8291018470455994, -0.13562588307903065, 3.276984325034841]]], [[[-0.5871303397484332, 2.255120183181785, -1.628547741666178], [-0.25187105765862955, -1.7965006505079764, -0.6200367767590782]], [[2.125627674721843, 0.24949499774758377, 1.62063093053197], [3.1769572252311162, 1.6890605115850932, 1.3069893486270043]]]], [[[[-1.407857862995067, -1.091063726858926, -2.640266773468757, 0.815370549935237, 0.40100114660869923, -2.300303211218448, 0.6431304933786882, -1.3651458364722178, -2.619543178238717, 2.3457069889427573, -1.510035308624939, -2.952492193715454]]], [[[-0.7154536999333746, -1.5424916306410275, 2.8387916938151525], [0.23355825408952963, 2.7821298435242388, -0.741930759800776]], [[1.2411459901703548, -0.014118679494458282, -1.3679831506696718], [-0.15844713749273676, -1.6483783204894433, 2.0460271401788157]]]], [[[[-1.6264096915054604, 1.415902216490036, 2.3075387989276726, -3.027364321422741, -2.3411830879493816, 2.057113323335609, -2.5773874655486084, 2.1704536875432514, -0.11320251810787514, 2.4586729717094196, 2.44567677909972, -0.3186006658134214]]], [[[-2.628309170560855, -1.9000625417032555, 0.28798411399666923], [1.1209210183538474, 0.0003480585650880441, 0.5206951310956436]], [[-1.9318280220373942, 1.8652256275270094, -0.030491895735513818], [2.844599050597156, 0.4809896931722846, -3.0870304263629356]]]], [[[[-1.9060110698472672, 2.2527251263534596, -2.8114150824397353, -0.9970192251911931, 0.3360337932793628, -1.423807716514144, 1.7492918706520406, 2.396886702731736, -1.3428474993872743, -3.0670731548273653, -2.088724239660943, -2.763013009430794]]], [[[1.5496454393683334, -1.9485108957760937, -1.3793958800339925], [0.10752547052753386, 0.19684806849497002, -2.310039052916915]], [[1.6683126617292587, 1.5879716582224142, 0.7098105702230457], [-2.9790005024279855, 2.2308657448304796, -2.9980509387562564]]]], [[[[-0.10463597594729404, 1.7115108361465954, -0.47676638654682635, 0.8726718372018221, -0.3060577210126868, 0.9075900033616007, -2.62266316047539, 1.2644116918425554, -0.09130484568412398, -0.8551880189945038, 2.843702002975164, -1.7941613223392667]]], [[[0.9163582545256836, 1.6545396805214194, 0.08650143943678439], [1.6169957759955538, 2.9940831350127537, 0.3327904746453991]], [[2.992485921756855, 1.13124802295149, -1.295414055383418], [-1.5657566702087529, -1.646547409465466, 1.6750834323993038]]]], [[[[-2.6392005533671896, 0.32594027750529786, -1.53009930764873, -0.06831666581720386, 2.3153166816857795, -2.44907420735322, 2.2315820967178945, 3.210568725285403, -2.163702198129574, -0.7159772133915874, -2.1439626974389308, -2.6937597883739723]]], [[[-0.363940008003611, 0.1119291863628511, 2.534384839860932], [2.7078599913869486, -2.7644889551259153, -0.3262589954255861]], [[-3.112875201425545, 3.06251814548099, -1.2990802710555833], [2.6418688736270766, 1.4879176679487378, -2.112349947258542]]]], [[[[2.9627440881961844, -1.0397141587424656, -1.8621323965543344, 1.4296294856182383, -0.12887100557407946, -0.4826187108903922, -0.2950302605469197, 1.7521276341204555, -2.8189447164867203, -2.495442451914835, -0.8040490517469777, -2.382933394670453]]], [[[1.0211418700551234, -2.1462024367952086, 0.10120322655666937], [2.9701857741534616, -1.8625798177695838, 1.108807122528546]], [[1.8856409492580466, 0.9458011732442979, -2.4851220061042705], [-0.7905186105536297, 2.940056369345337, -0.625024491237979]]]], [[[[2.708243810123511, -0.5543371198292547, -3.264751500400891, -2.0846383749460635, 2.045124249288083, 1.904402040578125, -2.0420523066785106, 3.2642603562653787, 2.02458388109856, -0.4169789035844267, 1.8560150412307146, -0.6822727246877526]]], [[[0.9861797117084563, -0.43272725566159825, -0.32022276430111196], [-0.8321603830719057, 2.711631928105645, -2.098943423695475]], [[-1.3858438802590753, -1.020170799379155, -1.548697406129344], [1.6677405997853114, -2.1199086774028046, -2.677975581214507]]]], [[[[2.4676197477542425, 3.226235449470989, -1.235287715360306, -0.8664685022424532, 1.3575838881385573, -2.0387099350616453, -0.012045222248893041, -1.0548807318868667, -1.0907842258628675, 0.3154382459384252, 2.830775028508326, 0.8698583788282548]]], [[[-2.141185786125438, 1.629289397765559, 2.4218701863514474], [-2.0610074501623434, 2.327942381729407, -2.301480484031304]], [[-1.74365951106829, -0.7589276688314026, 1.3563710613175894], [-1.9496617206353068, -2.5004948960223117, -0.938523609920972]]]], [[[[-1.9481374262713376, -1.6167472216550351, -1.5492843986026896, -1.6518009705540184, 1.000209699409362, 3.018395892065128, -1.8628856591297174, -1.480599102574934, 2.9313616305156533, 1.6880790637027618, 1.8893028922654278, -2.3788694247454636]]], [[[1.8464957704209888, 0.0066573092616970635, 0.13231930600710753], [0.4508511942444109, -2.7843610408265382, 1.05805048910742]], [[-1.714583948712484, -2.9514130308055484, -1.0616395070776892], [0.7631367557687849, -2.1513406604134864, 3.0931647467439065]]]], [[[[0.8924385918232068, 2.9883226603141906, 2.2478647408774797, 1.7419925041340516, 3.025875421694647, 2.1008332226851696, 0.9956004576995829, 