{"noise_params": [0.0, 0.05, 0.1, 0.15000000000000002, 0.2, 0.25, 0.30000000000000004, 0.35000000000000003, 0.4, 0.45, 0.5, 0.55, 0.6000000000000001, 0.65, 0.7000000000000001, 0.75, 0.8, 0.8500000000000001, 0.9, 0.9500000000000001, 1.0], "max_scores": [2.8278262516192614, 2.717026623069883, 2.622026727843184, 2.513002423756224, 2.4564758153539707, 2.2361766881197935, 2.3379163424239024, 2.273935043799954, 2.0834286073921384, 2.0575733612207805, 1.996498477765174, 1.988618769444726, 1.9583909567725177, 1.975044705227594, 1.9763127974645132, 1.9919627180336343, 1.9819683111847168, 1.9980470109120265, 1.9736758747246919, 1.9861546814326574, 1.997937620826603], "opt_settings": [[[[[0.0340369767417638, -0.8374572459760616, 0.7356091721955088, -3.074842744652784, -0.6394979641532373, -2.1825889158840073, 1.994494299341613, -3.3062425048837607, 2.228252415813192, 2.850881088233551, 1.361511285018269, 3.0241623424092614]]], [[[-2.125688078052989, 2.53224070061509, -1.6532918487327266], [-0.02906803425815969, 3.034270281696883, 1.5053077535217776]], [[0.4021288341042778, 0.8089781109731079, -2.7193787728687764], [1.1947873148376629, -1.267409563523579, 2.2200566828300063]]]], [[[[1.130462814732641, 0.6136451380604593, -1.3752302466435802, -0.8173128430295971, 1.5880904285694097, 2.3197954013942397, 2.1296173123592026, -0.6491011273607709, 1.212376014584524, -3.000466538503073, 0.4677241696305964, -2.1004105754432456]]], [[[-1.6057555418855805, -1.762991461440112, -0.11969814050990735], [0.27218981706259865, -1.2213491797244578, -0.8897965936543688]], [[-1.9588423120218224, -2.906551099955329, -0.35942272532015984], [1.75924311457192, 0.08778852147187209, 0.9057280577735396]]]], [[[[1.1681271543398628, 1.8953624798775368, -0.2609453123882785, 2.421009317243149, 2.9285947995409805, 1.4732525000543502, -2.5357228367848514, 3.0440780353652688, 1.139388151348531, -1.362690604082143, 0.27264302631439274, 2.049180309460189]]], [[[-0.438256364331845, 2.5500191063318347, -2.9578234408495296], [2.707217797766779, -0.7172887956675694, -0.61155260933737]], [[-1.0317586359422184, 1.6135444251072195, 0.19095144696035768], [2.254653387230986, -2.971152114908491, -1.9026746965333108]]]], [[[[-2.427967594073998, 1.3833091798472144, -2.8195443457676346, -2.994913800801337, -1.8409073525720887, 1.4529952212182615, 1.3350575906136393, 0.4749578772878727, 0.12577533567574334, 1.4973196074049826, 2.765763367737895, -1.2752061723078723]]], [[[2.440750625417458, -0.7736978165101023, -0.5044647713194292], [0.1482490225657425, 1.8568952368396627, 1.877634367756042]], [[1.162445618048818, 3.333021487624656, 0.18132244042949308], [1.7051351024791508, 1.9934397436799582, -0.9176274235542223]]]], [[[[2.3717143985704725, -1.4456320413772914, 0.7651237011905994, 0.7436520263953246, -1.1043994155388135, 2.0629312906005235, -0.4736764579484831, -2.087579727300213, -0.421770055144245, 0.06414074486158786, -1.8080257917926543, 2.5834109030781374]]], [[[1.2395121895015664, 0.3217304343611492, 1.9433096996933896], [0.2911985090414693, 2.2532921173859934, -1.2951581812614996]], [[1.1094126904703225, -3.3940195237884656, 3.056799982492385], [0.00972856812321616, 2.5431199955612445, -2.175956396368592]]]], [[[[3.0020058466641153, 1.6013427169658463, -2.3464618869822527, -2.098128763848538, 2.9429370077684665, -0.6021584142652852, -0.3682006957855203, -0.013564866421512327, -1.7362181393427125, -1.4623973967468538, 1.6229218476959562, -0.4133310106899889]]], [[[-1.2976739151009, 1.3944755095525736, 0.20342489698387833], [-2.8005031238503095, -1.6127997952975686, 2.0330405840248513]], [[-1.6649997183313738, -2.561128444905888, 2.6604117725939176], [1.9183265167974706, 1.0995586247744618, 0.7415546943860019]]]], [[[[-1.0408725184271637, 1.6360628600208094, -2.3580911870781724, 2.2536419507354797, 3.2861112701000303, -1.2083696176614915, 1.5208153477058108, -1.2590785279837902, 1.404712954526298, -2.427090904369824, 1.1381072270477688, -1.0754030782517365]]], [[[-1.5598089551631287, 0.12949117157913217, 2.7023825620341704], [2.107490193250074, -2.482658735778789, -0.12586624379332406]], [[3.1872663696956116, -2.2274326792836847, -1.0932423476688982], [-0.31280436571507925, 1.5911725642081382, -2.0757622630378645]]]], [[[[-1.39611432276638, 4.2484253540805135, 0.0959415524673535, 0.4109991445283656, -2.12257269928217, 1.9750793482135003, 2.8887270847119284, 1.807492258816266, 3.079195854011418, 1.4379514199890537, 2.5880840974443284, -3.1808553783535767]]], [[[-2.625350874598572, 2.0520332298421913, -0.7156134800341478], [1.3766047528097995, -2.7695210678201674, -2.712010355293468]], [[-1.3313817214241814, 0.9123738758851273, -1.811786441641106], [-3.121563729198621, -1.477880245313241, 0.7796306483772844]]]], [[[[-0.2559797315821414, 1.3827107060543613, -0.7547619815680163, -0.34980312363821037, -0.6220274333277399, 0.9285738539538512, -0.15565716715960146, 0.5130959358414898, 2.647296983770544, -2.321459870350191, 0.9023155474911135, -1.0256440892429488]]], [[[-0.3214991097058736, 2.455719071229667, 1.6125648809131485], [2.9641687112871025, -2.6332203708562782, -2.5580476008081625]], [[-1.9002247500998959, -1.830631702983089, -0.4886275234708961], [-1.7267585333265472, -0.22739359693175418, 2.9216230419999043]]]], [[[[0.9795600943299902, 1.9504205493933795, 0.5600745784857938, -1.2599090831489523, -0.3693512266743713, -1.3494308743457513, 0.3406206371481159, -2.4691255553244034, -3.1215954508655073, 2.2397441125634883, 2.282631547024864, -2.4046106388608344]]], [[[2.4278745105179884, -0.07583702576282712, 2.888381435801331], [2.254764571052238, 1.2949621784366514, 0.15092575622961935]], [[-1.2234779218930971, -0.14794252168716907, 0.9348533347104571], [0.21098022320413962, -1.0899629798531758, 1.5040022006602962]]]], [[[[-1.960769451651202, -1.35621199903923, 1.73154336996417, 2.68318902840162, 1.7603372034497853, -1.5664630319361739, -0.24087534075164, -2.7597227419303603, 2.5102248737455266, 0.6048831858416015, 2.107245180787039, -0.44790047266205635]]], [[[2.893449110024607, 2.1078016016899976, -0.22140271108885654], [-1.30332764620146, 2.59265071064676, -2.4030582007745167]], [[-0.5417843045110134, 1.9639345142528037, -1.24629390837272], [-1.788510585755876, -1.893243475378768, -0.3264217067543491]]]], [[[[-1.5863049528269686, -0.4260687125188865, 2.1786510630665523, 2.4389097244977442, -0.42395223739258214, 2.70785353634578, -2.5926711944105514, 1.9258088628521264, -1.7494291276747547, -0.039963278469546885, -1.3443832812276586, -1.0009289278261269]]], [[[2.6438272878906335, 0.45361556189713736, 1.9138936533989233], [-1.5283976337631737, -1.411121676567337, -1.382211034422929]], [[-2.271896848233657, 2.275686619071176, 3.086800651584813], [1.8101912336539407, 0.15952211878777078, -2.67671602309639]]]], [[[[1.400506472318657, 2.0638271142300826, 1.6920641523364668, -2.449128458643351, 2.023089872436754, -0.5603124357884581, 1.8306694802068466, -1.1971298166982167, 1.2492763101520348, 1.127491591146263, -0.3410074756658633, -0.7902194412160087]]], [[[1.082021766153291, -2.830938087113313, -0.22429065007967353], [-1.0511180290262476, 0.3378821289368634, -0.31246483246939727]], [[-2.8342404406395, 2.9949251288276426, -0.6643653785085899], [-0.970351476630041, -0.519773611745526, 0.5959224951708944]]]], [[[[3.0592247547799083, 1.781924756087282, -1.2994583079162954, -0.5152102313290795, -1.5034390057087632, -0.968063101948754, 1.385150467937993, 2.3187344811265533, 1.9459038069783323, 0.34391332376102607, 0.3646729770026863, -2.5892852128311614]]], [[[-1.8385297372665168, 0.047606733485827925, -2.825319540623118], [1.1745464243610424, 0.509611633179443, -0.4107879549634208]], [[-1.4059487474505314, -1.0575217147873048, 3.06880578312214], [0.8289895195582725, 2.557083120157707, 2.4940856696366467]]]], [[[[-1.6141848715427813, 2.313950419022001, -1.9899411170796266, -1.3302588268963829, -1.627591929100204, 2.8619858291406057, 2.1749408980519545, 0.6595293256259993, -0.22980304580793207, 