{"noise_params": [0.0, 0.05, 0.1, 0.15000000000000002, 0.2, 0.25, 0.30000000000000004, 0.35000000000000003, 0.4, 0.45, 0.5, 0.55, 0.6000000000000001, 0.65, 0.7000000000000001, 0.75, 0.8, 0.8500000000000001, 0.9, 0.9500000000000001, 1.0], "max_scores": [2.8284067509687443, 2.7239377550657142, 2.6341708129092387, 2.5897437385284388, 2.4128759665009163, 2.019030124715904, 2.2418175118022106, 2.165312624383361, 2.1749914504424717, 2.0466203234043183, 1.9537391898928973, 1.9910162498054247, 1.985233841129921, 1.9846429573789766, 1.989996751031856, 1.9850546742204989, 1.9946009607898496, 1.9905348519512556, 1.9925371391204765, 1.9565779024344876, 1.9968591469761345], "opt_settings": [[[[[1.1300166763702366, 1.0248824062137885, -2.6269269558270123, -2.0305892195310653, 1.6363714736950765, -2.111894475550044, 2.3518759548412884, -2.1797108548447044, 0.30361395866972574, 2.012581112151155, -0.25215888496912386, 0.5451770422284702]]], [[[-3.01027034780486, -1.5736670003369362, -1.878093636926208], [1.1105187021673257, 3.0478926485216613, -2.9617566604137635]], [[-0.2613322201076015, -1.5249939249643272, 0.44826226128418245], [0.6565190467646189, 2.0928017539246224, 1.7489467108425325]]]], [[[[-2.669986208056759, -0.9885068295705707, -2.21861668283242, 2.295632964484118, 2.2330772857439443, -0.7416511358533718, -1.9325384930208607, 0.22236716292370023, 2.1085918746947887, -0.43408454383245676, 1.6943898370595523, 1.0727169032371553]]], [[[-1.46183627546504, 2.2852018036139916, 2.264569228183415], [1.4577307917158322, -0.6846337574920669, 1.1599489003780308]], [[1.5847666918998955, 0.6140129481910493, 1.4689216397673093], [1.071729975135622, 1.42809878899045, 1.4571747751590616]]]], [[[[-2.488480572557537, -1.5862750529464815, 1.8442614172460627, 2.254386690044613, -2.9382046228568552, -2.5115107496008706, -2.4886746594745315, -1.8533233485768716, 3.110048151736027, 1.0896413873574629, -2.9673313716698324, 3.4824054706160394]]], [[[-2.966858888775871, 2.1134844232839884, -2.4736695397752904], [2.1106516087996403, 0.8996732081578562, 2.3701102348318823]], [[-2.919907926651441, -0.7828960464942568, -1.9390831582676447], [0.8775512722191983, -0.9673333531946109, 1.1383363513371192]]]], [[[[-1.7221493496891707, 1.6472267214635492, 3.2806123496067396, -1.2559953634032588, -1.5140110979405645, -1.5941771356738956, -0.9534904286314709, 0.8277304869419773, 1.0095606952951783, -2.299563942321727, 2.699816394227586, -1.8744483368431468]]], [[[2.3834947283981114, -0.07009151697347979, 1.5366922639211023], [-0.9943965118422321, -1.2455015817854156, 2.421300183840118]], [[-2.1989870834831575, -2.0297708464020974, 0.2733136665742744], [2.1680846296364304, -1.8802107359901734, -0.8844549332717606]]]], [[[[0.857607517766369, 1.5354554341626165, -3.085563340313347, -0.02676867031284096, 0.918387909848243, -1.494070649740436, -0.25159117483870397, 1.675874296298265, -1.487726809773695, 1.3542252760729299, -2.016063839371036, -0.8178694480643756]]], [[[1.875491740895968, 2.070547745464184, -1.7070139179522075], [2.9687125588825736, 1.2942018413557403, -0.9232350375791576]], [[2.1364226685851837, 2.834058521702781, 2.9680697756306493], [-1.4699457845800201, 1.3162112938338482, -2.652465806543363]]]], [[[[0.22072161058449297, 0.9148713916871897, -1.8121810303879045, -2.6520941881617217, -1.341665894737284, -3.294072164010407, -0.22649329956525732, 1.4611621217052893, -1.8555078251941421, 0.4684352713615581, -1.3352322549907933, -0.10522235437758952]]], [[[3.0907544129010214, -1.170239038016988, -2.230624633718952], [-0.42526306561771593, 1.1452044513414883, -0.5522683834057229]], [[-1.3553116812607526, -0.3384421231133717, -1.2946268621711483], [-2.5646131851950242, -3.0683990059364836, 1.1039046548110338]]]], [[[[2.5437961893726815, -0.6026714044737282, 0.5600779560084274, 2.3029543652239104, -2.892874545846098, -3.314535910531208, 0.08301173213271008, 2.5545049920617102, 0.4572298684831778, -0.9823499354393075, 3.172626833371656, 1.553428555993763]]], [[[-0.6011016425503829, 0.9766332504977656, 2.77386939263054], [-0.012244870361569021, 0.3917268384210571, 0.908543313525481]], [[3.198976673002922, -2.899522646186894, -2.624679665581093], [-0.5429900562094576, 1.6542287426950875, -2.645818990359441]]]], [[[[1.3404928700256349, 1.375870936809108, -2.744197314807956, 1.9930720013801029, -0.5082798767083374, -1.9244568785263965, -0.1348485075657725, 1.4187801796460648, 0.24393154686184018, 2.307800197367524, 1.0292862377294665, -0.8750474794998072]]], [[[0.6220768689283696, 0.7588427705384262, 0.09257858651582042], [3.0033639555515412, 0.9339395615141896, -3.1092666512747296]], [[1.1218361490722788, 0.49996173900246166, -0.7250100914026771], [-2.193339879064127, -1.9991934252757628, -1.3003819616820835]]]], [[[[1.3212651083646358, -2.4248983241749356, 2.3098106676669605, -3.007162672312115, 1.425691431058646, 2.1565424996341824, 1.3449822868620451, 1.2146928621642832, -2.7445632222325544, -0.611413931900912, -2.896569970335116, -2.4270890088891006]]], [[[-1.9454003131352202, 0.06618987589364168, 2.537091695476084], [-0.799694545781722, -1.6791207475601475, 1.801622384881619]], [[2.2063853629730024, -1.3845651622160176, 2.3017952085656592], [-0.08559442603640774, -1.8661404799146322, 0.045294521103804296]]]], [[[[2.1941385359543872, -2.079752097900065, -2.594133995313632, -2.1429500657784706, 0.8148230782096774, -0.5852200075792391, -2.0836114529980865, 1.9772589337567446, 1.1307470969220208, -1.3589461906225007, -3.193949439433665, 3.014259259129851]]], [[[-0.4696536898319233, -3.4381956454006506, -0.8887863575455861], [1.411962788430579, 1.5143868926284703, 0.7466190841246756]], [[-0.44391539635202026, 1.994847434172542, -2.4417952811085297], [0.2778375011404256, 0.42650735800654577, 0.07241158233820495]]]], [[[[-3.040125744518385, 1.2789895252339327, 1.010955827849202, -0.5891979180699383, -1.0569258856865265, 1.2924708521097275, -2.8319725277764145, 1.1759292131307229, 1.7465314029049162, 2.3976412100130595, -0.5649304871342617, -2.777413720583435]]], [[[1.0034960119792409, -1.09734909885051, 1.6233476636302937], [-1.322667956199565, -2.61863117569437, -0.5188662458594417]], [[2.8424870970466403, 2.381222413245288, -0.32427872539513425], [-0.6775992702628761, -1.7238008578819095, 0.597488331277598]]]], [[[[-1.2364248848302117, -3.1478536061985207, -2.6319983899497372, -0.7349076921470904, 2.775455354541059, -1.796168154590118, -2.896992796386495, 0.14332215177157673, -1.826420387490474, -0.5045803048743653, 1.0081409658296971, -1.8785576363161298]]], [[[2.0765589027883853, -0.6143848155442359, -2.7991227695125613], [2.8850451842649067, 3.034458675543901, -0.6026254183344015]], [[-0.2748457785784169, 0.230829658796761, 0.19819084047629776], [-1.6830818770386435, -2.3456571835645037, 2.5065627159057877]]]], [[[[2.4918665492555734, -2.577438223021525, 0.622371216650277, -1.64833286637648, -1.345428389597295, -2.6922978483328617, -0.9899307331890177, -0.8570087625639928, 0.6075126216877298, 0.9563749850111009, -2.478808428892377, 1.7827446010657713]]], [[[2.254546323275943, -3.664464834698483, 1.1054128527013853], [-1.0324889883612078, -0.08469148599973739, 0.6513589992642839]], [[2.3093379800451412, 0.527323511593223, -0.2732722407249404], [2.2105880079558466, -0.6463902928706478, 1.235681078384192]]]], [[[[2.529618408866199, 3.5367740813400506, 0.9679970343781633, 0.7520424000678307, -1.0773587739864892, 2.8788809003332614, 3.0755815656576737, 1.472368713798518, 1.411962081445462, 2.6011175614586626, 1.1266542906784864, -2.4636237269252503]]], [[[-3.101591105926021, -2.8171013485018155, -0.2294791051748452], [-1.1729145418087275, 1.839749478257931, 1.478191609478821]], [[-0.8629664280984706, -0.39656590024466265, 1.964073364186934], [-0.12586126962439056, 2.0316391306461137, -0.6523079440793871]]]], [[[[-0.5464303266212389, 2.8549569019662795, -2.452340578257998, -0.4562530961182056, -3.2689403713826195, 2.7815505934033897, -0.33407593179107004, -1.6809124882786162, 