{"noise_params": [0.0, 0.05, 0.1, 0.15000000000000002, 0.2, 0.25, 0.30000000000000004, 0.35000000000000003, 0.4, 0.45, 0.5, 0.55, 0.6000000000000001, 0.65, 0.7000000000000001, 0.75, 0.8, 0.8500000000000001, 0.9, 0.9500000000000001, 1.0, 0.2196699141100894, 0.75], "max_scores": [2.739967952531648, 2.63986478168511, 2.4513021253722256, 2.2570810696211216, 2.070278659936105, 1.3633242964316699, 1.6961638547281994, 1.162464657339463, 1.3165224924184276, 1.126871291828095, 0.9392808162098021, 0.7505578602540895, 0.5469890085035105, 0.31168550938937667, 0.16018918672040308, 5.551115123125783e-17, 0.1287769678840583, 0.25703837874212115, 0.46091954130750606, 0.5623160407681855, 0.6807848653991024, 1.9997435221796807, 0.0], "opt_settings": [[[[[2.260642149425591, -0.14201138721388862, 2.731498710726414, -2.7591650303207, -1.7368694770559736, -2.2545778884726855, 1.0813727625483491, -0.8291308409706847, -3.2320177147704614, -0.22869736473489674, 2.595884598436207, 1.1278594707001295]]], [[[0.15086927186726345, -1.1087150758173534, -0.8701452056775887], [-2.7537266554839905, 0.7495352352761921, -2.649797757962045]], [[2.692980013044155, -1.8431548816588557, 2.855552988920289], [2.9701833384294893, 0.338023946854821, -0.1274966722670987]]]], [[[[-0.6433327972813353, -1.5947751620005277, 0.21067144741193594, 0.9601379737832981, 0.02387328300460756, -0.27614079949631387, -2.7303745993632846, 2.7517486008824124, -2.3586653423448913, -1.0191471992296426, -3.6410864674798566, -1.5453088743740642]]], [[[0.342742647052035, 1.0933530168657875, 0.949984829720516], [1.456833748293251, 2.7962074435813817, 2.117736761800881]], [[-0.11381964864862476, -2.2913762335159533, 2.765307198715564], [0.17587515793039413, -0.5729366640981212, -2.503227609184675]]]], [[[[0.3622266340994399, 1.6170957530342887, 2.7439818308412502, 2.152695806957852, -0.027977465424146756, 3.1748324309216276, 0.6244511795766496, -0.7968804768914346, 1.31566999468721, -1.2940018455033906, -2.09198370637773, 1.05432375024302]]], [[[-2.4179986673629017, -1.9042061650526803, 1.3389450160571936], [0.9413491511866219, -2.0670660972706663, 0.09558200906274775]], [[-0.5236583480661072, -0.31501725752946597, 2.8484730207764084], [0.5613302227657262, 0.7681352779299082, -1.846404962932851]]]], [[[[-2.1607365541035986, -0.5750936764936937, -3.135691666998497, -1.9526288594700942, -0.7061500443083073, 0.500549203189359, -2.053397057019377, 2.1399706245570322, 3.0727844674311187, 2.7827591248158368, 2.076260059227924, -0.8092108337687052]]], [[[2.5088369749522137, -0.70833157502616, -2.0463692379958873], [-0.34838237254667, 2.268145246704759, -0.5753200989462122]], [[-2.393095921205622, 2.723776791456939, -0.9796052049374344], [-2.6063471445929443, -0.1538315212847424, -1.3438634219863854]]]], [[[[-2.350912943631945, 1.2156292218233558, -2.843220544237099, 0.8640334622252226, -0.6925466214931755, -2.390533338633401, -2.4707611937107448, -0.055586553446641214, -1.1260143922530745, 1.0772399462553919, 0.3345758174788482, 2.7041912690813663]]], [[[-0.03552978338529499, 2.620182560901063, 2.754484591933841], [0.5576436189608357, -1.6377283990863296, 2.369674770281325]], [[1.005328553089075, -2.976189247289281, 2.1276776408565192], [2.211922959443887, 1.7349940129383803, -1.5938915920270949]]]], [[[[2.2478180908898073, -0.2604347264488033, -2.497203434863312, -0.6502071463059926, 2.161271567763923, -0.4081491672940224, -3.1000588977931063, 3.2464427028153797, 2.768671304699343, 3.61059289029551, -1.0377590641402161, -2.3514304017700645]]], [[[2.7383698281705007, 0.00566036563035828, 0.8662285214112915], [2.841131774944933, -1.3680743251509369, 2.3487698236545596]], [[0.5054855274674709, -0.15204783608718797, 0.4204843183489899], [1.3527612232154256, 0.036042695299259825, -0.004354320719566693]]]], [[[[-1.988083138451348, 1.6707930173209375, 1.918133970585238, -0.7846196211366046, 0.5767759793736552, -1.8815052775643983, 2.211239032239609, -1.027186116499325, -1.6912912237276745, 0.2623490611479445, 1.5093574280194895, 3.1243180732916067]]], [[[-3.152561761950595, 0.6969528990483356, -2.2063132584273886], [-2.5056130467562467, -1.2783746805880618, -1.7255684078889586]], [[1.089982789672751, 1.7715245218634907, 3.1336008161829545], [-2.4242293987717405, 0.012442319065984222, -1.2427507698267708]]]], [[[[0.6410512104951707, 0.061895611108098575, -0.3815027395327984, -2.510090385674856, 2.3000157945080786, -2.4764626474457327, -1.2356216410913516, -1.6593795574925716, -0.6985228511687006, -0.070937456059444, -1.221324965197636, -1.5412612237041183]]], [[[0.2537543746632297, 2.0468336737590307, -0.3209170373055379], [-2.389407650802006, 1.4683945462297254, -0.20814507366229415]], [[0.15318988392382682, -0.260467867387529, -1.0518663777334005], [-0.9842203148813998, 2.522976841222858, -1.8025471476154733]]]], [[[[-2.710485424487555, -2.4070942110612035, -3.035249044120742, 1.333641985147736, -0.5168754213861176, -1.351557817696597, 2.6403498792252673, 2.2589274135416915, 2.6175301806094486, -2.2716565021533284, -0.8848922672347838, -0.8815071789936577]]], [[[-0.4900067024227379, -2.2501804309083897, -1.7737070649448423], [-2.7648046655394376, 0.937632107402909, -2.953185172059333]], [[-0.22738260459571402, -2.100158799085704, 2.0862260340525483], [1.0942919125072148, 0.4063939699113615, 1.147364735893361]]]], [[[[-3.062304224051198, -2.123606064715253, -0.992355178459629, 1.0477190268090286, 2.9866951492516622, 2.188781678322697, 1.3501169812833196, 3.581586765070601, 1.0704067878709815, 0.9159701096849027, -1.8689765349327245, 1.011149702608755]]], [[[-2.6850557300312006, -2.0939378235557244, -0.8577785878187898], [2.4547954354366355, 0.15831463560008718, 0.38316405286720245]], [[0.9648577503077854, -1.3817287602059647, -2.273551706972645], [-0.8379655362506447, -0.7701810968141889, -0.47379487999565706]]]], [[[[2.8610422034296183, 1.5958498381099344, -1.5451401034210666, 1.6916324568982546, 0.5906224742381685, -1.2253288795200372, -2.4849532332702244, -1.7589066618865157, 1.5304603852730814, -2.9191316245608565, 1.623480583283767, -0.9290503219467113]]], [[[-0.1414318298601571, 2.0993810403792934, 0.3323155592511151], [-2.6538901849931915, -2.865631228819173, 1.7913677857455017]], [[0.3927105798208384, -0.08980384654527539, -2.668594908420523], [1.7750973745868075, -1.4953242953650123, 2.0737876145072844]]]], [[[[-2.7483125441837375, -1.0998786575077268, -2.4869838649646088, 0.3435382788078436, -0.3843496698257426, 1.5994353589265484, -2.2200008753570373, -0.5892875307844275, 0.9343281940846464, -1.117552074671742, -2.093102542371612, -2.258372835430068]]], [[[1.9968322612891258, 1.1242501275111254, -1.4430751203622298], [0.5046844812509935, 3.0925566879476416, 2.6773907375617805]], [[-1.0579049177140267, 0.9370298921999444, -3.0118582568281766], [-0.666692203287161, -3.2742907836628654, 0.07259390013268742]]]], [[[[1.0505756723394208, 1.1797051737558188, 1.4084101615988798, -1.8591552560940374, 2.90979758406179, 0.05798564030819717, -2.5922017471245797, 1.7114738221381325, 1.8490986232047513, 2.170528076421394, 1.9921086970884991, 0.424937768316492]]], [[[-1.9332218498282847, 0.25266645462791104, 1.8116939571354118], [-2.5536527386485752, -1.9026882470500897, -0.8304070429468773]], [[-0.8185694231531525, 2.4116915601167452, -2.2627259259235184], [3.0264500921140693, -2.737416351165904, -2.16459200322724]]]], [[[[-2.45047180032605, -0.6534770438553894, -0.6517755352482021, -0.5229285979488192, 1.6082298017930088, 1.9673069960683176, 1.400686722896174, 2.8602002786497915, -2.438454879497401, -0.9458997614269518, -1.0175608632102253, 3.01708288885579]]], [[[-0.03890068744090695, 2.9625495465542153, 1.6693112404275263], [-1.6184738546951583, -2.048795692194405, 0.6678603288919001]], [[-2.5713368752391874, 1.089142847700091, -3.1207898234701292], [0.7782471421061786, 2.1970995876136667, 0.5354642659046762]]]], [[[[-0.9796909535677232, 0.5774518183177252, 2.7206685696471897, 1.0975633238896023, 2.614891106796231, 