{"noise_params": [0.0, 0.05, 0.1, 0.15000000000000002, 0.2, 0.25, 0.30000000000000004, 0.35000000000000003, 0.4, 0.45, 0.5, 0.55, 0.6000000000000001, 0.65, 0.7000000000000001, 0.75, 0.8, 0.8500000000000001, 0.9, 0.9500000000000001, 1.0, 0.2196699141100894, 0.75], "max_scores": [2.8281122572941015, 2.224210263337285, 2.4512953654907657, 2.262741664906129, 2.0741758078615877, 1.8855456901923697, 1.696991028509447, 1.508493139084229, 1.2265212364279812, 1.128180112810711, 0.9080068782104411, 0.7439636055815942, 0.5445189226611441, 0.27421809524475593, 0.12439599734106649, 5.551115123125783e-17, 0.1627113423811537, 0.3051048950834869, 0.5617041769200839, 0.699735060663204, 0.9425605759666391, 1.7076995993399733, 2.7755575615628914e-17], "opt_settings": [[[[[-0.6175082717140397, -1.7453343124248306, 1.7999463903309378, -1.5810258099843055, -0.22773626390530233, -2.5948946008416294, 2.113198360702974, 1.2848729165715211, 0.024415029559976247, -1.931215212853906, -1.0266134028202034, -2.9754268265811064]]], [[[1.2007854546256758, 0.07525866049387138, -1.7730328447335728], [0.7546288852131752, 1.9101899925751855, -1.1016065248228166]], [[0.9625582615883135, 3.4261260299702285, -1.4074989989484668], [0.8645479126480506, -1.0294671767455, -1.4389653664577342]]]], [[[[-1.4756020915999215, 2.711080157322694, -1.315059124209403, 1.7759067926096552, 2.1362799196449744, 0.20537306047718074, 2.1557954966277864, 2.7984249033733817, -1.8888229441062616, 2.597868332963723, 1.96190264897386, 2.514447486734843]]], [[[-3.750579204964061, 0.6700736355988076, -2.8620753920929585], [-0.40932628537367777, -0.9638253053594708, 0.7503049778564646]], [[0.0004471055500245569, 1.1223218278632114, 1.45655758756451], [-0.588689786912259, 1.0238845521239632, -0.04961318885675242]]]], [[[[1.7193873393465209, -0.7751771628974118, -0.8028397755014208, 1.2174392030219137, 1.378368578171111, 1.6387148291633213, 2.6151254836377382, 2.0989616448042, -1.6541894773336245, -0.6785845715053098, -0.2218139223693628, -2.5158318700835576]]], [[[-0.8641537672059619, -1.941706406128358, 0.3400663693229542], [-1.5820531969787919, 2.1596690534994574, -2.949770129209873]], [[-2.3179921617924544, 0.769778560071319, 1.714075570052226], [1.6825596638526155, 1.645722323497996, 1.6388163569761325]]]], [[[[-0.18327672753414384, -1.7062705546679175, 1.440150477660955, 2.174266773616999, -0.06288481799298004, -0.3162610261817245, -1.442533405107357, -2.5337404471374194, -2.3771015700148896, -0.8291941841118746, -2.6798788011781522, 0.5528936327551938]]], [[[-1.2613833268642516, 0.36312158960930774, -0.4243934457352232], [1.86211416857058, 1.2976217410450068, 2.3559268533854256]], [[2.1038661161357837, 1.4267411190743582, -1.3319462563168338], [-0.3573229777762686, 0.12021946867578812, 2.846034040709988]]]], [[[[0.27653902535560165, 1.500881117345709, -0.5978967017419183, -1.8250462892561201, -2.300602356865021, -1.5910972422004621, -2.3172451162028818, -1.0317899590238078, 1.0629232240008082, 1.8798831112904117, -0.024851980360421085, -1.0865617711236641]]], [[[0.8096835654291339, -2.3749578304974026, -1.65510338906097], [-0.3863791210353334, 1.4696161467768563, 0.25596590853286694]], [[-1.052247211634258, -2.1988784675844686, -2.293339940892608], [-0.9435585887768936, -0.3566132711749342, 0.8166496283002749]]]], [[[[0.48118105949339846, 1.547429545025266, -0.23209139773909138, 0.8357886063320983, -0.1709403435003808, 0.6420956327698781, -1.1163439591054756, -1.0135992959430569, -2.0614883528506835, -0.6861193985541035, 1.8037686965294275, -0.1884085583098369]]], [[[2.7882741130398125, 0.5513068966657998, -2.981477941908346], [-1.7358881698257405, -1.3287925795356532, 1.1279009223121248]], [[0.5258004429674065, -1.797618128279542, 0.43042504648041646], [-1.6164397455978363, 0.16686585347473296, -2.73231352340753]]]], [[[[1.3955320555261226, 3.4964066295909753, 0.09393086512834242, -0.4074385634619375, -3.3292151376545216, 0.4455751601327719, 1.0192051982996944, 2.75230041906927, -2.403475216443516, -0.5871514976938073, -0.116863997463353, -0.3263377975823767]]], [[[-1.6263245677294254, 0.7617123705272968, 0.8606426786456556], [2.6647775830866554, 1.821057130520502, 0.9183550642447083]], [[0.6539374836183687, 0.6773453917382618, -0.015232412130860675], [1.3046029870763365, -1.4395370944018047, -1.359060175889072]]]], [[[[-3.024708868246916, 1.4554037513417653, -2.6527394181449484, 0.054060288981386116, -2.216773817193002, 1.586709634690994, -1.8165947828104205, 0.1424798670806547, -1.3054200047459295, 2.2532924081761228, 0.3734309818543313, 3.0740196974507032]]], [[[0.9664360642901112, -1.1104374071543566, 0.7389061605146239], [-2.01924925098406, 2.5660461853861896, -1.2313525237852971]], [[-0.4077646007093367, 0.8772292617827325, -3.00889920164916], [2.150557702769348, -2.227167877922081, 0.4927844369839929]]]], [[[[2.2942580354160347, -1.6266715863267858, 0.4766901355070501, -0.6902579357995156, 1.6404617914142599, 0.11110543680956594, -1.4760994985122162, -0.9022597299051079, -2.6154125055250446, 2.6282091811667465, 1.9685300061443136, -1.7060044202608382]]], [[[-2.3101860353842385, 2.108655682886567, 1.533767809815858], [-0.013254715711761879, -1.864998945923431, -2.0364404089274837]], [[-2.258635059754776, 0.6497487273473571, -2.150082671643479], [-1.0007531589365046, 1.0009645303395116, -1.8732255644540634]]]], [[[[-0.43068223905197733, -0.3306385824176071, 2.504073569439756, -2.1067362786786004, -0.17749963273790445, 0.6952701286541352, 1.8292920645596968, -1.5919452600809232, 2.925202205314644, 1.6584777031417504, 2.5946111893662356, -0.10089875969815948]]], [[[3.1506747733905858, -1.3886895103173598, -2.7276431018862595], [1.723087955265495, -0.649237672811909, 1.8668254699801308]], [[2.522505092676037, 0.39163785277472085, 1.488582985634527], [-0.8927036634780953, 0.8059846561448895, 0.7212269977512777]]]], [[[[2.937293123643557, -0.5365930725233782, 1.8977438856030524, -1.3127749803802302, 2.5190695159860024, -0.45363820729518206, -2.578984280234122, -1.61753851321227, -0.14086133716685006, -0.38709775358000686, 1.7119310620742876, -1.6150963537839391]]], [[[-3.015081505237708, 1.4440027805809224, -2.4227808517190796], [-0.48294659162661147, 2.684979281984388, 0.6236530864458794]], [[-0.5191983324646366, -2.8481017470087306, -1.6703637857192313], [-2.1178539386358533, 0.4694196880549748, -2.086670221525762]]]], [[[[3.0495357725017893, -1.604909494937798, 0.31162751725968674, -0.4326772993482644, -0.1535644163139255, 1.6488654513570813, -3.028972144504838, 3.2046297396433667, -1.040828779590037, 2.80473793008932, 2.0133085426154, -2.6275719605484245]]], [[[-1.8604000437623, 2.4359704527051513, -1.9863255854719564], [-0.07213918409699617, 2.13272707350198, -0.5701559285755096]], [[2.1222689844607427, -2.779984951244105, 0.13430129355532738], [0.09351842742282343, 2.8895983683070243, -2.3386395083149205]]]], [[[[3.0052942452248663, -0.6074845984670646, -0.7427012785185679, -2.0006552109234823, -0.371016612902862, 1.8428570817922072, 0.7303034626004683, 1.0914480727835085, -1.2301023540163083, 1.644985202822962, 1.7294753099419609, -0.7416344769898385]]], [[[2.992644011794455, -0.24128991137423259, -1.897626540719398], [0.03629588493162401, -2.0894456172328524, 3.0357023757064816]], [[-1.5971054347224094, 1.5841871893518562, 1.6790179212059408], [2.4846192445737008, -2.8366389984065856, -1.2402571937294484]]]], [[[[-0.2924857686933584, 2.941670425146654, 0.7387686544541822, -0.4601399665763779, 1.03658604694697, 1.1354673250543148, 0.09890264278702607, -2.1738058501929207, -0.09367190160242839, 0.34415288561544577, -0.7083723838609931, -0.8035112375357598]]], [[[3.1443296749726333, -2.6407589077660774, -0.4056545646664893], [-0.5603010547631837, -0.9702150301779563, -0.8748015653009849]], [[1.802309859204581, 1.2282188149257804, 1.8328044742899117], [-2.709531624502948, -1.136561062365635, -3.127818753031516]]]], [[[[-0.662261086694286, 2.6633128436456763, 1.1145063982061942, -2.854535258148302, 