{"noise_params": [0.0, 0.05, 0.1, 0.15000000000000002, 0.2, 0.25, 0.30000000000000004, 0.35000000000000003, 0.4, 0.45, 0.5, 0.55, 0.6000000000000001, 0.65, 0.7000000000000001, 0.75, 0.8, 0.8500000000000001, 0.9, 0.9500000000000001, 1.0, 0.2196699141100894], "max_scores": [2.8146953945148994, 1.8850563480422358, 2.4503907005049896, 2.262712673933023, 2.073825113565085, 1.885544325684296, 1.6723558813012995, 1.5081381495546726, 1.3194942939453242, 0.9812404586819572, 0.9265941750505913, 0.7367919385714655, 0.5431626658147203, 0.3460116287039837, 0.11695630084771383, 0.0, 0.1493551748254116, 0.30083187687886637, 0.5633530328819778, 0.5775556216110278, 0.9126571555067284, 1.9999241122361644], "opt_settings": [[[[[2.8446837325179537, 1.5399943566801055, 3.1938360131239873, -2.342194112874966, -2.404909448145857, 1.7086526524725938, -1.2050954776944651, -3.0242714497389396, -2.2374386132705606, -2.3418675414968155, -1.8287872500013465, -2.2396526082917037]]], [[[-0.7558929959038461, 1.0712642668799295, -2.5675423052581356], [0.9857971730784523, -1.84819376671024, -1.2320379819449507]], [[0.4292690082008898, 1.8474728004343832, -0.9275841601092503], [1.9590589629185793, 0.3003647465759863, 2.3526444259243116]]]], [[[[0.03090599886054779, -0.09024100399277202, 3.266895714189462, 0.742702039044338, -0.5190557587509509, 2.0847953675219197, -2.33650126301542, -2.2200665409298534, -1.109251754307706, -1.6932958921664416, 0.13931177966798583, 1.024708278241685]]], [[[-1.557926908206233, -1.447034989941666, -0.761077342734577], [-2.0367157979495882, 0.8938732176282225, -2.21853791671058]], [[2.247790805250633, -3.1542242163344976, 0.3549329321761272], [1.788705880684236, -0.4367231793428854, -0.8714834550361417]]]], [[[[-0.9391541525393208, -1.7276550886851287, 1.8591721744821643, -0.9293753328650123, -0.2720876436230206, -1.318684442263285, -1.442336451419729, 0.5558804704174135, 1.4941437800545283, -2.806857080782512, -1.805236158650185, 2.0440236640276264]]], [[[-0.6859598152910221, -0.6178723381872241, 1.8704566144782806], [1.9254888992151042, -0.045472098597648086, -0.8491500402937486]], [[-2.22327560844253, 2.106917461750943, 0.8753390830191652], [1.6161529691692262, -1.880864900299439, -2.074594358682954]]]], [[[[-2.9350024122963982, 0.8508496704417684, 0.8346755753831568, -0.15007743618745062, -0.5247004281501673, -1.6764075521116446, -2.7067281910204333, -0.21532707437538032, 1.3735614426343796, 1.6955589067300876, 1.292660036412568, -2.3728730938154676]]], [[[1.807018084169081, -2.807966476211201, -2.9174534287307323], [2.668596204064228, -0.6959034057068048, -2.333753856291507]], [[-1.8289118631128398, -0.6572297321908489, -0.12294298501728558], [-3.4658383517276197, 2.377289490676779, 2.4743185281698183]]]], [[[[1.6730629505872292, -1.1095241167983212, -1.7547993715622607, -1.8450078403021455, -3.0438676035852112, -1.3622407780345624, -0.5178145586945097, -0.5840447200034053, -1.062816423812536, 1.5365122452254385, 1.4786563192606907, 1.8761921920778688]]], [[[2.519256367806847, 0.13665539229761345, -1.7412873213878914], [-1.8652220289481267, -2.717373989683658, -1.492484322948522]], [[0.2425095444213276, -0.7138777934268304, 1.6963432006836987], [-1.3590303519923694, 2.16016634583066, 3.1210226103873344]]]], [[[[-2.5974842182727387, 2.4687324829865864, 2.6719898044261563, 1.07172087397504, 3.1137859968086454, 1.2936236702865864, -3.0812520891011466, 1.556096249426732, -3.138296713037151, 2.3267496939843717, -1.1961783346681072, 2.8678621072427024]]], [[[-0.050221556381323834, 1.2846638382207063, 2.4104120268918425], [0.12899739784429382, 1.960158541013831, -0.25625924537928313]], [[0.28698318914726545, 1.9690575169251376, -1.8692399688124643], [-2.281348414067553, -0.760453776853445, -1.323222888122731]]]], [[[[1.948057885386917, 2.7711189147610273, 1.8869635923920218, -1.6390152907000772, -3.0632675428452734, -2.995254358455175, 2.5710401101627998, 0.5848230247560215, -2.457044186879393, -1.8301420110394646, 1.55461600808118, -1.907425279731162]]], [[[2.5006568814918135, -0.538002381223277, -0.8237868502384282], [-1.3584851542713312, -0.1483602171779882, 0.207884239586289]], [[1.9284893852260576, 1.5373987467090915, 1.4334236019131081], [2.4329766632473575, 1.421269535769918, -2.0525214258450157]]]], [[[[-2.780952937404937, -1.2806609320099616, 0.22711932393148823, -2.8405803113367294, -2.5795772447272944, 1.6593392095131667, 1.550773164468687, 0.8867836922100313, 1.1344170582981785, 2.8038927566567406, -2.9326091333523583, 2.333045642687825]]], [[[2.3859166131025478, 1.6031008182093451, 0.9293283386242273], [0.47035261162352043, 1.531998650769833, 1.0752718734006077]], [[-0.9052714685601088, -0.16943895000877207, -0.19186751013783176], [-2.664927661337735, -1.198887946005923, -2.885472956339588]]]], [[[[-0.8543904783167648, 1.4800076552484749, 1.6574148030122493, 2.4271378484968693, -3.072975690536749, 1.8896354301092169, 2.8693817209053214, 1.3098069448928478, 0.6066919348408761, -1.6178936177404744, -2.0681370392402667, -2.3160157906302237]]], [[[-1.6193369783112437, -2.780231801509283, -1.500083617403513], [1.0844299178862744, -1.7731327496175844, -2.773173696042197]], [[-0.9099287535155498, -0.5683339192814726, 3.1225955829922984], [0.40912490957602726, -0.9546582258631764, -1.058363973536177]]]], [[[[-0.7714847051681355, 3.176455979492822, -2.9205535160274745, 0.726452852365306, 1.1227789148291991, 1.6329071362790673, 2.022813133579885, 0.6972258842484729, 2.580895630808548, -0.6307712937558163, 0.7946123644937113, 2.937903723885911]]], [[[0.6049841383336131, -2.38100022738807, 1.0551002417152366], [-0.9935602117888389, 2.570454030974489, -1.749276538395153]], [[2.640528395833716, 1.504063141351836, -1.2889262475661372], [-0.9446315222488385, -1.2039055918587227, -3.060659126309095]]]], [[[[-1.5382070915352621, 1.9805896005093302, 0.6503288412057335, -0.8848562893336358, 2.805039706764919, 2.0841585523317954, 2.7404533637674686, -2.7451570209023393, -1.5089152873495835, -0.7263204017284054, -0.24311453231608549, -2.4900042974957177]]], [[[-1.5840203604064687, 0.1540920719214096, 2.3780983489525953], [-0.39297871994875433, -2.168907136472822, 0.1642901575742837]], [[2.1929735333649814, 0.9365079682832027, 0.32461078929265064], [2.5444120858324486, 0.4615929395104967, 0.4990253245811025]]]], [[[[0.6086881145568248, -1.3379358513105053, -2.7165435270342964, 1.6752993814413095, 0.9520028662222269, -2.5216163901162734, -3.213276040986977, -0.7277364400145807, 1.209553899240049, 0.7644276030121006, 2.0890531344663037, -1.5598313636462315]]], [[[0.30511409892327107, 0.16399464637606218, -0.3327956774136487], [-3.2151214596688003, 1.7610556268950845, 3.0911698687968077]], [[0.6368637306653807, 0.632326724549447, 0.9198752279686531], [1.9177182241829125, -1.2080154035952733, 2.983776247967209]]]], [[[[-0.03965380478611678, 1.0795551711480116, -0.7671211139807498, -2.7617365583570836, 1.5776622893962546, -2.29402685010058, -2.847052566129383, 1.9710025713306263, 2.7367430261392602, -2.0377351218420645, 0.6317427673800304, -2.3986946577427175]]], [[[-0.18379159381589372, 2.034663854720104, -0.6147707501679109], [2.116118602538377, 2.1519993784199487, -1.3666505234281]], [[2.311747924461089, 0.23127666090342933, -1.3492968975425397], [2.7385351725584925, -0.016327284581149248, -0.4332847064487382]]]], [[[[-0.04570416418855625, -1.5989451078253358, 2.811921766073024, 1.7513590938057462, -1.8013371353834848, 1.1995927725005389, -2.746353153855319, 1.89294650356649, -1.9462368946121136, -2.5646039460493406, -1.0317416148419767, 1.663953806348197]]], [[[2.7426841016131798, -0.28167648239290893, -2.03318575480932], [-1.541686916888001, -2.780470861808187, -0.43058371932619366]], [[0.43250883231567494, -0.5347818776790778, 0.7221189153684726], [1.5553349769659075, -2.348838747099153, 1.4729184706144247]]]], [[[[-0.25248466812565784, 2.841411865005762, -1.1118145416627263, -0.8238200235573179, 1.8411185366995406, 2.8034334724142953, 1.1624458488859408, 