{"noise_params": [0.0, 0.05, 0.1, 0.15000000000000002, 0.2, 0.25, 0.30000000000000004, 0.35000000000000003, 0.4, 0.45, 0.5, 0.55, 0.6000000000000001, 0.65, 0.7000000000000001, 0.75, 0.8, 0.8500000000000001, 0.9, 0.9500000000000001, 1.0, 0.2196699141100894, 0.75], "max_scores": [2.828408205773811, 2.6398649080405, 2.4513005468903426, 2.2627412414894676, 1.6225140703856957, 1.8855998819168887, 1.6968249431623674, 1.4938290046251956, 1.3125932432381453, 1.1286425079401077, 0.698328643425635, 0.7500324672856299, 0.451026542603521, 0.21372404005910672, 0.13061459654691274, -2.7755575615628914e-17, 0.11553693386152117, 0.3407400494553774, 0.5621708671049293, 0.729132586119286, 0.9232542724188604, 1.9999983575499536, -5.551115123125783e-17], "opt_settings": [[[[[-1.228434340552297, -0.26671563023412875, 2.5871224133586965, -1.0910080553857209, 2.9536001968746444, 0.40734119538315106, 0.9412783108266779, -3.236246983549024, -0.3785222767594547, -2.8394298153367865, -0.7477974179412651, -2.239638272882821]]], [[[0.9046952097112139, -3.154722895713944, -2.089198585782909], [-2.424434927252666, -0.2532822870003172, -1.2476233250410338]], [[-1.5693347424248925, -2.6042045742635915, 2.3951051612707888], [-0.6513941152046491, 2.509212157319737, 0.16299596658776044]]]], [[[[-0.3710217895185771, -1.534126568323946, -0.3108377377183844, -2.763311287656117, -1.0443909486193792, -1.4899175619445117, 2.269431911213775, 1.5727499321669147, 1.292684651115499, 1.5850509253340417, -0.20887631921954572, 0.29376886032172167]]], [[[-2.2884540774725277, -1.5857239761172346, 2.785947746308735], [2.7233466913455695, 3.113368266753575, -2.9544148704523576]], [[-2.1112894267782214, 0.10749375857140187, -1.002566518637316], [-1.3487554000799844, 2.039569811888142, 2.5493057606991867]]]], [[[[-2.4330184089407436, 2.1072705780253855, 2.8709212645636795, 0.9079801510689398, -0.4641071950734791, -0.31823568229589383, -0.1490440453096847, -2.381231123114708, -2.6578865741818345, -0.08061650810697366, -2.293264745556853, 2.1845468743066365]]], [[[-0.4220036278087064, 2.6322087119339295, -3.005592691296257], [-0.6827258327233688, 0.36877086188249364, 1.251448206670295]], [[-1.6394924789283973, -0.702008678540655, -2.429050260987926], [0.746822440131933, -1.5173100692928507, -0.12776994625442079]]]], [[[[2.693738859306138, 1.4460964103666063, -0.08712407475210411, -1.9421250615415244, -0.14010141114878197, 3.137931314717958, -2.475933295174565, 0.5423264205673138, -1.5035785671881146, 2.220637309414561, -1.6286443919821758, -1.0807759666993975]]], [[[-2.8465056437326273, 2.2532344415917525, -2.850121575019932], [-2.573494068695552, 0.13029045295184738, 0.9358474624858637]], [[-0.2656881701482749, 1.6645343880370858, -2.3153915268778116], [1.874059979778081, -1.0983917906252123, -0.3838031997386606]]]], [[[[-0.7469817175110434, -2.2790128995820464, 2.609378372982086, 1.357063360532373, -1.2296662015874362, 1.996009782885241, -1.7484198152886514, 2.60657172474416, 0.3543319674909099, -1.6959552514681568, 0.9477998096170714, -1.1263279367369576]]], [[[-0.984260620042642, 3.0932998471579904, 2.544387325059123], [1.9591994029588498, 3.128110560920148, 2.9486975347345696]], [[2.0268725427323506, 0.878032652985505, -0.3448017811463773], [1.37895247872459, -2.3452335499766814, -1.1361303846665907]]]], [[[[3.1350032422159675, 2.0099362072556004, 2.1403440076570672, -2.234702514567876, -0.3207784131250414, -3.0954513610096024, -3.020805703851319, 0.850601632022286, 0.3145382221497889, 1.2618559194243864, 0.5759478039693893, -0.09240095853698303]]], [[[0.5138316770878129, 2.5790955658552077, 3.1004734818753183], [1.4243036597628558, 0.37930624464798013, 1.2075490080284945]], [[2.165306539302262, -2.3044210185619796, 1.299470154694724], [1.9187693376957464, -3.4102002246033445, 0.39071087887026845]]]], [[[[-2.2544742441452064, 0.5693956059250934, 0.16035420486581647, -1.441165822566319, -3.2051109721035393, 1.614420265994078, 1.9329483748692204, -0.3428359492652664, 0.1576116553121173, -0.8294136948636142, 1.3298686457626314, -0.7275588216242714]]], [[[0.34934877732332975, 0.062231093992486684, 2.469308679998184], [-2.7007864793438197, -1.2831278972439524, -1.266743315131116]], [[0.8403955023770475, 2.3446357448109145, 2.4898547310029198], [-1.0415305562441786, -0.3266205736625497, 1.4586679470895882]]]], [[[[1.7239032842165551, 2.426631069136598, -3.004539035352509, -0.18934875456035763, 0.5210770851110099, 0.5742621459095857, 0.2681902435946821, -0.7086526755632584, -2.781984261157501, -2.927553849107836, -3.595315700600267, 1.802785111090023]]], [[[2.8200797288468884, 3.359592365194968, -0.21437166678941283], [2.0879396910555386, 0.6912574740521756, 0.06618755411357921]], [[-1.6381628998957825, -1.0115866795425537, -1.907409750824284], [-1.5815804962214097, -0.07296287683818352, -2.0077477886737736]]]], [[[[-2.3583386228498933, -2.0000927532788544, 1.6045173568145676, -3.098363487593902, -1.6895100034107478, 2.7189430008525353, -0.6064307410854467, -1.9407866419855493, 2.9805458227621977, -0.6582108970703701, 2.860414476329334, -0.6045787051704636]]], [[[1.263701184864326, 1.927879861079666, -1.6135157072206834], [2.7461545858154266, 1.8681189965573077, -0.684986673433758]], [[-0.24584060194044313, 1.3739312278154403, 2.4639318764269085], [0.1683337978410287, 2.006161665232419, 2.9764640248372043]]]], [[[[-1.3578021320326243, -2.792723682121975, -2.5842621233674867, -2.507106246815324, -1.0328400326264937, 1.594829384163964, 1.855264569641429, 0.9866411674827601, 0.9189376081477745, -1.3056378985102668, -1.463880895473568, 0.9433806949449325]]], [[[-0.9412006665953325, 1.6914811480502878, 2.1713364366048484], [-2.870830090931756, -0.397494839253285, 0.4559175988027975]], [[-0.75347728726786, -1.8912993414066173, -3.112357839952539], [1.2734519466387122, 0.4714191726955694, -1.7440543485800382]]]], [[[[0.07954458115731221, 2.36488758725482, 3.0211217197787623, 0.5572469532498765, 0.5233208492265663, 0.25359846577052775, -1.036267961811104, 2.72962084692545, -0.06294747239555545, 0.8117269452773195, 1.0813715522593565, -1.9796373894415797]]], [[[1.9771209951644353, -3.03985649695278, -2.5220464615728266], [-0.36077102879406703, -0.12773878416085924, -1.9000974454788915]], [[-2.2206609753884803, -2.918360466574487, -1.525670369985983], [-0.9066485946686003, 0.303985912659964, -2.642614408297826]]]], [[[[1.6779634702401092, 1.604182419469628, -0.5904614565799627, 2.257872533001658, 0.10542820249210981, 1.00976732683176, -1.5403430400300062, 3.076278249823795, -2.3994765675210683, 0.8701861484141985, -2.387339881104278, -0.6990795391806319]]], [[[1.7802539669474275, -1.9808845946745512, -0.31006314104154553], [0.7552731852875583, 1.0745679598952713, -1.2648677192232378]], [[-0.6241231628892051, -1.8816147284865037, 0.9543436360821165], [0.015906961576492785, -2.5618068761170227, -1.024840585284133]]]], [[[[2.5985751822856473, -0.5708398973001684, 1.5266268714638829, 2.3373315732376057, -0.6287450747997627, -2.603105443603366, -1.385411429669697, -0.22400722426131323, -1.3691246045929057, -0.9844124443646598, 1.7883301885946592, -1.3282657442014278]]], [[[-1.624571358519893, -1.4255201995475266, -2.136515373018774], [-2.6939051604297717, 2.2588996549936047, -0.9295146865901542]], [[-2.1056128769572813, 2.4351469466906845, 0.8721661131278484], [-2.5330382128783437, -2.634502055946664, -3.1148681805847915]]]], [[[[1.00586313994281, -0.23060474186073596, 1.2731819839773801, -0.2057042098504489, 2.606101077155708, -1.4216690850001639, 2.7724615584966874, 0.16596906716124254, 0.5064791465259157, -2.8482126974354385, 0.018236206635020284, 0.9036546598694496]]], [[[-2.726657440174178, -1.3729958587580748, -0.8038052869979078], [0.7685760142520586, -1.0242172537076837, 1.943465522062743]], [[2.6742270736659766, 2.178060693250834, 0.1945616406077435], [1.7850297378567086, 2.545515769031935, 2.9351182021368443]]]], [[[[-2.494447635413505, -2.0179376532090703, -1.0360907328036577, 0.7859682602004683, 