{"noise_params": [0.0, 0.05, 0.1, 0.15000000000000002, 0.2, 0.25, 0.30000000000000004, 0.35000000000000003, 0.4, 0.45, 0.5, 0.55, 0.6000000000000001, 0.65, 0.7000000000000001, 0.75, 0.8, 0.8500000000000001, 0.9, 0.9500000000000001, 1.0, 0.2196699141100894, 0.75], "max_scores": [2.828427123726933, 2.6398653158350607, 2.4513031972042487, 2.261984571368264, 2.0741794926114987, 1.8815960461909331, 1.2072414217674516, 1.5084906439126822, 1.3176956194347276, 1.1313188432922734, 0.6662906924601518, 0.7416566269049951, 0.41730554319788377, 0.3439516211496415, 0.11692901819585683, 0.0, 0.15110170447613475, 0.27141232014988637, 0.4245070747597294, 0.7515117533719401, 0.7823644077807594, 1.998834152398682, 0.0], "opt_settings": [[[[[1.884644482842031, 1.6009765301829817, -1.6121198661650658, -2.3950552968896504, -1.5314261027514444, 1.5422084228519817, -1.4915808308951632, -2.4915393976071334, 0.3608395861338759, -0.032976007557183634, -1.9681776831774995, 1.6112348390195321]]], [[[2.8157121076649636, 3.221129549508671, 1.2132799030142305], [-0.20097756449633766, 1.3119989251172615, 0.33330684501326413]], [[-0.04375354262495822, -1.9735339882715104, -0.6176822584578412], [-2.381194022932798, 0.4803191656703948, 1.3156352475499329]]]], [[[[-2.208889882393133, -1.661401306807252, -2.4016253696273324, 0.5289413359212229, 1.5548432909406087, 1.605053971099132, -1.9217999216776924, 1.3831959532106113, -0.14119330928775625, -2.6199315989315624, -2.573625552108628, 2.723405614558273]]], [[[0.6439392534976337, -2.9640804864204227, 0.08128499350484564], [0.8072629235232629, -1.2643064564184514, 2.9012407012597228]], [[1.8994480821215805, 2.0859200472945956, -0.9871386327689815], [-1.5547096312980688, 2.540221745544596, 2.686842186225925]]]], [[[[-1.5547328220764172, 1.5776748553084072, 1.3730142162557675, 0.9314941061445507, -1.4553300238566387, 1.4803910683069612, -2.337683001016998, -1.2307479633185272, -0.6814030819609149, 0.34589201902208605, 3.146354699473531, 1.3875836318384462]]], [[[3.1460281969776887, -0.060574124694944734, -1.2751632204006176], [2.953569856329221, 1.1687166011781662, -1.4816709235542591]], [[2.102172680362688, -0.1305556168192277, 0.5908803534199745], [1.3383138173595106, -1.8907773351772754, 1.2282494100302044]]]], [[[[-1.4610388082708183, 0.48398666559036385, -1.5653533542204086, 2.418584035909113, -1.4094884165449701, -0.9091335583759568, -2.2971206559946706, -2.7940037394645136, 2.4027764406863357, 0.9948762634961011, 1.453946579750861, -1.8297756046121065]]], [[[2.405234257315714, -0.014886380099085288, 3.058788605391185], [0.41907068425209326, 0.7642003662164554, -2.9974500252950027]], [[-0.7036253144975327, 3.2610161075971664, -2.7766221406807956], [-2.43939619499936, -1.3615301480149176, 2.7687098801708565]]]], [[[[1.2477429646449618, -1.8522993545026987, -1.8474481428761813, 1.1719334126801044, 2.0997943952112497, 1.503094205721987, 1.581706261623826, 1.0631963857378155, 0.5592475883949105, -2.682159877235051, 1.7662846866008628, 0.8020956896093903]]], [[[3.110367662168667, -1.8759410802979317, -2.8579992745885], [1.6945329365244672, -1.5842902481008267, -1.9846331436235594]], [[-1.299902490437917, -1.2463092151533812, -0.09940440829851041], [-0.18271730172936673, 1.018182589906862, 1.8036530457574171]]]], [[[[-3.0013519863448384, 1.941667824370216, -0.2804539435025321, -0.0025965068539744256, -1.1510996694535052, -0.4551544020643255, 1.4780266383596385, 1.26613279700855, -1.1617071168217885, 2.520648881598519, -0.9118348986665145, -0.39941791088322]]], [[[2.400871427598924, 1.2396918376867432, -1.215132386221419], [3.2753351982604246, -1.240416774669017, 1.7164261472469136]], [[0.8383054313258734, -0.495805988126329, -2.083700663846905], [-2.032232981208988, -2.244709104785033, -2.548956891821449]]]], [[[[-1.3489827438950186, 3.2379605162704364, 0.3924856484818246, 1.5552132001768566, -1.8619295372682891, -2.522417468149505, -2.676130421446344, 0.8471035578564773, 2.3254225332031675, 1.808888221144781, -2.679320648475444, 2.7699909168577115]]], [[[-2.420295076952724, 1.704659538374975, -1.6011650873454712], [1.5600573632833714, -2.212593753060454, 3.0541855891603946]], [[1.4541226023275522, -1.759859310919983, -1.233726834175522], [-2.9008858630165504, -0.26603122811973745, 2.326568590948299]]]], [[[[2.111998688759889, -1.6895783447844097, -0.8448714772412814, -0.7908971568845087, -0.16493870187512755, -2.9384153225831358, -0.6292796819089681, -0.9317828434192191, -2.3353890408665046, 1.6513486275945497, 0.21550902740969097, -1.6421779106492445]]], [[[-0.8748269676886954, 1.5471067021623244, -2.3296419161530517], [-2.400186079267133, -1.5827303504939594, 1.7267922168607193]], [[-2.457467309738442, -2.1854753430803857, -1.1936116041149893], [-0.7596887164345244, -2.0306687837149755, 2.9357460084373246]]]], [[[[3.018374061255842, -1.0213466317226831, 1.400805516855236, -2.0952011143322586, -0.5920338358969657, -1.3973609464182937, -1.9754399706672754, 0.9745232478557516, 0.42487146519229035, 2.8733311749932646, -2.9533622305885032, -0.26432758909253556]]], [[[2.699343019245949, 2.105381414187696, 1.8852400286170905], [-0.4971826504296591, 0.16334670818216718, 0.24242653942497405]], [[2.2798540545613637, -1.0995666264053416, 0.9098229081713569], [-0.646627208229087, 1.488108516238512, 1.6199147985659783]]]], [[[[3.1235456361675142, -1.1806659410064755, -2.429586002471716, -2.103384728878953, -1.488244499248558, -1.4062540917905042, -1.0259055297819586, -1.2573033699498473, -1.8679710461025054, 0.1164402255033144, -1.3824882032422936, -0.1946938042892189]]], [[[-2.3059398622832217, 2.19480927835086, 2.9956377863801453], [1.7860449202056068, -0.6029900747674508, -2.0565699625302027]], [[2.550603415343701, -1.292600755265715, 1.71945516357703], [-1.0278484997400537, 2.5002199459779675, -1.2692774872714676]]]], [[[[2.6350292762074874, 0.026299489515760284, -2.5114902837955526, 2.148315472278332, -1.374986074463758, -3.418407940489672, 3.0199523252342924, -1.0551894536211248, 2.3654512013216995, -2.577397396675757, -1.3272242928256925, 0.6966862609104758]]], [[[0.5398715440422842, -0.9273330883716467, -1.135752376109731], [0.7989295756190021, 1.445723104597771, -2.867945225791901]], [[2.732722772987106, -2.628979510610009, 1.956186461124581], [2.0733269027110257, -2.6167785648108732, 1.65326145954797]]]], [[[[2.491070113703133, 2.1660124757076242, -0.29152633671369166, 1.8649485310142593, 1.8930448520035843, 1.8024729514104383, -2.0035057818415107, 1.487282996355409, -2.907484974838882, 2.0777358115077114, -1.4495576201949196, 3.1903222009888466]]], [[[0.4222093279120081, -2.1534717075110925, -2.464392402939052], [-0.8477667425431883, -1.134785007186644, -1.9933005302488578]], [[3.0723133887672502, 0.1985320561185903, 0.655922499185539], [1.4983647313327775, 0.7928109106529799, -2.7272093982431898]]]], [[[[-2.274284035317033, 2.6542878616691037, -2.639123760684067, 0.04782785753539585, -2.4505126948532623, -1.3352108335344366, 1.0692998034177905, 0.4650865637328695, 1.6465021097571113, 0.8323871209144298, -0.9121413949437116, -1.235935973536108]]], [[[2.2802478706004687, 0.1017175846859936, -2.5990068806198474], [1.0263911439002067, -0.2801880608475319, -2.157399098386688]], [[1.2397660180978496, 3.414611811566905, -2.576887367914343], [-0.35644790374500995, 2.5267111426153974, 0.49458423975985166]]]], [[[[-1.0377883698013655, -0.5301848066193403, -2.477113600104852, 2.8132708320874817, 1.6453951825779984, 1.338603060884455, 1.1116058642850657, 3.0759274967369934, -0.21657078428190363, -0.13591753337762244, -0.13177847113167662, -1.0461731362568218]]], [[[2.6872311549341816, 1.8126111640281644, -1.3338547842629926], [1.689520465795415, 1.2414116418116334, 1.505924788997529]], [[0.44263277062262696, -0.5363722547632718, -1.0338141422472176], [-2.318915855199185, -2.161213899727641, 0.057583848101202324]]]], [[[[1.5545509230907415, 0.8203109651262968, -3.0411656137987153, 3.004384589068752, -0.27869964492723426, -0.5342887339954874, 