{"noise_params": [0.0, 0.05, 0.1, 0.15000000000000002, 0.2, 0.25, 0.30000000000000004, 0.35000000000000003, 0.4, 0.45, 0.5, 0.55, 0.6000000000000001, 0.65, 0.7000000000000001, 0.75, 0.8, 0.8500000000000001, 0.9, 0.9500000000000001, 1.0, 0.2196699141100894, 0.75], "max_scores": [2.8284261202876646, 2.6396813552875247, 2.451302936731121, 2.261466062201026, 2.073927870300242, 1.8851764545933398, 1.6969919002452776, 1.5084874677040483, 1.3180726184862157, 1.1205949982369743, 0.9390120217471638, 0.7522903966984226, 0.5460269226489074, 0.26293323957402337, 0.1168983792466306, 0.0, 0.18384221267996118, 0.33107251831052975, 0.5565616072630245, 0.7510721247210868, 0.9272600528297866, 1.9982401229174085, 0.0], "opt_settings": [[[[[-1.8839327957513232, 1.5054734674042747, 2.3848536807471254, 0.7131953408839307, 1.769348039919108, 1.51766999418029, -2.1464259160009873, -2.663344711764145, -0.5827108001855056, 0.2298193883269256, 2.7610704941142594, -2.1035876436775087]]], [[[1.0114058723553874, 1.9320202762993628, 1.5462854847846046], [-1.5457778034917675, 1.9203294711907917, -3.0440287316120216]], [[-1.7115974666740124, 0.4513814435713271, 2.7772574926166067], [2.8091582597411264, 2.3509848091282457, -0.27277815781870324]]]], [[[[0.07382464952705847, 0.27296775566948733, -2.368808862616957, -2.186384912684698, -0.1994393916027257, -0.04450030841672179, -2.3217944352235973, -0.5642093194362567, -0.5663531457968677, 0.24473360364374533, 1.6691124118747347, -1.184180835047843]]], [[[0.011966330729466682, -0.3872745203753519, -1.0034035118228477], [-2.550749135483761, 2.61237682545622, 2.55127601329161]], [[1.2262579949785015, 1.9436414205197023, 2.8599598830917365], [-2.006218723022861, 1.5200271152528162, -2.462329440890391]]]], [[[[-2.1168015300645697, 1.5711442636897137, -0.41778037574030363, -0.06343228053200042, -1.0341291537247868, 1.6291828710211216, -0.7147131174253919, -1.5472039364556878, 1.0501926218742157, 0.47587578076440634, -0.3166342338100299, -0.5539233072235107]]], [[[-2.150384288434508, -0.828085279898521, -1.2357260612417655], [1.6243156377797434, 2.4548311684453723, 2.381313495352174]], [[0.42394775060493617, 2.679454415024082, -2.1201590087813016], [-1.8787849125784104, 2.3358301833115407, 0.4188818893532805]]]], [[[[0.7140897620815303, 1.7230471979053463, -1.5940622512521165, -1.9320481055859244, -0.655715466788701, -0.6469220179728705, -1.4613218026156771, 1.9275938324195936, 0.3273447598431821, 0.02368760187378564, -1.9435525963621427, -0.3549240029000699]]], [[[-1.2147080711596114, 0.2955127391439544, -0.47572746564016954], [2.4108901344001206, 0.9314034976623345, 2.25301202182189]], [[1.0727459144058051, 0.40078265575766836, 1.6335198000211468], [1.325540027509451, -1.5642017358853721, -1.9896540457383638]]]], [[[[-1.2222049656199474, 1.560207319836156, -0.2571604134227378, -1.8622279630047833, -0.44944940394356775, -1.7373533030908268, 0.956082767679574, 0.6232675040785508, -2.654003055924372, -0.3049075285467438, -2.726808529345334, 1.7833455361700237]]], [[[-2.544949182234228, -1.3470083005577753, 2.6229342737886867], [2.4137554589613517, 0.45076753092736993, -0.31984024256580934]], [[-2.733679417701683, -2.4017160336111867, 0.8548345611724435], [2.3973754517799373, -0.7686456958295088, -1.2343009923980792]]]], [[[[-1.6984829771448922, -1.8254850011612367, -0.11775350971051415, 1.7838065458801546, -0.4519735705884476, 0.7360873840021699, -0.03335153093827771, -1.1553952351893693, 1.3261662069489641, 2.614241043956058, 0.46938944384416814, 2.921953371040753]]], [[[-3.2627777970708616, 1.8006052718774002, -0.3240058558545664], [-1.6398619185609955, -0.9229837029516589, -0.1874397966911658]], [[0.2249781600659819, 2.857327230592019, -0.9805320096341212], [-1.482175004666811, 1.9706005310984676, 2.8431256754149024]]]], [[[[-1.2415601183430502, 1.5357338513287502, -2.8976154503873515, -0.5929223106006059, -0.16273550021127883, 0.4660822643736604, 2.7707092381453107, -2.4660785764590556, 2.1143116533113577, -0.7293502222768936, -1.8647764959855901, -1.2835729044215534]]], [[[-0.1501388045857189, 2.2920007548919976, -1.6437755063392407], [1.3188007128458321, -2.636163154118855, -0.12213124467926084]], [[-2.411277494804041, 3.3000403092801887, 0.7160863808048705], [-2.3350828003881094, -3.4453109677257867, 0.21071962512526676]]]], [[[[1.5704415175598951, 1.610268097328524, 0.673711873244856, -2.1369102864503553, 3.1473985389021006, -0.13460184311220105, -0.07708358512803262, 1.6434368987181087, -2.804462844141612, -2.8894513693010135, -2.2484715718184995, -2.918251126100878]]], [[[-1.4456693513800893, 1.976771610213678, 1.863489528383182], [2.0786731660901134, -0.40896562433497347, -1.6599536362076825]], [[1.098221150213238, 1.0963375793159478, 2.1593949676782414], [-0.2641067852145408, 2.359284662753318, -2.583167012528495]]]], [[[[1.2994304477011962, 1.2385757258529433, -1.2358682208521787, 1.9543521184518342, -2.5361154694644674, -1.724659864897527, 2.479043337725104, -2.694199063843128, 0.0610698306920545, -0.9383440031311538, 0.19498861534374234, 3.084968261244865]]], [[[2.8840634626466612, 2.112353864679957, -1.5689813641798023], [1.982861315436114, 2.890398728706487, -1.8311002180228073]], [[2.5282015622221765, -1.6414661240603845, -0.19691756049632403], [-1.4309445911271976, 0.3680018841340665, 0.5467545926226465]]]], [[[[-0.45748184448575635, 1.4559395861238162, 1.9859237993580603, -1.1654957229888772, -2.2037391025980915, 2.333862075516388, -0.8555887175339493, 0.969435645453991, 1.9802463045829972, -0.12478412654662435, -1.7602443230306384, 0.163802118330939]]], [[[1.917096823294594, -2.4503169612629985, -0.7694490650909187], [3.1109791640243243, 1.4481114309324072, 2.861566425413953]], [[-2.5773323099908336, -2.5653207868936256, 0.9697959238833489], [-0.609929414749828, 0.18709165002036074, 1.2662278718921316]]]], [[[[-2.209134905538436, 1.9608137692818342, -1.0172221856792785, 2.3896337700629813, -0.3026099245580357, 0.7534870317455611, 1.2121106583882355, -2.534854331996427, 2.5829774856236334, 1.059571672190879, 3.171006789251284, 3.042782721631228]]], [[[-2.7789716606482715, -1.6318818702517364, 2.7154224279615287], [-2.3029932929552746, -0.6690607659281416, -0.29791607037750983]], [[0.8766631304410047, 0.6177052502484902, 0.5884421872807724], [-1.123929909161338, -2.03672770276468, 0.9818206169077701]]]], [[[[-1.8121489524293755, 2.1645941538522333, -0.3985954000328796, -1.6410127828024315, 1.617145215361455, -1.379492102491346, -0.73883754246907, 2.812182092837256, -1.8726493742596642, 1.8032620911557913, -2.1529298228168274, 2.34132887282499]]], [[[-1.621714650933268, 1.1464768501912372, -0.43699843607923894], [2.1048504188282307, 1.2488475799610792, 0.8873699218622466]], [[1.0653689579947268, 2.6029376161905886, -2.8102815325660786], [0.4996897016054957, -1.7914028664941652, 3.0522423505312988]]]], [[[[2.411217733742875, -1.8340398284197632, 3.023898950525672, 1.2442115297126426, -1.9814484109841652, -0.3841473033273643, -1.734643924738074, 0.9807618275180755, 0.9410903667172018, 2.685183626182346, -3.2300588225505016, 2.032668712976382]]], [[[0.42193625258495876, 2.228847230075628, -2.7764561762114788], [-1.5974087882087633, 2.4762704404088884, 1.2839098749011448]], [[1.8993967093531985, -2.6126700491150237, -0.4344119011329597], [1.2413836242358955, -1.1868560580305378, -2.6050895176134814]]]], [[[[-3.100117859183532, 1.4427256614440735, -3.0185279029458605, 1.8677426772934256, -2.1516907301184234, -2.226151933520887, -0.608478977618445, -0.997132695457117, -2.5536667537297144, 0.8043873919351038, 2.9487213495052793, -0.8644493155199489]]], [[[3.043001220119846, 0.6941837544085535, -2.943908294557867], [3.1403738608154446, -2.0367730833500164, -1.769514555364022]], [[-1.1309463968457543, -0.19407617625124327, -2.3917466032631323], [0.1323443648371776, 0.1718774949166182, -0.3012015629828477]]]], [[[[-1.4889359976480827, -0.28294242973323236, -1.3300480782694315, 2.593823164970937, -1.4385142778214275, 2.81816575964904,