{"noise_params": [0.0, 0.05, 0.1, 0.15000000000000002, 0.2, 0.25, 0.30000000000000004, 0.35000000000000003, 0.4, 0.45, 0.5, 0.55, 0.6000000000000001, 0.65, 0.7000000000000001, 0.75, 0.8, 0.8500000000000001, 0.9, 0.9500000000000001, 1.0, 0.2196699141100894], "max_scores": [2.8122667523255345, 2.639854607542641, 2.0431170159987646, 2.2626697230310264, 2.0701186064729207, 1.8806899370336383, 1.2105173498876165, 1.4814922362607448, 1.3198837703833897, 1.131110415569757, 0.8993792127123847, 0.7073745597605123, 0.4332085825329335, 0.2551009671108733, 0.1380648963991086, 5.551115123125783e-17, 0.0980047483063353, 0.3396271510590033, 0.5579108577338303, 0.749743997577167, 0.7418170032950357, 1.999997107124647], "opt_settings": [[[[[0.5382769736200927, 1.0206734772158002, -1.521839057046484, 0.3047446084834852, 2.2240946193599194, -3.514370741536767, -1.6022108647563273, 1.6015380378358197, 1.0204329863371226, 3.0118189621094285, -2.8910908655593857, 2.505260505361597]]], [[[-2.2727798136537527, -1.1356142523266743, 2.429920625575865], [0.2301036619804746, 2.7295915176618477, -1.1391303206189698]], [[-1.2230128079088556, 0.9627809638048089, -0.8026938587088273], [-2.6663577914569996, -0.8187966126134963, -0.037775335958438315]]]], [[[[-3.119114497787522, 1.0268072087913598, 1.1143315101205675, 0.19374607011580602, -0.33173034290898457, 2.3480885329415537, 2.439854597088036, -2.802935836474593, -0.38141837015891444, 1.2418297970886578, -1.3781356927113082, -2.533566970370259]]], [[[2.1238657841703197, 0.6154640168265265, 2.2706021482173773], [1.6220856822365786, -3.1660375217586325, 1.7725061946857767]], [[-2.98356137237157, 2.6513759867793416, -0.537998682006128], [-0.20081388364897915, 2.258449546086263, -2.4754529754959727]]]], [[[[0.23015288183402086, 2.721031900262742, 2.593129298526497, 1.595478101243022, -1.9841384206427635, -0.1659071608365742, 2.708944315114689, -3.020665128966339, 0.5813983289298337, -1.0348337679841564, -0.9780890236909506, 0.35021043025245235]]], [[[1.6747120366598292, 3.5452022697106003, -2.793430557348574], [-1.365504461300455, 2.322413105313088, 2.5338751960442663]], [[-2.6892212684388848, 1.291814412919707, -2.3630719777107423], [-1.3690500098838334, 1.2750990493208492, 0.6574072842279794]]]], [[[[0.29336748200992974, 1.4189911871352918, -1.5638900283220256, 2.4056120485055583, -2.709244612323164, -0.33160973087091183, -1.8288190145699434, 0.7446759300893413, -2.392168476850914, 0.4175245937852986, 2.3996789552985303, -0.6765481605674517]]], [[[-0.5834525110463672, 1.9703887125863528, -2.0013821696491187], [0.19064499636723753, 0.5334424783401424, 1.5379895694849708]], [[-3.1242547635597644, 0.11082556501879859, -0.2656813726014775], [-1.585160053368552, 1.2838646960310776, -0.9992617664930217]]]], [[[[-1.8401562770345874, 0.24926866356582128, 2.669876236134624, -1.8885059988820994, 2.722253416299851, -1.146560917805146, 2.353452534037303, -0.5666657366408373, -1.8569404612448726, -1.8427562114167721, -1.7693044216343632, -1.792485171525965]]], [[[-0.44338714932238693, -0.07628543099405659, 0.7442342107861797], [-1.0729539553495513, -0.5992339511435617, 0.40052540850751495]], [[1.9478825567813967, -1.7429894788650175, -0.3487701350504877], [0.6213529625448887, 1.9389784305842428, -0.7014033937569564]]]], [[[[1.3803712715581407, 1.1508540408732422, 0.1660798103162192, 1.6061146962806179, 0.8907835508870192, -0.49559603738461805, -0.6097983327778901, -1.3524829950386899, -0.6556478329108945, 2.7008223482519966, -0.5904303654124191, -0.008795628154978316]]], [[[0.0507239097380513, 0.3247325138947314, 2.205545112051926], [2.786086407982005, 1.9051584471334995, -0.56539010708609]], [[-1.5105845980295047, -2.173385002529242, -1.147914097328303], [0.5309498477692625, 1.6997841772716924, 2.2052055016781305]]]], [[[[-2.0643194014247213, 2.879571868388281, 0.025158792633679688, -0.041468318574703, -1.6207475468281864, 3.3753282513796097, -0.5896626854307876, 3.1817280859975634, -0.6696116381163675, -1.5540852049135092, 1.8064026840202583, 2.9158405449050586]]], [[[-0.40674956237156457, 0.32151271708613793, -1.134635718334514], [2.169393319694705, -0.27847206241906114, 2.371835723954133]], [[-1.4277247919549962, -1.3685431692958088, 1.4454302610888572], [-0.9639635624708228, -2.508967079730342, -0.07026182196770533]]]], [[[[1.7184837372518098, -0.45927760930936967, -0.4236903376538696, 1.7346568347996367, 1.5747220269270341, 0.9673209398995615, -1.8956399776711543, 2.844939167618275, 0.07800617648341157, -1.816877684530049, 1.6398297925066998, -0.09328671029710209]]], [[[-2.176664297837868, 0.11664278294167063, -1.0316973725410632], [-2.24708679897164, -0.38809984730507074, 1.124484659932473]], [[-1.2859173659711112, -0.8858805229654237, 1.1110898785315504], [2.227821605653512, 1.4437717748312446, 0.6219282626541185]]]], [[[[-1.2167440444410234, 1.8078844180016054, 2.4802902757498257, 2.350794059167825, 1.0474532396074756, -1.6826440442943529, 0.306086861538788, -0.594206332459484, -1.5750293077172632, -1.5192005878824097, -2.6391614096687297, 0.5379549965134616]]], [[[-3.29780162250028, -1.5196682200628764, 1.7436894401668166], [3.136963684944384, 2.699357623763817, -1.429645527466663]], [[1.2287160929368195, -0.06758208278289454, 2.0365686083812315], [1.9584143333299402, 1.668099209974873, 0.907924110969236]]]], [[[[-0.25419976426163915, 1.72473988142074, -2.3391289252118916, 1.1618952490353243, -1.397830165410563, 1.8066177087090778, 0.22925254268568354, -1.3079607386078647, -2.993688007291942, -1.5471960172194197, 1.3881417005631596, 0.005869578905546135]]], [[[-0.7056164043866318, -2.3476757184377544, 2.753617802494243], [-0.6510445800631237, 1.6984159156022192, 3.0787282101239493]], [[0.17919563851343384, -2.3991837945360706, -3.1357688943665303], [-1.7332109331709737, 0.6942924994857111, 0.24645798862113644]]]], [[[[-0.4914759900124706, -1.2404133821300136, 0.667650722031127, -1.9819836474068828, -2.24556735725012, 2.8646387648851173, -0.5226978257856083, -2.0514254658449427, 1.3737963075546815, 1.1875244340784394, 2.4541293245847347, 0.14987300617427174]]], [[[2.579247880413065, 2.987445494857631, -1.1752821005509668], [-1.5175833149527316, -2.7492674892115403, -0.38658261086397694]], [[0.9755751413731409, 1.9231199936341181, 0.7740287182703995], [-0.6932034211075487, 0.48578217856999695, 1.807224839265186]]]], [[[[-0.8294530527187907, 1.4608616788425501, -1.7517223651857818, 2.6970037160917864, -3.182994430381208, -0.3791721773883992, 0.1169503990488862, 1.6010153223512453, -2.0576080862847976, -1.5513556415449865, -1.7002146881020082, -1.0225810707367873]]], [[[-0.14389470504454915, -0.7157358818598146, -0.07362659955005757], [0.473061667778065, 0.024956063163852977, -1.5490271190624214]], [[-3.0662297653796937, -3.011733086589684, -1.9657832059671578], [-2.154636981133012, -0.32270818359090897, 0.9422254887895001]]]], [[[[-0.08590855610437087, -0.4626055048350478, 1.3901057546710738, 0.14288250156828264, -0.8564127475958314, 0.8611420022838662, -2.7876909207364684, 0.3034745395267382, -2.044254623344481, 1.6539221022012836, -1.0105347333739383, 0.7656706641064991]]], [[[-2.429691973411475, 0.03535097593837906, -0.2231655228271943], [-1.2718416944553845, 1.5054798469776545, 0.4830826618163737]], [[1.0674618594719094, -0.5534371877614006, -1.8663749909251142], [-2.100864870475947, 0.1849321210860949, 2.2626893235414354]]]], [[[[-2.305609080731177, -0.5300288151643263, 2.579903837679061, 2.3360934391424806, -1.369322007830706, -2.7801639232190944, -1.822664165727947, -0.2834790631359086, -2.789575365366683, -1.524980786210855, 2.1184643834866614, 0.48944870722554684]]], [[[-2.270603143523596, 0.3810097534088453, 2.0343126069065853], [-0.14222493945903775, -0.7489703253111472, 0.16665691365026847]], [[-2.056328681943439, 2.228003402739739, -1.2028421897757673], [3.037162271657947, 1.363254507370594, -0.2156202899495412]]]], [[[[-2.6240263550996175, 0.7336186707014778, -2.3310461518979, -1.0846651321725993, -2.3543220354785572, 