{"noise_params": [0.0, 0.05, 0.1, 0.15000000000000002, 0.2, 0.25, 0.30000000000000004, 0.35000000000000003, 0.4, 0.45, 0.5, 0.55, 0.6000000000000001, 0.65, 0.7000000000000001, 0.75, 0.8, 0.8500000000000001, 0.9, 0.9500000000000001, 1.0, 0.2196699141100894], "max_scores": [2.8283628071846723, 2.6398652548068426, 2.44123554604926, 2.26270260115298, 2.073734760970488, 1.8358183703430615, 1.6970341295499825, 1.5081175297648692, 1.318851012318674, 1.1313511556305167, 0.8088615607814258, 0.6064126778218437, 0.5474788221807753, 0.2889976006450412, 0.1815890422568775, -1.1102230246251565e-16, 0.15567087618135134, 0.273733009365144, 0.4097447827007926, 0.7525980466431408, 0.9407616146847358, 1.999769368065492], "opt_settings": [[[[[0.07744188430216584, 3.0169733451379463, -1.003555636244694, 2.173137012749475, 2.9723208005878736, 0.32545758490625537, -1.352946719269474, -0.8297960092275348, 2.574199425663203, -2.651243316128204, 2.668322043367497, 0.1299338269551749, 2.9018583793020363, 2.7565087393558114, -2.9671873143295016]]], [[[-0.41853110746527233, 2.239806014273285, -2.835920729107221], [1.5480642799925897, -2.0780402161887968, -0.15182443718723396]], [[-0.04173271176883794, -1.7361438328824494, 2.6482279367906214], [2.565070842946627, 1.3430855392576442, -1.233815414627482]]]], [[[[0.9879180683038913, -3.1366688852632145, 1.3928740142178133, 2.719144073128049, 0.5131783233500253, 0.9817876823683507, -2.499307259564447, 2.676009447500521, 2.6079383228231423, 2.3686101647929725, -0.783896944173034, -2.666088013952727, -1.8589878036679823, -2.9002120342352016, -2.7277481379785624]]], [[[1.3333002650923822, -2.3404991575035297, 0.8002712397406753], [-2.986654932933471, -2.121030951007418, -0.927190334202975]], [[-1.0623487275274297, 2.6857963920583177, 1.6359854504826208], [1.4874291084011617, 2.037937395341519, -0.5624813359065439]]]], [[[[1.8997618164078236, -2.103659617928352, 2.863435399840299, -0.16563905541309348, 2.1567753243529273, -1.6322466582044486, -0.5207743375138488, -2.2781315370556645, 3.11429476867279, 0.06588390900407176, 0.09061009650753873, -1.3002554855886002, 0.989863571157031, -0.1907218775833622, -0.2714755712308424]]], [[[-1.7777634351935714, -0.19724816960486666, -2.402684653284327], [-3.2119304052628137, -3.1136872889590754, 2.174499993742864]], [[2.8725285388640778, -2.267985061327325, 1.0107870321722912], [-0.4982463893858411, -1.7381743298747137, -0.34872630286826617]]]], [[[[-0.7202421106437481, 1.5094234315046458, -1.8336461725637112, 0.559346286540579, -3.0197333867718994, -0.026075074336154504, 1.7376142574463922, -2.592630077707393, 2.5248734928415706, 0.12317479544541435, 2.3690528283652994, -2.9648091804692314, -1.9945304781009456, 0.10627568072330393, -2.2516946889539553]]], [[[-0.8937264117326451, -1.7357123626096884, -2.3331697699164806], [-2.3317000976745423, -0.6334080071361503, -2.8955829360897987]], [[-0.27624649002934876, 2.2063179317379147, -1.9255240014968587], [0.35241621527905637, -3.9140674736706775, 2.7908650304156692]]]], [[[[-0.7018133369009115, 1.8551983945327215, -1.340678358720327, 2.0906873153480117, -2.468392937360846, 2.8397395726766765, -3.2173586951036492, 0.718256650523625, -9.8911299555496e-05, 1.7565452264227162, 0.3718835011985978, 0.3345585132674036, 0.8731624170991233, 0.8542784675146644, -1.4174090824956196]]], [[[-1.5346216835845286, 1.607508719750676, -1.5775696316707943], [-2.1894701512726265, -3.2613418729603953, -2.124610508010022]], [[0.3396249879462258, 1.5572061749859523, -1.905040428743561], [-3.374230665460275, -2.7128209915981127, -0.8950767555026364]]]], [[[[0.3839240808601965, -1.4118614653461339, -2.3385798416519017, 2.1905409192137375, -1.4865010191150507, -2.288417398441869, -2.201273458161135, 1.3857591218935064, 0.017575576012765437, 1.302704169458338, 2.272421341589039, -1.2454398269994627, 0.5452671775293215, -2.1458020386708845, 0.8642851395121484]]], [[[-0.7475705374987026, -0.5148065648212145, 2.3285552462391754], [-0.1755337231717367, 2.2661427462354315, -2.694174718058761]], [[-0.6081869094661141, 1.5371208958829785, 3.0766627908482986], [-2.9824378307899377, -0.7458307102166587, -2.211645508658608]]]], [[[[2.710524405687445, 2.2601119517511794, 2.344580398098141, 2.5410638283325966, -2.136362260670793, 3.04726957480936, -0.12172617116663653, -0.1176900543835603, 1.135055505602176, -0.17982990786663292, 0.23146077100509127, 1.9235079165851698, 1.554613472340022, -0.6777270916992184, -2.7603409780145194]]], [[[-0.27745382141119773, 2.3576745235463474, 1.5503016073683336], [-2.1696095238242523, 2.2578315239722637, 1.6866433751855086]], [[-0.855194951875062, 2.132806153927031, -0.7384375703584678], [-2.70938888127559, -1.4753797039508008, -0.5767207185667043]]]], [[[[0.05846122250862823, 1.8499435493075402, -0.7785528409238648, 0.28922254523845164, 1.0860021491986211, -2.282694544255256, -1.819246668390995, -2.9307578081151875, 3.1517893988383023, 0.45377359499640973, -1.8376604489488015, 2.4339827044180886, 2.5835431643123057, -1.3420965178826376, 0.026887227737612495]]], [[[-1.335574938655009, 1.4640274364986743, -0.7697462243489221], [2.9112005602137287, -0.08336400130310587, -1.4746759330162882]], [[-0.239209510901321, -0.6241860685806399, -2.237940092422977], [-0.39883892551970823, -1.667468913235407, -2.200285150573551]]]], [[[[1.976847971332443, 2.2628937567140133, 2.9679106623499987, 1.6423751891603229, -2.1618298651558687, -2.676798095979453, -2.2884621292429346, 1.5945674709400328, -2.6947054774970853, -2.481213419489004, 0.2048527836836327, 1.755365419932587, 0.3672965616719064, 1.6322960788716248, -0.16335213864904913]]], [[[-0.5586370213452277, 1.2802608335498606, 2.211239984313651], [0.9613226275086975, -0.002897225308686615, 0.14402702890429708]], [[-1.553433621689327, 1.2781266140235985, -2.4300782196920903], [2.9318334645043884, -1.8018444877553927, -0.017634301432387683]]]], [[[[1.148689900207486, -0.8019091553834765, -0.04905479488944701, 2.8735751763117614, 0.08848890055689378, 2.584898510163216, 2.831565715941896, 0.23478068490640955, 1.2032269744972122, 1.2188955418997194, 1.1805666057755175, 0.34469640638595794, -0.2776619884784755, 1.6949718325490677, -0.2566104993707066]]], [[[2.193081411000348, 3.195987182702698, 2.541051510990118], [2.9249143255459256, -1.5317175472454032, 2.4032251643829277]], [[-0.9676031924994406, 2.389548863235977, 2.7768562242604036], [1.7023079346617935, 2.3688901270511797, 1.4678551645509517]]]], [[[[0.8804154032939682, 2.1274259889626013, -1.0857407926660676, 0.14315113820476233, -2.8943768348575416, -0.8622165401372742, -2.5921477576617127, -2.7114348063656806, -2.04531826356295, -2.504464577671222, 0.5689609246504408, -0.08569837821524352, -1.9388271973787168, -1.020405860281018, 2.6547109025103346]]], [[[-1.099650574478028, -0.30388060554403884, 1.148527691048252], [1.878102349570094, -2.485310614755656, 1.7631072659549876]], [[1.81071225785753, 3.0003198945120113, 0.46793695365027554], [-0.33266211026307135, -2.6855188596024813, 2.595474682005495]]]], [[[[2.364414120610737, 3.1762850653180554, -0.06046821440448889, -3.028174122322286, 2.5358028063079083, -0.36691790838255345, 2.8911365054701994, 2.3709243892113876, 2.2172506139998838, -0.8426342157545117, 2.282297179333789, 1.9642923686988565, 2.5761766357151847, -2.1644374141158553, -2.5333099588916603]]], [[[-1.9304528681961117, 3.0897402734944577, 0.48256123779711535], [-1.9426850257207346, 0.11949062481240928, 1.7113376108685356]], [[1.6092489817000548, -2.6242327085669275, -2.370023274276546], [-0.3145455569376184, 0.5477635044921019, 0.8420700505950984]]]], [[[[2.4889646374053083, -2.716193843877227, -1.3295743912226883, -0.8754922000533212, 0.2322704350229876, 1.4396080186365656, 0.2653909375334555, -0.09544966977471703, -2.948335698919977, 1.776678344120388, 2.286226916898022, -2.1985215482439875, -0.1492203227172948, -2.9048104045632352, -1.84072381235346]]], [[[-1.7155054477982568, 0.5031435340270649, 2.464658814399951], [1.1019260523303198, 