{"noise_params": [0.0, 0.05, 0.1, 0.15000000000000002, 0.2, 0.25, 0.30000000000000004, 0.35000000000000003, 0.4, 0.45, 0.5, 0.55, 0.6000000000000001, 0.65, 0.7000000000000001, 0.75, 0.8, 0.8500000000000001, 0.9, 0.9500000000000001, 1.0, 0.2196699141100894, 0.75], "max_scores": [2.828426947575152, 2.6398599504094795, NaN, 2.262161287098536, 2.073323111754184, 1.881962361393579, 1.697022121871001, 1.5025426776935504, 1.31218230713002, 1.1270675634660239, 0.9039647266381797, 0.7313280722739622, 0.5470092965592022, NaN, 0.08177539743947831, 8.326672684688674e-17, 0.11900704506904974, 0.3704906872356412, NaN, 0.6872579759503189, 0.9343223690984902, 1.9993713989206967, 1.6653345369377348e-16], "opt_settings": [[[[[-1.9169056455384441, 1.6762274040393108, -0.2420609947758032, 2.4936684208732274, -2.676664664993588, -3.2598739822515728, 1.357917555653836, -1.4386735492762441, 2.5427058245623093, -1.9285621469213188, 3.0406541115064365, 1.3902380191395383, -3.171830751699096, -3.0146638464440385, 1.7633149413428846]]], [[[-0.8270109195049142, -2.858001376437737, 1.841898977355683], [1.761625533304241, 0.5634945398758723, -1.98667250531966]], [[3.022775930940946, 1.2419912661074202, -2.084225249279096], [-0.24317309362852074, -0.006549580105265726, -0.04904212515437707]]]], [[[[0.38452110442517995, 1.998813143232118, -1.2988058069629567, 3.100378360056032, 2.9710994268286983, 1.6634634176023928, -2.5130264156198203, 0.04593317664842459, -0.16454737680059506, -0.09953563324376648, -0.014839509550776378, 0.1781137759830603, 1.314018736948446, -2.337266733325382, -1.9557855446016914]]], [[[-1.6399801978133082, -0.1602586932082548, -0.03197902849246461], [2.1039454438028145, 1.1541379405377576, -2.9065336936531065]], [[-0.7678434127393294, 0.3993070763561505, -1.4033555399690896], [-1.6210048446913372, 1.9060584675903935, -1.767377389798975]]]], [[], []], [[[[-0.6465744521061155, 2.946199927008016, 2.1767815853661396, -0.3634615186280006, 1.9497246626035107, -1.2778643898633277, -2.280994373865153, 1.1183208117950676, -2.1600847254289537, 2.197389885091011, -3.2228799177279184, 0.7653835205368976, -2.7645696701066083, 2.8872785024880674, -3.1843266619557125]]], [[[2.529194841815643, -2.5939915614105074, 1.0586586351390057], [0.2476867044447402, -2.204880366351555, 1.0556141409649893]], [[-2.2013158536191786, 0.2962003676955774, 1.2747258927745087], [-2.5709687489437965, -2.763021078140808, 2.9018188003729284]]]], [[[[2.221194398059295, 1.877636231930528, -1.780459436437665, -0.7437123746058035, -0.21185925880350093, 0.026237350550966942, -1.6266825734421537, 1.7015302499018308, -2.054701403354863, -2.9965236144051532, 2.7950131634773645, -0.7212338472585335, -1.8604840248585461, 2.114992684688163, 0.45319629176156906]]], [[[-0.42419360233256337, 2.383067724796449, 0.35788152056287137], [-0.3262616048576979, -2.7242868367729094, -1.781417201052442]], [[-1.115513382338331, 1.8275683670371865, -1.4937912479861153], [0.41076181294037756, 0.4544041694540202, 1.2668514967901352]]]], [[[[-1.1021823554145596, 1.1846867751975667, 1.3370870399375672, -2.388754203780858, -2.8584990937874797, 1.474442716936513, -1.3176400247127946, 0.960274088680798, 1.4440508481663858, -2.732494517936548, 1.749326886871125, 0.7322135228323201, -0.0843325359281561, -2.432732414981845, 0.7432700790111315]]], [[[3.1318880523235286, 0.2896988557903332, -0.04077176859762096], [1.0380802741814816, 0.5792197532461298, -0.9577230132514032]], [[1.6935904766749736, -0.49818004690662127, -2.5593468455341206], [-1.0581840674760745, -0.9068321961315374, -0.6262083213981415]]]], [[[[-2.235107968479594, 1.7210406553478212, 1.6099841560340966, 1.885868839663652, -2.708571606983097, 1.8225346501536661, 2.9227507672705246, -1.204296394104301, 1.3862614918993184, 0.395076359509945, 0.27306196151277456, -2.5669629670895553, 1.6285325820426464, 1.7466457197934098, -1.2567188636516125]]], [[[3.0072652221432037, -2.7655451198928382, -1.5692351090140078], [0.9809357555105428, -1.6298847079659111, -2.859616100385581]], [[-2.8980974960161046, -2.8589814004655243, 1.7815600001707228], [0.6649144609650584, 1.1850799411992152, -2.496576855579507]]]], [[[[-0.030085515998868426, 1.8611469199334307, 2.2620980298050566, 2.0983363527535444, 0.11021413153690371, -2.062342271403461, 0.37017194969841133, 0.18142212310016875, -0.9748682038255488, 1.4526295859492537, -2.6737733105447576, -3.103646015683143, 0.1504726328830048, -0.5251871167843702, 0.19963684458861206]]], [[[1.8407746814985557, 0.9925116780625934, -2.1178096828653463], [-1.5922692663634066, 2.4684265557142573, -2.0093149733002784]], [[-2.9632433041306996, -1.488842700329095, -2.1644352703789282], [2.009131036572908, 1.479622777395881, -0.7424139863530757]]]], [[[[2.378235352586631, 2.2296553334773273, -0.025529492945475896, -0.16655506352381572, 0.286049338788165, -3.2013912739676518, -2.1393283991402887, -0.27246883506610275, -1.844218475833683, 0.039453673103918355, 1.3763003088465864, 1.780512056216999, -3.0172390581622315, -2.2294221869912465, 1.1287245860632678]]], [[[0.6528347618306753, -1.3940080880752044, 1.703581615447284], [-3.015707255991725, 1.7504221536331241, 1.8595589351322017]], [[-1.1990308177153435, -0.677238163086691, -2.1635003395945613], [1.871478374261067, 0.14858371442453042, 1.5549041416731004]]]], [[[[-2.6173720339217166, -1.5425358227773747, -1.3922108294043853, -2.295533713879102, -1.0752183073254888, 0.09416928823829225, 0.4758122145430261, -0.8873324901767838, -3.023992716440584, -0.21582253177252345, 2.10025571030998, -2.1326898179413294, -2.3745101408873843, -2.3833369999375025, 0.08085604439525602]]], [[[1.6901116044552058, 2.437786817222685, -2.24456770554667], [0.2827432592067929, 2.3909303173312213, 2.0049911596437804]], [[-3.107246045543795, -3.0750538643494165, 0.602029848922069], [0.5937695895347772, 0.5527393248489633, 0.10931442284790237]]]], [[[[0.988629553744233, -0.34017928659977054, 1.6375917851310655, -3.0860181721364564, -2.6480250046590403, 1.1249629804383785, 2.67711852858717, -2.491154737880184, 2.9369861693763784, 2.7662387708090264, -1.2241584760648365, -1.0753521530920587, -0.3098985866986081, 2.649142201407986, -0.4691767561775761]]], [[[-1.840072150785102, 1.349988998137042, -0.7591725685495376], [1.817374368994323, 1.7797374525973133, -2.619556819342032]], [[-0.8652335175565913, 0.6256295190160344, 2.8027715087587106], [0.9997636457802247, -2.1317401374708864, 1.8797385063035819]]]], [[[[2.5109233561981803, 2.8006862293992807, -1.8247413622589812, -0.6291679579730485, 1.1699514222462357, -0.15379166412525747, -3.04516713412942, 3.0090100879186963, 1.7645787547125134, -1.5941131260134747, -0.2090839714711049, 1.4700618144670847, 3.106305532068375, 1.9030842619558923, -2.906310653692611]]], [[[2.9989116442053287, -0.7362365787521247, -1.3644037399299043], [-0.35335995513306356, 2.3653444512011457, 0.0013496983601846313]], [[-2.8110976430780386, -2.7106446209969612, 0.3057740392486088], [-1.778182049150627, -0.5296453696915995, 1.3640076422771825]]]], [[[[-0.1403041738321662, 1.795809270995827, 1.440146131616614, -0.7194424573914818, 0.8289420580375584, 0.596055906449683, -0.45641201857146474, 2.504620799793731, -1.2864071105658337, -1.4639817636193662, 2.793259795422296, -0.7044886512731701, -1.4301745910687633, -0.27773499689466064, -3.1462806475190934]]], [[[-0.6762591725570306, -0.78037724870647, -1.323761511800011], [0.8614853739261817, -1.0716306149512562, -0.06396087401668372]], [[-2.642313466032393, 1.5631507556351933, 0.5348656496637303], [-1.948040099858093, -1.795528431141567, 2.1446456179758506]]]], [[], []], [[[[1.7025139863071186, -2.7137656644220898, -0.9204261117436674, 2.0118468454330927, 2.5690762462610253, 2.0983609030118613, -0.7351329509496445, -1.1554362015361659, 0.6340342614280495, -1.885711412030807, -1.8535843462514296, -1.3339922269748228, 0.703254392838927, 0.2864957157734567, -3.0370471013323743]]], [[[-0.7984888634421952, -0.2764395695778846, -0.7767893748223207], 