{"noise_params": [0.0, 0.05, 0.1, 0.15000000000000002, 0.2, 0.25, 0.30000000000000004, 0.35000000000000003, 0.4, 0.45, 0.5, 0.55, 0.6000000000000001, 0.65, 0.7000000000000001, 0.75, 0.8, 0.8500000000000001, 0.9, 0.9500000000000001, 1.0, 0.2196699141100894, 0.75], "max_scores": [2.828411049482003, NaN, 2.451101768254076, 2.262710902244917, 2.0741553569794036, 1.6396500381828747, 1.696121652314458, 1.507592392680199, 1.098711917859443, 1.0697635938244032, 0.9318626864014261, 0.7289076577382128, 0.4580482698763019, 0.3173340960693432, 0.14763692749917773, 5.551115123125783e-17, 0.1787731855972658, 0.3687321046094949, 0.4999944057068837, 0.6162670580123899, 0.935683762803791, 1.9999939156716895, 2.7755575615628914e-16], "opt_settings": [[[[[-0.9167324089006829, -2.002129906889105, 1.729225685092715, -2.28927029835742, -1.1811113544212644, 1.7080809225984577, -0.0040901731535719285, -2.3771327176743338, -0.0299616316262142, -2.317372226423348, -2.4718490766606998, -0.6337321710138291, 0.1251812771243684, -1.7226483784219453, -0.9930285350231608]]], [[[2.6972019918902803, 1.0908886146297079, 1.8062288449089259], [2.5551518901126227, 0.530396718003754, 1.217910781376447]], [[2.403679893578763, -0.32747940082745314, 0.273974796152157], [-2.970569775963057, -1.5588551601705531, 0.9188371892233143]]]], [[], []], [[[[-0.8161257017127649, -0.9711006678257293, 0.5508865425050641, 0.17906077855148703, -2.150248984203158, 0.06973875405113761, 2.803763427790944, -0.5648458396686323, -2.8652827891703656, -0.3955807341420163, -3.054970411841586, 1.6142243359257042, -1.2791412254598087, -0.7851402719817886, 0.5393472775440245]]], [[[-2.9807959520323206, -1.5830656963258907, -1.4151180044717253], [0.37686414214576186, 2.096478519391838, 1.0479634511169422]], [[0.21499343332003676, 1.3648646612740243, 1.3724790123943817], [0.3729070400943121, -1.681827236564115, -1.6677335737082173]]]], [[[[-1.1405358230063793, -2.7794302607070707, 1.492451999031316, -1.189614624672631, -0.04949020147456147, 3.2891007277263222, -1.2796803910214496, 1.1249500432671748, -1.1073457098662265, -1.6946892757530647, -3.013258864762318, 0.8670613375267302, -0.7017435927621605, -2.074042335112419, 1.725909179600262]]], [[[-1.0376711648469024, -1.707204089573861, -0.22631073851988412], [-2.9887950535551284, 1.8168740623465853, 1.3841223849241517]], [[0.8756455142095433, 1.232759569963263, 1.3762578207733478], [0.39955058764262835, 1.7393840370702363, -1.2787542498093851]]]], [[[[-1.3104471702376592, -2.2564102112306874, 0.5543763661812885, 1.4360657952546605, 3.1427312467469117, -0.9164679731820684, -3.611157229697584, -1.4188367031007652, -1.5582651821700977, -2.108523215436881, 0.22243352605918235, -1.9535314052176358, -0.42973807999723873, 1.8179106413248893, -1.6832119860161365]]], [[[0.615054556358382, -1.9239985611780057, -0.809471559489455], [1.0037576038290548, 0.23078038470668427, -0.9914268760727176]], [[2.041035309784013, 2.7686907799090705, -0.5968709873066422], [-0.6418703237999621, 1.912314795112431, 1.9727356928018391]]]], [[[[2.152214939749419, 0.29055325379951885, 1.4866250674235937, -2.108169953687959, 1.0519125283753603, -2.439112336452547, -1.6935315520836471, -1.270404813534901, 0.10760833236970553, -2.5186926548177038, 1.5217125775203288, 0.22573434919014165, -0.21969011895239512, 2.9127670085945874, 0.7056543469563418]]], [[[-0.6028046547035296, 0.019312010163045977, -0.29049011680860604], [-1.8908858004396645, 3.1025091334938053, -1.2479934537524637]], [[-2.844033429868411, 2.5757366464025577, -2.2982987496892218], [-2.899018082424323, 2.966977123835553, 2.602961602476057]]]], [[[[2.5727755995884634, -1.735365629295647, 0.40555722180696263, 0.9460179136346419, -0.173283622714387, 1.2461262437671496, 3.2745392564176745, -1.755966471694356, -0.18343854313073496, 0.8470452582879228, 0.5506550178200077, -0.023790196122454147, 1.6830647061247876, -2.5554217923817415, -2.692988060696162]]], [[[-1.0002269329378821, -1.0805885230443695, 1.5088986980580499], [0.22617056154317544, -2.9540970795009747, 3.002816819427304]], [[2.9128948334873104, 0.19011932657977418, -0.9517260048926701], [-2.6336784170366374, 2.53856460217108, 3.047745512686742]]]], [[[[-1.3088582997399951, -1.8633290555478534, -1.0038204036462652, 3.0410808136545286, -0.6416531060504516, 0.9198632572704453, 0.36344695291621487, -1.454396456957198, 2.2074668635301045, -1.7246540724465758, 0.8473522361567386, 0.81954017092413, 1.1014869069395676, -1.132093337949804, -0.18666929527839707]]], [[[0.2821899615857187, 2.138931181220039, 2.7661726035481156], [-1.3155616629906708, -1.4607552390099152, 2.102569833396565]], [[-0.8132077207036307, 2.8236531913499676, 0.38906841988094865], [-2.3486034753596186, -2.1591101463587394, 1.0137255559242488]]]], [[[[1.66638322691784, 1.6819494434051894, 1.0683354259971751, -0.765324245772322, 0.3932647382090248, 0.47042660503906925, 1.421410642523239, 0.1390161707659253, 1.2195308847641808, 2.656296453219625, -0.28627947610342414, -2.76233556557171, 2.3393573962071543, -1.989677424032272, 0.48207957024508924]]], [[[-0.08172864764117004, -2.328792205096032, -0.04339632117618476], [3.092365457235627, 2.8268895755518897, 0.08150189890254732]], [[2.670571792999096, -0.7708325814357956, -2.3489001998321397], [-1.0921611376361062, 0.013404805428093164, -2.846549788394589]]]], [[[[-1.7398802323831482, 2.829630109326968, 2.8605956148989318, -0.6558356972622936, -1.3421012318360097, 1.270141788611236, -3.3171692047489403, -0.21046697054560057, 2.1768942936036364, 3.0537971549321274, -2.39310325497566, 2.7663374355145116, 0.16154440876492948, 1.6795676178697463, 2.0420854969971436]]], [[[0.5028932188113853, 1.1101476288601828, -0.7105971363428809], [1.654663186397207, 2.271027608831122, 1.4346542963757578]], [[2.8161858363679086, -2.3934632401512905, 1.7003105381741266], [0.5268651174789876, -0.489178424318046, 0.470707080599142]]]], [[[[-0.8153481456336787, 3.064740052473652, 1.5200644586819199, -2.8333382324989884, -3.1900140868711016, 3.0638780822694334, -2.026932652809233, -0.4369735621849359, 2.626085042056571, -2.8306339292603098, -0.00584133498444854, 0.34828935596942223, 2.511178672747042, -1.9951105572305348, -0.5967602601377164]]], [[[0.4966985545412238, 1.082338318248843, -0.44888498828462176], [-1.903195519169285, 1.6184898278932007, 3.113482861444746]], [[1.5728694864852049, -2.6257417742011224, -3.0108845496693237], [-2.7655780960571716, -1.0311609064112826, 1.7891634899790576]]]], [[[[1.5131059489107401, -2.4934422305177653, 2.805699602937063, 1.899007519525655, 0.7116347025564694, -2.4859971945761514, 0.07211462131494947, 1.31158767447447, -1.769739844818376, -2.0231555270005743, 0.9099701545521397, 0.06392387032789557, 2.090900924884032, 0.912073199808921, 1.5778339565227153]]], [[[-2.5316124836611835, 1.0004680415564065, -0.6770262130356297], [-1.2038141481014444, 0.5537457283874002, 1.135653373481837]], [[-3.0641363963435775, -0.3540346142099555, -2.847533223798762], [2.4763982287864623, 0.3704177468136474, -0.14907171496328475]]]], [[[[-1.2315386586987451, -2.783151176283027, -1.9888716666477402, 3.185103430049662, 0.01850878506678108, -0.9446087724628391, 0.9901106557700527, -1.1333027497829598, 2.6724110724802235, 2.0124995185714956, 0.5243318347811197, 2.2784931773235124, -0.21855421520238055, 0.6337717342962492, 2.710092731380449]]], [[[-2.3109650926931367, 2.2751011303397135, -0.2335140700870455], [-0.9769793922367865, 1.6301293770756091, -1.2020679337452216]], [[-0.30999413473642456, 2.8074649737576522, -2.139143368283155], [2.3856060299124895, 0.5255770503955366, 2.7382093525156233]]]], [[[[0.5294757424799773, -2.3232087473771323, 3.309062614212939, 0.5434414568949657, -1.1415954555955468, 1.9249350627528108, -0.5228257991394991, 2.3672533847323938, 3.030240954867324, -1.231566167932049, 0.9211626339941217, 2.3126441094099075, 1.9230473420590082, 1.2757735114917386, -1.75733043410034]]], [[[-0.47399439493024076, 0.8105083719963166, 1.329740245147101], 