{"noise_params": [0.0, 0.05, 0.1, 0.15000000000000002, 0.2, 0.25, 0.30000000000000004, 0.35000000000000003, 0.4, 0.45, 0.5, 0.55, 0.6000000000000001, 0.65, 0.7000000000000001, 0.75, 0.8, 0.8500000000000001, 0.9, 0.9500000000000001, 1.0, 0.2196699141100894, 0.75], "max_scores": [2.8284204609472354, 2.639865298006819, 2.451303002259736, 2.262741472078772, 2.073940964734022, 1.88559990532318, 1.696791827706724, 1.5083273428179989, 1.3140743277328053, 1.1174725904988247, 0.9332785479673283, 0.7519647568157082, 0.5406247816042618, 0.3546159461244481, 0.12614618287417162, 2.7755575615628914e-16, 0.12820402464379493, 0.3673737575388667, 0.5627592861179591, 0.7421247942970117, 0.9339951278247673, 1.9985045510047865, 5.551115123125783e-17], "opt_settings": [[[[[-2.655072541466102, 1.4336461440242203, 2.289536671270692, -1.5730497905179974, -0.37950117919578136, -2.6442565821718387, 0.21602744146459255, 2.1659841790722174, -1.594536896651315, 0.29432398773813007, 3.173479169016011, -2.97222226422995, -2.202754529704203, -2.367257014424243, 1.0396769262000176]]], [[[2.7746670487673173, 2.6279026565977195, -2.5584590237344402], [1.113008372885039, 1.0548961632640221, 0.4663428264221993]], [[1.0732150010283854, -0.9236675592529717, -0.012164284840415946], [-3.098452624457689, -1.5909401940956713, 1.284145576011757]]]], [[[[2.4045726429126844, -1.4974890649310848, -1.8337594156809245, -1.0656998949709, 1.3060425485692355, -0.06799247185586846, -0.11244165532753192, 0.9740599404699244, 1.3611711324632723, 1.072736709698951, 1.2822542104070347, -2.5618499900961753, 1.955600417684076, 2.0981603433997775, -0.4133585343252143]]], [[[2.8459035177819123, -1.4296643185146658, -1.3899021920024424], [2.981193726740418, -0.08212912680385467, -3.0456152818745688]], [[1.5167017867846526, -0.06966695683333432, 1.0823735197782414], [-1.4015443610829836, -1.290986442004741, -1.2297734181110993]]]], [[[[2.7615982383387645, -2.9326991591148373, -1.3059741572494286, 0.3788115607934411, -3.1202457641412624, -2.6133860726892904, -0.9331459074508095, 1.1363335677389783, 2.2565974081619062, 1.202038912039369, -1.39387385598351, -2.788593303493877, 0.32057347822034277, -0.8003637137109243, -0.9363600410516804]]], [[[1.7472004340272957, -1.806874251376604, -2.2565177842563306], [2.781495252185331, 2.08815899216413, 1.3246059759656479]], [[-0.7980531643788521, 2.2116376916445173, 1.392329092789213], [-1.6923010499966669, -2.2325960483898, 2.3200994701042585]]]], [[[[-3.3043531948094396, -3.2757287698724964, 0.016174298283447144, -3.3526436052029593, 1.846571951972961, -0.8616506440625328, -2.675940398115223, 1.9174624328816594, -0.9251845970107003, -2.2471966423041065, -3.0105426934753328, 2.5468923930600402, 3.5580982583774867, 1.8926069205300908, 1.561155542207705]]], [[[-2.261169140805463, 0.9842286444575135, -0.6759788698792817], [-2.995937708250605, -0.4930943488067495, -1.4417099437253826]], [[-2.253060858688933, -0.3744418999930592, -2.5809511836978283], [-2.0615143693901836, -1.882919770345047, 2.7898646337821162]]]], [[[[-0.5512210049606798, 1.933462513228138, -0.4369065726980471, -2.2891084504526367, 1.2658479623842673, 1.3905585437335055, -0.18311000485961654, -1.0960761060458437, -1.6851606862697686, -3.5319758446096055, 1.472516368131781, 2.299825018899687, -2.200974247773736, 2.0216388044137807, 2.6662751105462883]]], [[[1.6292389606254738, 1.7341764839745992, -0.6887949319590474], [1.5418575577913927, 1.9545927224552666, 0.9321156608945155]], [[-2.1488982964246386, -1.5460319585960043, -1.9179622586430243], [0.8211366381940016, -2.5711298872133987, 2.533868862660994]]]], [[[[-1.7110144631012145, 1.185680295211781, -2.4484657400678014, 1.6110916643200157, -0.44870904982729404, -1.6926912801428444, 2.4981384719356927, 2.858649771194191, 1.961172196815217, -1.3150329179492166, 2.1945388456085757, 0.4631817202511955, -1.7859819447466903, -1.6553759954731078, 2.347640971918636]]], [[[-1.7569453734660785, 0.029716893891997734, 2.796263970620669], [-1.987239522832293, -1.8084519837572017, -1.3118679787733103]], [[-2.221608590950532, 1.7836639554158331, -2.4216667517213146], [-0.07310260907423138, -1.6353572414307145, -1.0514659603258392]]]], [[[[1.7256480159092724, -2.6525391017913993, -2.6859360552311533, 1.4788683129462645, -1.231207925468558, 2.8156100678379277, -2.7235057850175157, 2.961680993645815, -0.08211089592576215, 1.8930318595112516, -1.798797567429832, -1.3815200409156363, -0.5601505103837572, -0.21648633024036595, -2.74483973944506]]], [[[-1.9829997409055145, 1.5747247694303732, -1.5457296825222975], [-3.2178610876156086, 1.5038975155288496, -0.6141976800270474]], [[-1.7835980132317248, -1.9268294092571685, 2.3293410970457495], [2.8040942360068564, 2.7296023959818414, -1.1800633891788683]]]], [[[[-2.979215981370461, 0.09210272689278254, -0.620871668556995, 1.7258669958938107, 2.8030198373728323, 0.778994313047683, -2.8357309765365923, -1.150878985961816, -1.786048685210057, -1.1164561300048652, -2.6903346033773015, -2.906802881743628, -1.4356905041200547, -1.9668277756136574, -3.0131021098247595]]], [[[2.076961770154406, -0.7619025207898918, -0.6224573998125735], [-2.952548883570313, -1.409111228006073, -3.1042198755733375]], [[0.40952385153834653, -1.7619784583677147, 0.9306349788526784], [-0.7107504119562299, 1.571437601585981, -2.5583651396416913]]]], [[[[-3.2895734886680614, 3.559736069879277, -1.9600618232895253, -1.741720457151497, -1.397260790341039, -2.714060412125014, -1.3200530326685207, -1.5922088421902323, -0.8243040477953248, 2.369559941744319, -2.839172246163569, -1.2132749110814574, -2.5294189905385496, 1.7849222848386452, 3.0994548871983785]]], [[[2.076409501840798, 1.7388495228716903, -0.16929560114662137], [1.4172248292002112, 2.726539770903704, 0.187855987361647]], [[-1.7583710427983095, 2.2446116946862804, -2.6020574930722784], [1.8711505951043785, 0.9478895350508151, 2.610696106700214]]]], [[[[-3.117633615423614, 1.5327496154769946, -2.347443298333306, 2.6648155790149404, 1.163040150961679, -1.3243388049732114, -0.36525945527437986, 0.3917188113374546, 0.28172403450746203, 1.4070309426709344, 0.7115787812658515, 0.5322723237550486, 2.7164471901862055, 1.580547072239098, -0.3814612959508787]]], [[[1.5226842135604985, 3.2627507537066704, 0.7938630474644781], [2.1061857276939224, 2.709552128490685, -1.0819938357139014]], [[-1.7489520695881484, -2.546642639282456, -0.4958905336810244], [-0.680172469441578, 2.527405625591381, 0.814587913925263]]]], [[[[-2.4253913071736757, 1.3859447436614505, -2.5748784792140915, 2.4013191908632945, -1.0328707749744095, 1.254928531919187, 1.9694484910519787, -1.363766985218712, -2.245331024530588, -1.14599020672861, -0.29525633837466364, 0.878090267126447, -1.1639602214593605, -2.8837707278378235, -0.2274359265549969]]], [[[2.9675619564188973, 2.31872158453959, -1.6310869442929625], [-1.2035981707053112, -0.026464725229541044, 0.6461032826082822]], [[1.3918618358592927, -0.9267083918356249, -2.965732900255356], [-0.7846178135149688, -0.007370421100083223, 2.8860340193095855]]]], [[[[0.07710341215005241, -2.234990130912385, 2.7104717229415085, -0.43916406366503874, 2.7007973296819485, 1.9504533648897031, 3.010956014786626, -0.2628811579232951, 1.4518537661575956, -1.9018808579028956, 0.5571513910953545, -1.9202388499237837, -2.9732880025041473, -0.7507717609324288, 1.3059285026456509]]], [[[-2.633688356295094, 1.4299761137744693, 1.9875472158847494], [-1.4379431381986505, 0.5685241246649859, 2.0986358383762598]], [[-2.033358696427056, 0.7970087675436923, -1.7302432159704952], [-1.4203964224570054, 2.3589949023015753, 2.4731763944236675]]]], [[[[1.3380750208629173, -2.707195074151564, 2.403028465729123, -2.7125935086435904, -0.961643802477068, -1.8615382136401295, -2.449518812324063, 2.2713565489489547, 0.6043852124354457, 1.1199199850713202, 2.952388786049929, -1.5464390312304113, -1.3676522140534884, 3.003360735304616, -0.8111382610691025]]], [[[-1.4168317542607574, -2.5156519655790435, 1.0405253741079026], 