{"noise_params": [0.0, 0.05, 0.1, 0.15000000000000002, 0.2, 0.25, 0.30000000000000004, 0.35000000000000003, 0.4, 0.45, 0.5, 0.55, 0.6000000000000001, 0.65, 0.7000000000000001, 0.75, 0.8, 0.8500000000000001, 0.9, 0.9500000000000001, 1.0, 0.2196699141100894, 0.75], "max_scores": [2.823688924405866, 2.6398611579554996, 2.4512839927462906, 2.262735406213836, 2.071053786057082, 1.88550586398484, NaN, 1.5063877535077486, 1.3069485896517314, 1.1283611357654277, 0.9337410995181183, 0.6550108044136518, 0.5196068078303573, 0.37228754226529803, 0.15087345833884605, -8.326672684688674e-17, 0.1797905400055126, 0.35203803093002545, 0.5615910398364906, 0.7475384273429073, 0.9077169533125989, 1.999999560912571, 5.551115123125783e-17], "opt_settings": [[[[[-1.2184593460811184, 2.583315892970024, -1.544394103552871, -0.28874660066804864, -1.8165669829330868, -3.125946651937602, -0.4046019689224803, -2.937018472867799, 2.339444967441023, 2.5855245255956203, -1.021992290180585, -0.563880490108059, 3.1106642813303678, 1.870947204840381, -2.616310958678525]]], [[[-0.28014236198556386, -1.8378607504588336, 2.8035460399360437], [-2.2770000808181523, 2.3534903261624556, -1.2554522430547082]], [[-1.9422269287561837, -2.300477522416226, -0.06348430365907459], [2.5806490746246418, 2.5447135794573694, 1.8795009360619899]]]], [[[[1.624663446135081, 0.8721141379013349, -2.376398942035266, -1.6620573295956371, -0.8804188130356397, 2.01677067161804, -1.8447664374564896, 2.4883584187653915, 2.581075018760486, 1.2981628487879049, -0.6308805989835431, 1.5195514486858943, 0.14156704564764827, -0.13580003953658135, -1.812895781352908]]], [[[-1.3692843982821967, 0.6557334435575206, 2.187376002478472], [0.40609845572887965, -1.2174111184055851, -2.4079851635452876]], [[0.04209667923304724, 2.1212659683037107, -1.934805508461134], [-2.1726227640465097, 2.177485809726232, -2.9622489516588]]]], [[[[-2.856547562730991, 1.5646188784730017, 0.544736770000937, 1.9676362544821817, 0.26321142132324293, -2.2673291961657873, 1.7349723970191555, -0.7436318726336887, 0.27967439612153894, 2.3031859963631303, -1.7501313347376024, -1.0956162643189793, -0.593902400016198, -0.1738860355853423, 0.4147011749017612]]], [[[-0.321519348817479, 1.1746819286238026, 2.2070248940370725], [0.5125408512477989, 0.10712074294491646, 0.8466744654542171]], [[0.6346424715523513, 0.6854735430203089, 0.32040089343895506], [-2.5116773641878654, 3.2873141610853547, 1.2545936405717262]]]], [[[[-1.1586308266856, -1.5405781789331556, -1.6476982842380028, -2.169388677794364, 2.2880268799222816, 1.3584103238322558, -0.20731682099202178, 0.9555839946118929, 1.0088932623636955, 0.4931449093794496, 0.02600219138341958, -0.4435951189942565, -2.457414090142751, -1.5223700205187178, 1.5334614725326636]]], [[[-1.3893386915981014, 0.9250766335318471, 0.3793051078330816], [2.5440807778325647, 0.8965822796886342, 0.6289082738610392]], [[-2.289499797921807, -2.732913573415806, -1.859749975325832], [-1.6480537476267971, 1.8578556747590858, 2.6167105870293037]]]], [[[[-1.5923934618228959, 1.2459653248902904, -0.6245997445216785, 0.058556991004420425, 2.284512609582423, -1.854135753635143, -2.809987904808642, 2.6024911483941513, 2.5472008296294444, -3.455398970174472, 1.9982703835506672, 1.4799433447599997, 2.4870644782239015, -0.28502756176143923, -0.32910459288141863]]], [[[-2.632818382756623, -0.7152226161791847, 1.593369660527065], [-0.5727299731292992, -2.386681784553106, -0.3814258243994506]], [[-0.8203811609439687, -0.8632575268113905, -2.6324321388250778], [2.0053561030667826, 0.9131817894816869, -0.5125751150636826]]]], [[[[3.7069147398257307, 2.117743125828567, -2.0900118934853213, -2.485432571819488, -1.183351327088547, 1.2647378136514322, -0.9824382867940309, 2.783198120208089, 2.2581220249549054, -2.6302830380365108, 1.318426168153023, -0.04319725906346735, 1.0587644447070996, -0.43549336645485703, -2.337413570694891]]], [[[-1.5753297225199827, 2.5529320808727967, 2.287900959161841], [2.699977905945015, -1.8267741590810558, -2.5430491074392636]], [[2.722267196265826, -2.1490330245002482, 1.5699837379704036], [0.5182293852517174, -2.6792501201675942, -1.8839406882809226]]]], [[], []], [[[[1.163651701302337, 0.04450504273973428, 0.8222159981258854, 0.5719125398290047, 0.7217059461677724, -1.208755265398183, -0.5697788525860267, 3.0617077682127345, 2.742686588740123, -2.5293418834525006, 2.702932627871838, -1.5086763238914318, -2.706617680795721, 2.6533500457501167, 1.3915902835931362]]], [[[-0.5210418577233127, 0.3676114704295817, 1.3378379278756292], [3.032470096120262, 0.615252739603376, 0.08832331163232876]], [[-3.6990638052954687, -1.9445262282960494, -1.9773390288903891], [-1.3313774335098745, 2.1262345806725795, 1.289801167552925]]]], [[[[-0.6670558151272671, 1.0304303461861493, -2.98871010595453, 2.3370176479303324, -3.0561272052964594, -3.2144951195291256, -2.034693431590761, -0.8821238063928127, -0.7092691964317962, 2.1852263716342124, 0.7570932257024954, 0.7168066299193758, -0.21859535612663925, -1.8954332818301378, -0.8450433172870124]]], [[[-1.3738477739896453, 1.7006096610883783, -1.764247788228777], [1.8521687577843275, 1.1778394483368393, -1.46754059432026]], [[1.69744935821058, -0.7088004601328624, -2.1149004165656864], [2.7078645080088766, 2.213330947772568, -2.1391637127149172]]]], [[[[0.44741383544165947, -0.7437354880347976, 0.2640227488892492, -1.6303806889501453, -2.1933642376133835, -2.7452551991026604, 0.6419259422055875, 2.1541307489245987, 0.4846959900827093, 0.43305395888294, 2.871137268791083, 1.351001338142056, 1.006809556139874, -2.1985983290949886, 3.2615432786623746]]], [[[-0.7175435239006782, -2.867603298378856, 0.6213690737282649], [-2.463102877130223, -2.528903820457842, 0.6361021410848311]], [[-0.682415923821207, -1.8732453878635917, 0.7759697219847732], [1.454440584291865, 0.09283275164453889, -0.9636968162918103]]]], [[[[-0.7941886186553576, -0.9798086778929088, -1.4661803074595536, -3.2573678232366636, -1.0859703071859512, -2.2762612619282745, 2.116115845527659, -1.49842470756663, -0.028369841005416774, -0.9113288370620215, 0.6798225895277357, 1.3401372545182517, 2.3115381853846912, -0.8619400527842457, 0.7210294121229163]]], [[[1.3705226585848451, -1.3112089389626822, 0.3395151169454982], [1.1069937073215734, 2.0315446378077087, -2.4199683754672776]], [[-1.6486679479048147, 0.6078016610655496, 2.0648389677567156], [1.7873937087387257, 3.1801049936401817, -0.4341291351296386]]]], [[[[0.253372853647379, 2.8440097606303483, -1.5059383943233677, -2.1437042142851004, -0.3239678906370968, 0.46734954296961384, 1.8194914603826413, -2.8849292914890037, -2.641496750430803, -2.7456681567308516, 0.902545228614192, 2.6911480213039223, 2.9096264583285203, 2.7922716715341926, -0.5724238975153828]]], [[[-1.8566023689692936, 1.599000482745472, 3.0859957859750553], [2.6801887858316435, -3.0460151540302984, 0.141680743458811]], [[2.1262791084402886, 0.24641214392042934, 0.4620370005610601], [0.06754948653106312, 0.04558801917677188, 0.3460143831871436]]]], [[[[1.3497021296775888, 2.766932249185457, -2.648445626459406, 1.1334461221461594, 0.6018484886771187, -1.211590706102884, 0.2565388150431757, 1.8293121099276552, 2.521836705281915, 3.0247541473591713, 2.7722242982350083, 1.7927451089212252, 1.6205194625722106, 0.8785218483378635, -0.18979441099151725]]], [[[-2.990611556856095, 0.3904085226299588, 3.079617181300252], [-1.7285263422500121, -0.12948356953777304, 0.7370878121176339]], [[0.16159119138436737, 2.9039379974854, -2.7979002596814793], [-2.051283853416776, 0.7825181783093775, 1.1997620563636895]]]], [[[[0.21567914120233728, 2.6054155924366103, 3.006122488301471, -2.779303047323116, -0.5801404877443846, 2.1507765042148654, -1.7854461770810202, 0.3970878493475809, -2.5508822123401633, 1.5537002014565637, -2.39403339808295, 1.337612451757604, 2.496589878462003, -3.019338528599421, -1.450247071389025]]], [[[2.1002317036862816, -2.467075881895832, -0.14344674193323703], [-1.8832962710144496, 