{"noise_params": [0.0, 0.05, 0.1, 0.15000000000000002, 0.2, 0.25, 0.30000000000000004, 0.35000000000000003, 0.4, 0.45, 0.5, 0.55, 0.6000000000000001, 0.65, 0.7000000000000001, 0.75, 0.8, 0.8500000000000001, 0.9, 0.9500000000000001, 1.0], "max_scores": [2.755979903807538, 2.7291892100914747, 2.6531487161061715, 2.5358790047270405, 2.460458790075865, 2.3388286659775073, 2.3657791119555602, 2.23327565027311, 2.0864439107707162, 2.0149015343041357, 1.9652758681980191, 1.9892252673705866, 1.9881530552636182, 1.9807454183612259, 1.9892090802835671, 1.980348351808307, 1.9760442707929582, 1.9871362332821692, 1.9822488275099188, 1.9853931315034024, 1.9999591380426898], "opt_settings": [[[[[0.8781362741859902, 0.3109383207378916, 0.45464785933698226, 2.140690595274723, -2.493493272307279, 0.6680760250426145, -2.554577066784209, 0.7909292277744703, -1.600265331775694, -1.5421380237890658, 1.9962530363275646, -0.3104258184906798, 1.3937681727349132, 2.3932567013088266, -1.0935786776301828]]], [[[2.585463515887736, -2.7043593907211, 0.3670080154235551], [0.3899103574554083, -0.3449053474853371, 0.9966036571270251]], [[3.091262309941471, 2.15639611060537, -2.11776394279267], [0.8532752351770316, -1.0222449954084136, -0.8345008973340757]]]], [[[[2.097418754975201, 2.864255340269473, 1.2526758456567844, -2.354043157664274, -1.8985655252421572, -1.10516061167326, -1.3553429808127564, -2.96065384242081, -0.48537787867751236, -1.020310878169249, 0.20619399687441609, -2.3997895327746606, 2.6005769475369434, 0.9308998136217004, 0.7304734858176672]]], [[[1.4499450999927668, 2.2822120224640536, 1.9507062487695137], [-0.9482818747415579, -1.3088655302912506, 1.4666535199375508]], [[-0.6251050194008844, 0.5832173887426161, -1.2191168801354393], [1.7463928300615899, -1.7414903882608157, -0.5920990866857254]]]], [[[[1.4326210752693938, -2.5859265891338, -2.916238279041516, -3.087038064638183, 1.886414256878647, 0.5127889006040047, -1.3991785945889774, 2.729682393535093, -2.380470117402949, -0.7835080238512512, -0.5788321282399695, -2.368885008653705, 1.1034404713981116, 1.1655812007040562, -1.9880013972218114]]], [[[2.3247585622458913, -0.13123601082685996, -0.6395111946293248], [-2.5535497768049376, 2.0434489989893434, -2.322934888163582]], [[-1.753345793678584, 1.386740367387175, 2.7086227375436307], [0.7368647476042723, 2.3349276363481968, -0.7096361608255495]]]], [[[[-3.277389450828649, 0.06240492402369654, 0.6578938214703053, 1.6802084921779372, 2.8562553342359602, 2.640332839775177, -0.4337679346701301, 0.501518082236445, 0.2814725936210943, -0.20626540017627185, 1.8082081945514383, -1.7934483812485447, 2.3468950117621485, -1.6526683978954568, -2.471663805319275]]], [[[-0.21783568966215253, -0.7617544388768831, 0.7169321418387673], [-0.056032841740377454, -2.500706903638435, 0.7371000570576309]], [[1.9536982405105716, -1.9281019031907594, 2.0409348519600776], [0.34872021256014907, -3.346163689773036, 1.882356403820002]]]], [[[[-2.5030331432733197, 1.3269949478452232, 0.5705879308213623, 0.426154811638921, -1.6037681609403553, -1.1070446861641932, 2.313876439512455, -1.412437596203392, -1.5406584444505496, -1.0239520444174894, -1.9697908231787482, 1.7821531009873706, -2.912214516264164, 0.03187033654672034, 1.5324535782242314]]], [[[0.6908033907221436, -2.176857624461996, -2.610268561637983], [1.1072318368964744, -0.5878561280820412, -1.779167198210676]], [[-1.5567364439430813, -0.5192968594695067, 2.8232886625409073], [2.8673003562321298, -0.2453945798300782, 2.0240748241625965]]]], [[[[-1.244502746447856, -2.779501179067632, 2.244529120677935, -1.417752236800199, 0.6552940057544481, -1.6858190268475195, 3.1392229228201884, 1.5445071543939657, -2.4297667978401742, -2.078495447400353, -2.927106311310195, 2.6769806691744455, 1.8606242818247112, -1.3128805839208635, -1.1098091532664822]]], [[[1.6047460327152, -1.5596513273805976, -1.5230147608113869], [-0.8363592165320053, 0.8956208060237588, -2.324073893232134]], [[2.7975504583202597, -0.5597387150140584, -1.522389612595254], [-0.19560361680364996, 1.8802445740845428, 1.6244627384530634]]]], [[[[2.1258363242437155, -2.489100482585641, -1.0630139732482775, -2.0814838525321524, -0.1430162290872944, 3.1616525699192835, -1.223317439384807, -1.3371616124720038, -0.1072909857672438, 0.5468198328970674, -0.4550393817465621, -0.18023878797937348, 2.2218007663467816, 2.812320278539688, 2.401092137196939]]], [[[-1.9072142066489364, 1.671073416623934, 2.3221473954428937], [-0.3889786318135654, 1.2859767312378279, -2.241335698459089]], [[0.9313533417389829, -1.647755838980869, 2.8659326709023984], [-0.8790966770210008, 1.4284776080675983, -2.165287903216658]]]], [[[[-3.1081466291506206, 0.9525453507399222, 0.6940175957362525, 1.4321585309674094, -2.5193046741392386, 1.5250742646176922, 0.27342288809381876, 1.7026017379679388, 1.1735958526943948, -0.32987018141879265, -2.8434888056206837, -1.6076892542052852, 0.6472454906447225, 0.9975093491593916, -2.2508959888386904]]], [[[-1.8857622042151159, -1.7319468018872528, 0.8165067100586962], [0.24092085640861624, -0.17716419391164212, 1.1488344382832008]], [[-1.7343601461210452, -2.2134613481144596, -0.507615203016528], [0.845193529416211, 0.9603204026964652, 1.1575101295735042]]]], [[[[-0.45586458338945696, -0.595389283100103, 2.727751080207088, -0.214275281079103, 1.9455975839460862, -1.968463844564126, 2.486284519111629, 1.8297873393599253, -3.4648236681518636, 2.2234570296300387, -1.6176034365362173, 0.7150865432097347, -1.0011713052120255, 0.17950627731904575, 0.12041590035010223]]], [[[-0.08495948582982989, 1.8366573362956073, 0.6318639473798049], [2.302241038921893, -2.2883721423894516, -1.6706861983686412]], [[-0.09280021370967437, 2.769933598091634, -2.3906317771210004], [-0.5869106300720535, 0.9586685582058451, -0.6245468518074526]]]], [[[[-0.6758360434708236, -0.5685388844625973, -0.7744519254324654, 2.270716068661006, 0.19318319303050902, -0.6382530853958429, 0.8282537256010152, 2.3136740170525227, 1.457843072135275, 2.94019492901469, -0.6553900173031317, 0.9053275717106428, -1.6611715294262566, -0.7794456947072643, -2.283077017525424]]], [[[0.7922852826962018, 1.553699097847314, 0.9651678521134048], [-2.731376388764085, 0.8618377968467449, 2.098757842410544]], [[1.8837651311302952, 1.0445277825234955, -2.0678075519381984], [-1.4360088073752957, -0.887205570347788, 1.7914658598841058]]]], [[[[-2.4776445830230003, 2.835162364081804, 1.9193638083924842, 1.4555490430019733, -1.4562332543717866, 0.01442003327216261, 1.2054545404364156, 0.38267059371954504, 3.4271915627482485, 1.0859025103382098, 1.8359005658026497, 0.817276535750573, 0.361426441945182, -3.1772076720883757, -2.286154788987672]]], [[[-1.3376949866198204, -0.042169575516091184, 1.5255998942072573], [-2.6016787113851247, 0.7471731917316984, 1.9398798825990289]], [[2.46143078496042, -1.420097343100798, -2.087437472551506], [-0.4021297350940328, 2.424965545972801, 1.6876202893228491]]]], [[[[-0.1737853693636861, -1.507738616188149, -0.7628603924829441, 1.031752377689261, -1.7810273780901917, -0.6724072811943413, 2.99257464574851, 1.9706940504543362, 2.370972451253139, -3.094997408549965, 1.5121983058395976, -0.7841728235101205, -1.5142940986759088, -2.797673038856339, -1.1650559839473715]]], [[[0.836887929517449, 1.5783921316256038, 2.375429777458841], [1.0516999307314947, 2.357924708816736, -1.5247744858397472]], [[2.8116197898885216, -3.080258218668857, 2.6637339264129993], [2.38897550900759, 1.0381821119084484, -0.8106667011149735]]]], [[[[-2.099785078139619, 1.021059421719502, 2.6182818095323226, -1.2783351402661507, -2.6373193285946757, 0.38256313814483195, -0.24081818486327455, 2.822225233160936, 2.525078185983287, -3.263755050657492, -2.175881841008746, 1.8148951324706863, -0.11224936877940106, -2.9922729916096964, -2.8039021092948033]]], [[[2.092039925049253, 1.1293310749589538, -2.888943467444844], [2.6947138816533394, 2.643053568565302, 2.4022376960724907]], [[2.470252951050706, 2.807932451926859, 