{"noise_params": [0.0, 0.05, 0.1, 0.15000000000000002, 0.2, 0.25, 0.30000000000000004, 0.35000000000000003, 0.4, 0.45, 0.5, 0.55, 0.6000000000000001, 0.65, 0.7000000000000001, 0.75, 0.8, 0.8500000000000001, 0.9, 0.9500000000000001, 1.0], "max_scores": [2.7969896384457464, 2.728043686836012, 2.5810751257190048, 2.558718568387797, 2.524171903790294, 2.3502261374693063, 2.2494257214376807, NaN, 2.1470025702946733, 2.041748575631838, 1.9860430221494285, 1.9797501553031718, 1.9951616478679655, 1.9791709746088095, 1.9931118727298547, 1.993630687992317, 1.972563347134395, 1.9862510647352978, 1.9847098596383947, 1.9978294421470482, NaN], "opt_settings": [[[[[2.850696320682434, 0.823592053996343, -2.715646792233304, -1.3492279845786772, 2.424829517319575, 2.1077962291715777, 0.6194855453141047, -0.29065556791067576, 0.10225393546178518, 2.6404162422110398, 1.6419719341660322, -1.0604544735766452, -2.6379715902873526, -1.3102772999415357, 0.7086339449817001]]], [[[2.6938701045625217, -1.6362475708383781, -2.4905434863089435], [-2.157050432906966, -1.853254859335002, 0.5980875240833021]], [[1.2256056973071148, -1.4029861957583436, -1.8848535729774847], [-0.073173468687976, 1.1688653843258991, 0.9552913656625551]]]], [[[[1.8212409436505335, -2.774220543846493, 2.3481922199551923, -0.6918919791058056, -2.279808914850567, -2.49344584695704, -1.429567823640066, -1.236014540849575, 1.6728447469355798, -2.4589418810180126, 0.4482361287073778, 1.5870408528386624, -3.032129858919346, 0.44723541580249704, 2.1727583203900647]]], [[[2.9889107718138153, 3.353188120794326, 3.1369362057549868], [-1.09919574222936, -2.1073244141842236, 0.2448235292776663]], [[1.339163108286858, 1.7302945669047463, 1.6877643562986444], [-2.061174001458834, 1.9483962440378517, -1.4363873059445558]]]], [[[[-0.3034625646518684, 1.3559458095463253, 1.3381574622676295, 1.4624368861884818, 1.1369087517589487, 2.7766951520197627, -1.865160324779817, 1.8685879977665054, -3.0327959979972774, 3.1740016765098025, -2.652532856207747, 2.2537028583523733, 2.564172235288372, 1.6198314684211959, -0.6148654113405538]]], [[[1.7401682068661706, 3.0752659287013766, -1.835137001120685], [-1.821567183520385, -1.187742727679357, -2.5698352016589228]], [[-1.5542110753840614, 1.367553556004187, -0.2713099609249565], [-2.5112118176640026, -1.0690149871947403, -1.904616174585167]]]], [[[[-0.9437922803052926, -0.6420952861885592, 1.748704277369522, -2.2004637618162852, 1.120805481829408, -1.0194720232233307, -2.846043526937023, -1.9993903750053423, 2.20010853965061, 2.6656197147188183, 2.3143705176939693, -3.1219468306189895, -0.5411206953658375, 1.9763929899354469, -2.5876464634001852]]], [[[1.7306118747046442, -2.048336116353481, -0.4076177196809697], [0.4510354206783521, 0.22123906035369778, -0.11668482775446606]], [[1.427383860150964, 2.564458172755918, -0.2038035875161004], [-2.9295888568940893, 2.3569145835022596, 0.8270120484425036]]]], [[[[-1.206430053801044, 0.25096776143698074, 2.0458712111187687, 3.0184264159035687, 0.7579539225209, 0.6703564552947051, -1.7593218076633432, -2.0979473843873233, -2.4921339949194024, 1.6596456119674983, 1.435296253372981, -0.1065212492515044, 2.1438973116889364, 2.2055722339481534, -2.514100066776987]]], [[[-1.8734367017263565, 2.6954675075736056, -1.069563210134096], [2.218387624278076, 1.0425436266243207, 2.930435373345021]], [[1.9157762691471971, -1.9967106381395698, 0.5964603753252553], [-2.808789133220623, -1.7861235800077406, -1.097298772801695]]]], [[[[1.1381442444025407, 2.287002004766128, -1.9538442941877567, 1.1056523778307181, 2.670931942268566, -1.2949109904514684, 2.5831349160833854, -0.5018206533597153, -2.2036251211583777, -0.7129956268011528, -1.2458167625663183, 2.4305406723375635, -2.5981768872754394, -0.8698211569910644, 1.1416855519474984]]], [[[-0.4762156093295531, 0.8677756957060205, 3.065508764091012], [-2.009855527063382, 1.0270183990499517, -2.470139615993408]], [[2.7419775676728366, -2.1936402683354963, -2.6946404752477338], [0.11362500083178782, 0.6217094625985184, -0.4437547760758265]]]], [[[[-2.5336032243117206, 1.1871190477737195, 1.0049458536123785, 0.07795645519609612, 3.5460710998119627, -1.4846501747324339, 2.8376818244666193, -0.9085945931206407, -0.6145136501844985, 1.5700797554043937, 2.127778380072452, -2.5793700031361233, 2.5620233418175924, 0.952042419700586, 0.1457038928467803]]], [[[3.17776389516748, -2.083959504706732, -2.3613588026949786], [2.7563199544111803, -0.5231794059176751, 1.2323506721303294]], [[-3.075601251598007, 1.3771297241852136, 0.3707009195845022], [3.042929607838055, -0.6589374563440411, 1.5400989775901595]]]], [[], []], [[[[-1.6628495063227853, 2.877341702083798, -2.3256641983303834, 0.49968912530332493, 2.2548757606129546, 3.0420151713546275, -2.4920918576635533, -2.444067337054021, 1.3527870200329288, -0.7357314104195366, 1.567614344162438, 0.546028155397805, -2.7093555975733863, 0.24847537047265356, 0.34670884259495804]]], [[[0.40459555049017154, 2.1763081957101615, -2.6824790562283174], [1.3187213807560907, -0.6639362233189734, -1.9007134988219259]], [[2.391921823870101, 1.5353547755748609, 1.3239859457927627], [0.612962571851126, 0.8450081960456785, -2.3244139485184]]]], [[[[-2.582526295869184, -1.8834785330113102, 1.5418794039833663, -2.821766986071785, -1.757699031603995, 1.257735075471104, -1.9191692540027399, -2.3942955291086507, 1.9201666474453984, 1.4303697398625979, 2.1304624085772836, 1.7120033483498456, 1.2743260335854658, -1.8444526358685862, 0.07903510128751083]]], [[[-1.596564277336933, 0.4817145100530686, 2.4589952449202803], [-0.9822798799173952, 1.9027179407024453, -2.112990450396093]], [[2.9123048258911104, 2.700997930453532, -2.543785982075577], [0.8715554003134119, 2.5787883369901943, 0.8369938251914659]]]], [[[[-2.6076672309628197, -0.674675750643586, -2.8427552961484794, -3.7940225641197847, -1.577164627861143, -0.6086851523006688, -1.1912670401997525, 1.0477413599228305, -1.2314314407847493, -0.6507344482084262, -2.9577850919725077, -1.0387525071679589, 1.9901703788028104, 2.550319613788268, -1.3218032177897148]]], [[[1.5406757324741667, 3.0382040926346296, 0.08451602658147019], [2.527916771762703, 0.8458606487951217, -0.054971064755846545]], [[1.6957216251601606, 1.7214067908626751, 1.082694043401042], [-1.1727261610565325, -1.7200846135799734, 2.7198156316745488]]]], [[[[0.6589146725026267, 2.490948171891851, -2.083350163052159, -0.8702618985309918, 0.5455943909535682, 3.010393165420662, 0.22877919760936344, 2.6768092584623795, -1.3052127252396286, -1.0289341474845488, 0.6729511531008231, 1.8078348188449727, 0.18173726704740142, -2.262999289126772, 2.074606620162659]]], [[[1.0517441228756708, 2.0449878499987793, 2.8843185511213294], [-2.9908186015125198, 1.1954760486293061, 1.4006006390702135]], [[3.0297825459222203, 2.646527470234024, 0.9934027916567096], [-1.513698772362233, -2.06770572570712, -0.22700126878812288]]]], [[[[-0.8610088381745484, 2.3661904330186094, 2.282744416843089, -0.4793069177377156, 2.455626691160168, -0.8349634509546313, 0.3483515773501998, -3.2375772154780122, 2.4450935323549396, -2.718328632162241, -0.3192728321307939, -2.4512539604967962, 2.211473554438584, 3.014346599937111, -1.2583566524017795]]], [[[-1.2742021950191678, -2.9946669271491277, -1.0198792960952], [-2.1574203573960213, -1.5198801677766045, 3.0798130974588336]], [[-2.1158552949882377, -2.7526884698497507, -1.6917069992818008], [-2.919826773098587, 2.7855622558163318, -0.7948675245354426]]]], [[[[-2.7657411823177944, 3.1740909919130047, -2.5027904366241653, -1.87543314290748, 0.6512756000158709, -2.895269277622154, 2.7681811388883037, 1.8108570417614551, 1.0930011569067648, -1.5927390216972046, -1.871870670438058, -1.7619185449868235, -2.861669953845811, -1.3442597196587052, -0.23827643305784896]]], [[[-2.8178590727297497, -1.2448505611018683, -0.40613098907281175], [-0.17383043179733412, 2.029297623228148, -1.7505774057242005]], [[0.365054532659074, 0.8779162413207181, 3.1082009765083187], 