{"noise_params": [0.0, 0.05, 0.1, 0.15000000000000002, 0.2, 0.25, 0.30000000000000004, 0.35000000000000003, 0.4, 0.45, 0.5, 0.55, 0.6000000000000001, 0.65, 0.7000000000000001, 0.75, 0.8, 0.8500000000000001, 0.9, 0.9500000000000001, 1.0], "max_scores": [2.8284268815915383, 2.737294957570696, 2.62225926857384, 2.52600030908848, 2.3814473007211605, 2.3352654217880255, NaN, 2.2417163680405094, 2.0624066316938165, 2.0805026343106743, 1.9998808733836497, 1.9292488586161687, 1.9064804408998168, 1.9596372347797661, 1.9806433203820895, 1.986832095163391, 1.994524907405081, 1.9759064420868748, 1.984138498575736, 1.9770071187020415, 1.9999811046906095], "opt_settings": [[[[[-3.029870602481355, 1.2443683537968422, -2.8483631774042237, -0.3718987314496901, 0.8237094472541612, -1.2789379486440506, 2.7543837984782553, -0.11185036270125893, 1.2941725323560147, -2.972632374878943, 3.1317073914576437, -0.9759480469853747, -2.9408777161324324, -0.329493961550256, 1.4358710350929265]]], [[[1.364779039293553, 0.054916465691038904, 1.6336083665111172], [-2.8573953208598826, 1.583369012124142, 2.193708216442327]], [[-1.5466650315362784, 3.491292385055068, 0.17147181317700833], [2.3852437368810913, 0.7845079548548007, -1.4960931980649177]]]], [[[[2.404313936357161, 2.2513525471187688, 2.1868569136499345, 2.860651066141621, -2.3689748067960448, 1.7129720424331267, -2.4807540865619746, -2.140139716119, 0.12028913344583692, -0.764587039157856, -0.9018741184689056, 2.8881140527643008, -1.8558538791434045, 2.8641609866610818, 1.403438881060176]]], [[[-0.6473776822267638, 2.7902273706882723, -1.109166046450345], [2.282014580941435, 2.0661343859245345, -0.8238571793528773]], [[-0.4349271699179861, 0.6922287414842615, 0.03925949461143623], [0.9756181844307275, -2.5918466931170894, -1.0982118722512375]]]], [[[[-2.633169934493724, -2.5087120566635916, -2.449862350608292, -0.048777606380770666, 2.692910992590606, 0.9384148791138356, 1.9667525491847218, -0.117076986890845, -2.1658787247617384, -0.4006607496914387, -1.8219920330966433, -1.0036409717118164, 0.009969338597598703, 1.7196119233856133, 2.6187340155824392]]], [[[-2.965582849483067, -2.300148779341524, 1.4575779168299645], [-0.7468387481585238, 2.276704346905331, 0.2552954911633675]], [[2.6174688352162643, -2.041291130044548, 0.6530188965261416], [-0.49646989730677643, -0.6700158940639289, -2.267031258136172]]]], [[[[-0.37642003034513555, -1.235647285588193, 1.3599055396330355, -3.2277736384073124, -0.7473955031915777, 2.3109796278163772, -0.6930715070826308, -0.8231583000704709, -2.173209268719091, -2.140125705575282, 2.0357152568651298, -2.1618529605827135, -0.02074035326583585, 1.3785149528910723, -0.9852513560556256]]], [[[1.2527596627964686, 0.09880158098236884, 2.4070169996521154], [-2.8668505863483404, 1.2527417262044995, -2.197135238771914]], [[-0.403802722330893, 0.8020182307684003, -0.5374410474374112], [-0.21786467342580393, 2.132856713054034, 2.964656820032583]]]], [[[[0.1421417922622623, 2.4280796987951314, -0.6796424465657559, -2.2750086462710417, -2.8370682710932837, 1.6829766205742882, -0.2369998083706983, -2.941647030488402, -2.254402864535219, 1.9294906471376059, -1.992523856220545, -1.902089997533005, -0.2970250428937258, -2.649281736712286, -2.3179018201677923]]], [[[-0.3836671256460523, -2.9420560787804773, -1.0454485051482947], [-1.2221292895243343, -2.902598119910901, 1.6293651515711787]], [[1.9377943725718692, -0.6009569012213271, 1.7454744727331857], [2.2915439939940283, -1.863869635892842, -1.1458553838215952]]]], [[[[2.949785107351998, 2.1600139893717514, 0.894689638257999, -2.012042910677763, 0.7024857293583835, -0.314094936586767, -1.8117684123559545, 1.9479545493962462, 2.2795007273344425, 1.9036274688562036, -0.5125458532580488, -2.5548911532360443, -0.12817246868469254, 1.6707731538669874, -2.671918948861263]]], [[[3.1729691231913946, -2.0406658933504183, 0.815240722268423], [-3.327655664675925, -1.7070679544963177, -1.9004473964178348]], [[2.7869524220433197, -0.4295192994341765, -1.8602628565488195], [-2.3662674247103297, 2.9323723883752857, -2.2419145606481328]]]], [[], []], [[[[0.28023474567199863, 1.7671467410961685, -2.264554022894731, -0.817997841771234, 0.2118091978586669, -2.591103215229605, 2.4308423551482066, 2.93310128518441, 1.7082255865354812, -1.4874126428668348, 2.642758116968363, 0.8255531390523305, 0.9986105351080922, -1.2347608114195021, 2.285258749794188]]], [[[0.562619748376345, 0.6943693112269886, 0.6375472875718056], [0.3205773507263634, -0.5550941098774641, 2.0376672173876287]], [[-2.93438223587176, -1.0799431436896503, -0.3570854342163953], [1.3873289529245556, -2.479012860792546, -2.165675730429804]]]], [[[[-2.0819174727951366, -1.713275617456379, -2.1597139821237623, -1.805590387820894, -0.7361637327247572, -1.3631464375038411, -1.4543278022441852, -2.5744370295540238, -2.933020398454873, -1.8500421462102352, -2.750629367471758, 2.426467618365903, 1.8823341972349898, -0.5105125421322628, -2.24523468820184]]], [[[0.8378339937059707, 0.8020467514394836, -2.8140880673583113], [0.20167595919259096, 0.4746208871484054, 3.1402053088733757]], [[-1.0152130431844888, -1.9257006980039701, -1.6814475112696372], [-0.5826409531906948, -0.08730419791387063, -0.13439569029495857]]]], [[[[0.9548920081798649, -1.6171605930989947, -2.9157643371490045, -0.7251354380822099, -0.6660109669478135, -1.845345868768631, -1.09240597326334, 0.5045946719807934, -3.177019866416448, 0.6945505692668363, -0.7994873784357229, 0.8662077631147173, -0.8253045242117765, 2.271098988001935, 2.8828907225705622]]], [[[0.3597484462550606, -1.315184891992025, 1.4745588695699778], [-1.5093239463241774, -2.925098654963163, 2.728628218066838]], [[-0.12222385770129093, -0.8051222983250014, -1.9856688478851368], [-2.235081049921294, 1.2578832208932225, 2.3001699488220435]]]], [[[[1.357486885851374, 1.406476534497827, -1.1796332519719626, 2.91267715046969, -2.9860494758815004, -1.7435340421106962, 1.3620369618849621, 1.1877902532603655, 0.4715764444462625, -2.7917562692972444, -1.139409805482362, 0.5113446299814187, -2.793378562678063, -0.9134905676829013, 1.9256868925182173]]], [[[-2.7211386837386353, -2.707538467371206, 0.9330019194408496], [-1.7581501924606413, -1.5226284534586685, -0.9371230365617844]], [[-1.0762331628661306, 2.2901868028634182, -2.9400703316333203], [-2.3047229533298217, 0.9667041030337367, 2.8566937976172904]]]], [[[[-1.997154543629236, -2.1631503655865747, -0.23605071066345218, 1.4444538055010028, -0.8608044706914612, 1.2269456159925178, 1.737856836819179, -2.18683225986908, -0.24958217353516834, -2.421911130517395, 2.424751112807595, 2.9737386795001584, 2.906022245455923, -0.9415211893356624, -3.3957271045030124]]], [[[-0.0665465673373811, 1.922285779692664, 1.6581419618721345], [1.452248940805541, -2.7681613659174418, 2.0645481208108274]], [[-2.807464445655928, -1.8509239518904224, 2.6112190104434356], [1.4771704774614378, 2.291559266753805, 1.5216092854498626]]]], [[[[-1.7081754668022713, 2.3033858875282567, -1.1078006638913505, -3.0106891313445643, 2.846678938026711, 3.179178061577795, -1.5171547446402651, 0.1751026054956991, 2.356741108227296, 1.142120923329311, -2.6400410220152626, 2.524070771427493, -1.651918722308825, -0.9782692598589067, 2.169965588971599]]], [[[-2.948746801755708, -1.4746462034391028, -3.067362729296734], [1.5554992121221445, -1.4630018695536302, 0.5533964571488288]], [[-1.6976750870893467, 1.9234732579653668, 2.7792408898165126], [0.21051404660948916, -0.9851339362225846, -2.0087949303732415]]]], [[[[-2.2975809456972134, 2.0120660622588975, 0.6131637874842412, -2.8424997365262055, -1.1916744821054197, 0.4845838661457874, 0.6162894514626456, 1.2971606526861703, 1.892524509709078, -0.8345709133188842, 0.503302838932246, -3.0447930970905976, -0.25991839559711793, -1.9117269580571175, -0.5694014807153867]]], [[[1.9875265802198676, -2.1302870904027107, -1.0798305364302343], [-2.5427747634451072, 2.49427709285161, 2.4719594575502155]], [[-1.4064234532709181, 