{"noise_params": [0.0, 0.05, 0.1, 0.15000000000000002, 0.2, 0.25, 0.30000000000000004, 0.35000000000000003, 0.4, 0.45, 0.5, 0.55, 0.6000000000000001, 0.65, 0.7000000000000001, 0.75, 0.8, 0.8500000000000001, 0.9, 0.9500000000000001, 1.0], "max_scores": [2.8284157219985557, 2.724049644344213, NaN, 2.584957282416177, 2.4381782786638935, 2.438671691137529, 2.25053890853383, 2.1753913980712287, 2.0083113588843244, 2.002539976504294, 1.9863314185374965, 1.9815527222700784, 1.801367480347054, 1.908589335630131, 1.9678057343928277, 1.9821758985331799, 1.9902004494930576, NaN, 1.9784790391528253, 1.9977801652173195, 1.999983354600359], "opt_settings": [[[[[1.1256889945913646, -2.926981841160008, -2.539731820190504, 2.4983733755645283, -2.1294928110277347, 0.4642662237094475, -2.764339707009321, -2.9819325570801305, -1.237710804319619, -1.614898634775083, 1.8379322403633997, 2.0787433165078584, 0.8105950953926637, 0.6631502161295617, 1.8409052902480394]]], [[[0.3443338080094088, 0.41826760830513, -2.9085998840674034], [-0.0195856362397836, 2.039060910301822, -1.4577084398177176]], [[2.458983076300747, 1.7255222459918642, -2.476397413546061], [-1.9275355481836813, 0.11443688406527734, -0.8407863286893331]]]], [[[[2.3841752699914904, -0.15390911093716955, -1.2266909777380988, -3.069715131064087, -2.830424261092729, -1.4551290595294601, 0.9343932515823876, 1.6762460114253825, -0.27773074373557105, 1.825378450956505, 1.8558744394470816, -0.358700787665568, -0.41600760359308003, -2.390661904579507, -2.2191088561179977]]], [[[-2.406270896593187, 1.2271031731029662, 2.4818116104184202], [1.586287664178493, 0.8216177937569257, 0.3240057661379377]], [[0.9270386519383881, 0.15261797011674816, -1.7868922735302477], [1.280571116907977, 1.9686614543109182, 1.1321258591712633]]]], [[], []], [[[[0.5385640348380374, 2.148154169891807, 2.7581594814922554, -0.8027299681038041, 2.7724843563970025, 2.2991649154748885, 2.6516202334017667, -1.149357039571824, -2.9464188453881803, -2.999585088227273, 2.5730570131193136, -0.5803376181763116, 1.4075717423922554, 1.8768705859432535, 0.48642069574424035]]], [[[-2.0161011332503205, -1.7647113126354037, -1.0451557698633525], [1.9253445259661253, 1.3028916363766516, 2.6389746137651313]], [[-0.40678107195014723, 0.9355944677206015, 2.466664433105093], [0.26463555456356064, 1.530951487491263, -0.18089426155712254]]]], [[[[-1.6039005510771154, 0.5350429149724317, -0.30399973333917496, -2.0443205559317175, -1.4890371206043291, 0.9011949323341039, -0.9979553146752759, 2.5631659324428058, 2.399720665499935, 0.17516062554050998, -1.693722770246826, 3.067258583575001, 1.2175301394222224, -2.816903104236802, 2.9018566315310093]]], [[[-0.19544540960840173, -0.8888525912870864, -1.5239689055112322], [-0.5850275760216211, 0.8411732778400769, -1.1824981688001124]], [[0.5627526612846361, -0.9147733592815313, 3.1350732982314646], [2.865858227810862, 0.4144180636885332, 2.9254863794298895]]]], [[[[-1.7373007009411239, -2.8786874279334405, 2.7005927715860247, 1.5897347187139774, -1.7467728867714585, -1.3059682203532499, 2.4733317494739904, 3.1332623613742006, 0.37507262298870037, 1.4254174024352906, 2.668836904064246, -3.4459952694973373, -1.3134347556391874, -0.6215498714249934, -2.8185868062763086]]], [[[-1.7603612465990803, -2.4188501760165226, -1.8600049561286864], [0.9631045340327924, -2.669801992773022, -1.1951039344355174]], [[1.890845934116696, 1.2410839467271302, -0.007012002721846726], [1.5966491803730671, 1.2231438732656261, -2.296838381155598]]]], [[[[-2.5241640705444928, 0.9327102492961559, 2.0635091074896836, 2.01129856713653, -2.435394953954382, 0.42634198883372465, 1.6886390827016173, -1.163070726317365, -2.4732459361453203, -1.3827298021747105, -2.970162576030759, -1.2696690175835295, 0.5368776042274435, -0.7625571747683837, -0.005053875892902515]]], [[[-2.5254570993209016, -0.24692487054742077, -1.2650109685520978], [-0.215846495819875, 0.992513879989551, -1.0889614741445195]], [[3.191389716803364, 2.926557594433098, -0.8738941711482893], [-1.2241696047569472, 1.430796223487126, 1.304546718163377]]]], [[[[1.5694118537756248, 1.0562728737140439, 0.5698141367094475, 3.075455231341938, -1.1880053392259065, 3.281817952348549, 2.17212079444208, 2.4719741383815066, 1.1019067743960846, 2.6817559382813307, -2.775524320147338, -0.12696284041968986, 0.6696648553905035, 1.893441492426397, -2.11334948002602]]], [[[-0.40194209039489026, -1.2940536212143197, 0.004157424875001592], [-1.119934658700626, -1.6725178882019112, -2.012980576170829]], [[-2.4394178379774467, 1.7454853617964705, -0.6714103489839824], [0.9671204686371591, -1.063627924294648, 1.923759216528203]]]], [[[[-2.9459980700686725, -2.2174269317129447, -0.6344785553706029, -2.349607669683455, 0.2066761614864438, -2.716309979435812, -0.13538635925220266, 0.48401746525853445, -3.0762548614450282, -2.7110134935481436, -0.524777947884643, 1.5808401403628607, -3.5707284922109035, 0.6755578964695619, 2.889931200749984]]], [[[2.4394846930448293, 2.8858034259931484, 0.9714636454837091], [1.5317233257457425, 0.08623428078564303, -1.1481472818177296]], [[-2.943283084804125, -2.8787314613575874, 2.197958390250659], [-1.1010635647525868, -0.8208660441789437, -0.6039370518997096]]]], [[[[-1.6692589151120978, 2.866624580290291, -1.5046579027180256, 0.9999803548634055, 3.056338238915773, 2.4664288714071407, 0.6847838028680178, -2.198500546276222, -2.2233780857440366, 0.27337685485741253, -0.4258843649733482, -0.03598432256674577, -1.9951145028492372, 1.80264853127728, -2.1293771947706053]]], [[[-1.622313000491534, -3.0369456480667916, -0.09703569184948878], [0.9063786205770518, 1.8559059244466352, 2.079243808947404]], [[0.639971677236883, 2.06802830114577, -2.631179048376624], [1.0961513581577815, -3.381761947479914, -1.9057116882580178]]]], [[[[-2.543228228357508, -0.2614978588499988, 1.3462767251741132, -0.8055105392380201, -2.3673757766756713, -2.4954524223225825, -1.3547997845231716, 0.58695128599969, 1.295237571640744, 2.516755918414994, -3.09555658720468, 1.2709657718928813, -0.6302914662664602, 0.3101901549241267, -0.7594102337103921]]], [[[-2.411620382187643, 1.8489747921634854, -1.4439922935894018], [-1.0119292191184113, 2.3483029258922388, 2.6518026571728406]], [[2.7591804162372604, -1.1159022005211854, -0.6722441285176775], [0.7591649004600511, -2.8750837557551137, 2.036728150031929]]]], [[[[-2.0961277911013, 3.472816551311388, 0.7009830418873345, 0.9280287965042542, 2.257354947137856, 1.641063630463873, -0.20915108696046308, 3.2344243613704284, 2.9794343709781623, 0.8205838603527049, -0.2691045330975895, 1.2632890063320013, 1.2072925244466375, 2.784501165244614, -0.020740752447712674]]], [[[1.7166691303153139, -1.3872439040116997, -0.5381144002422875], [1.6666999389343677, 2.0302161074614524, 0.620506446348033]], [[-0.42050815378502837, 1.4392317505398105, 1.0074739812262363], [0.22745904293534727, 2.2107508865638903, -1.0763970958254712]]]], [[[[-1.669350815477547, -3.006782075196025, -2.84300956534533, -1.8096074262434232, 0.06417501778220203, -1.3810371967415063, -1.9462335215661404, 0.033505105746911526, -0.6209853804272539, 1.0423100151879086, -0.27974547303041786, 1.333226678692357, 0.28521613067936863, 0.5939486540326667, 2.610365654867814]]], [[[-2.684382871400659, 0.3227651967596224, -2.5545971087198796], [0.6759721118047067, -0.8416394920796406, -1.1400551167770914]], [[2.6559394962400336, -1.7560689859118526, -1.5243984778861115], [-1.3638694554282005, -0.14485472353421355, 2.315854334062946]]]], [[[[-1.405331891873117, -2.5906880566912185, 0.5339279883360977, 0.48344609921571635, 0.5579048807072434, 0.769134639871516, -0.3944334729005475, -2.779356023752693, -1.402059333785732, 2.0633534087353964, -2.9582500919192216, -2.633750444433975, -1.8365146798841125, -2.1669587253402054, -3.294201798289348]]], [[[1.2855611608400959, -1.4675434158094287, -0.8429485128098366], [-0.7682978644879931, -3.2651044030272858, -2.749305464045852]], [[1.2246975260332555, -1.5950656674243668, 