{"noise_params": [0.0, 0.05, 0.1, 0.15000000000000002, 0.2, 0.25, 0.30000000000000004, 0.35000000000000003, 0.4, 0.45, 0.5, 0.55, 0.6000000000000001, 0.65, 0.7000000000000001, 0.75, 0.8, 0.8500000000000001, 0.9, 0.9500000000000001, 1.0], "max_scores": [2.74059035502186, 2.737456031371202, 2.64998152045324, 2.5388041284484526, 2.497553511124306, 2.3897693765131005, 2.2996038277348303, 2.157670311603419, 2.0358998018647085, 2.0215883610559207, 1.9995862357743965, 1.9911555018165126, 1.9789780639298322, 1.9501638297529835, 1.9755908793177406, 1.9848374584312918, 1.9961315083599989, 1.9929655765408032, 1.999365122152456, 1.9790110526844749, 1.998766497066667], "opt_settings": [[[[[-0.3616442002587978, 1.557979668150315, -1.989873509972397, 0.08039157374428112, 2.365971076866149, -1.8280634445491417, -0.02721931493108315, 2.2292436880428483, -3.0681738741534557, 1.4956999365067978, -2.485902685584601, 1.1240773977995298, -2.2965851769094283, -1.5405109369355536, 0.2958099697504831]]], [[[0.7530087675192332, -1.501480664678127, 0.2202995756077799], [-0.6282517039835636, -0.32256750591035965, -2.609754488621173]], [[0.595249417399299, 3.082110929015122, 1.3030859939466088], [-2.6123830714740284, -1.5608324066845427, 3.1232997503744446]]]], [[[[-2.3190903962352003, 1.9950790004602552, 2.947685636803324, 0.12399346759309526, -0.5694296895697539, -0.8074365349601019, 1.8922320482878705, -0.07291084773054252, 3.190001239263778, 1.4963145402008784, -0.3611582332357179, 2.5586406044273278, 0.9436568550907828, 0.9629832654926844, 0.9840327244198245]]], [[[1.5477032067091738, -0.4105361674024084, 1.2798808174846492], [0.7838203497734297, 0.33552720827572863, 1.6179116533939784]], [[-1.7643611475265106, 0.5262548958152111, 1.8874064744613426], [0.20373742284155105, 2.7496280330417897, -3.0055106379288556]]]], [[[[-0.03650051979493989, -1.6372206652848296, 0.23669259379206403, 2.487330499176796, -2.790388671039615, -0.35288185177691056, -0.8746179680637935, 2.4158991851891165, 0.5593804476010651, -2.5779737549381303, 2.400159500108499, 2.253002996244518, -2.6640460084734285, -0.5342906859273192, -1.6070075738144411]]], [[[-0.11891968475809267, 0.9734536119508584, -0.034448577144854886], [0.13387669691311935, -0.20979494943616087, 2.9083992475139455]], [[-0.12930433845681558, -1.5232349732209978, -1.8612186494822638], [-2.131655201235709, 0.5909805245392478, 2.583593405057818]]]], [[[[-0.5437583635545048, -1.0559778220574527, 1.8624493580522006, 2.7078868303675923, -2.837826330393055, 2.467715522400933, -2.279961800722986, 0.36089995107080086, 3.108555089003724, 3.011037674789472, 1.3885013389703786, -0.40749811005040854, 1.9055175020159272, 0.3087063250497095, -0.021416602542654282]]], [[[-2.5098835115560414, 2.399555205021522, 0.3471010563782615], [-0.8269269933502779, 0.33499483929765916, 2.5624077207260587]], [[0.4902189110718214, -2.036731534247093, 1.606491639920212], [-2.1850851985173407, 1.017228831484143, 1.510699108795448]]]], [[[[2.2230417265977125, 2.5624015082647023, 1.0289934666469738, 0.6637394741104242, 1.183235764139676, -0.32183187384252826, 0.5545073781655849, 0.7756330347719861, -1.8057280243264362, 0.8362432160364723, -3.161260811257347, 0.08357314631763692, 1.5578325085276823, 2.776274969001104, 0.4868815318784035]]], [[[3.0685929676842494, -1.00679240229961, -3.0546572785748634], [-0.6469190402431894, 2.148452846231174, 0.13427403704009191]], [[1.8638902164381197, 2.4475122325969587, 0.9097916097222543], [-2.703293599667021, 1.975810695052422, -2.955131455584794]]]], [[[[-1.7675287742294576, 1.0405028523476285, -1.951851138609829, -1.722263934852045, 0.52001515500309, 1.5794888798968039, 2.637613087038389, -2.1287329912602972, -0.8357477013596586, 1.1797990036604498, 0.422812378996902, -2.048918571604111, 2.697266023615179, -1.569290244369922, 2.1023952091899742]]], [[[-2.079695182468018, 2.070258623879574, -1.7050440146513477], [1.4130328614867296, 1.1464554225044594, 1.1145188850190744]], [[-0.2607060467665791, 2.2464964905184264, -0.04542679068464977], [-0.49551624835653635, 2.051577569538269, -2.5198626102069683]]]], [[[[-1.5194776164850672, -2.04690219605703, -1.2463495900965957, -2.304262903225216, 1.8522676706714656, 1.424322676955028, 1.4171472236146196, -2.7407316827546055, -1.73670935285636, 0.7463218051423459, -0.5393587937553818, -2.5078745557208535, 1.3580676032146486, 2.7445366038002543, -1.8558510021356]]], [[[2.4925597528875607, 2.62585447852939, 0.28838055601833634], [2.526744539141111, -2.4933346022120046, 1.5984784397604859]], [[1.7604115689716298, 0.564730667962165, 2.0520756329336693], [-2.1784527602533053, 2.410725224538524, 1.4089942321609552]]]], [[[[2.68311345803432, -1.6133119254371895, -2.628157445278109, 2.7631948323345936, -0.730387194223546, -0.559107030772968, 2.6871260574166396, 1.260260344763572, 1.9048557850563248, -2.2544202753156397, -1.4115817814737155, -0.22884650797548015, 0.9496239713817898, -1.035644662501836, -1.652866236935838]]], [[[2.9939650216690166, -2.5952172884122517, -2.275191807707768], [-1.713438958218907, -0.21818717184089598, 1.940312469437182]], [[-1.876032300129542, -2.825162405278786, 2.5495800787029443], [-2.891359184373973, -1.865355442262859, 2.2528802845084366]]]], [[[[-0.6027120605808916, -0.2627547057687582, 2.2577806717975184, -1.9355941973652917, 1.828513341125497, -0.20154970522333943, 2.776419145470564, 2.8512176794388306, -1.2147115715946106, -2.6697250300854467, 2.6064525482238947, 0.41953386731106385, -2.4054878502408745, -2.843207196322077, -3.0369577823049454]]], [[[-1.6629638596775833, 0.0003283271058307389, 3.0441744733147678], [3.1480813373703156, 1.548587596967566, 2.2318459621533098]], [[-2.2233280429542566, -2.692843306622662, -2.607914508920049], [-2.92376628991094, 0.3419321356412497, 2.531371427582525]]]], [[[[-2.056364830032195, 0.16585024922801644, 2.070497390530131, -1.6074239094414127, 3.1658764299090967, -1.635496911865554, -2.553522196877685, 0.034328121059605934, 2.586367477538511, 2.9823868888052325, 2.0354039226794174, 0.6178126030158881, -0.9717302666688136, -1.556927355986243, -2.7613735831294184]]], [[[-0.5073398794108731, -1.4691861105814723, 2.477075257588883], [-0.19235121932245647, 2.8193109347665746, 1.0993900402674646]], [[0.02036475773191316, 0.8118164248083228, 2.8660344472971637], [-2.4202107190998308, -0.15242740881116124, -0.5849058091376098]]]], [[[[-1.8393741506255175, -2.3523286492360205, 2.5653457335627676, -2.3605124758591045, 0.2920874695680927, -1.9324402613645426, -0.3960989737295871, 0.6317220411989377, -1.2530172566362183, -1.2110455794232966, 2.700422618181045, 0.8240972872110572, -0.17924855126941766, -1.2193880193313538, 1.0417132217356442]]], [[[1.0242825598902958, -1.8574856135684426, 2.0959178614976777], [-1.3532094989987806, 0.43675985871838685, -0.43489343106387635]], [[0.6663608970769412, -1.324799333366929, -0.37250021459537214], [-0.5985825330387058, -0.8614608504663105, 2.1377051455231992]]]], [[[[-0.7253328828245745, 2.36977503737223, -0.6184578167017739, -2.844693357768016, -1.4954086561076672, -1.1148901344347428, 2.668645460924924, 1.6880312681343033, -1.926093737590218, 2.0113979405151117, -2.305884125172664, -0.7505975886736638, 2.7842342974745615, -1.8797348491667283, 1.9167228259068538]]], [[[-0.7694407960093392, 2.8238417441662875, 1.305324719757964], [1.8160707294066527, 1.9177586355890146, 1.7864006061533786]], [[1.3157812121150052, 0.5522110358195133, 3.0939074975040386], [-0.1617504400057347, 0.056663322367825356, -1.1838741624768652]]]], [[[[-1.2359482416156886, 1.9834894095895879, 1.2676153293574808, -0.8513510985450423, 2.1617328702219836, 2.2531876120117005, 3.033882124038984, -0.5995020907049428, 1.4496935173759746, 1.6822035069554133, -2.665272461004381, 2.4644561326939747, 0.9630495640617989, 0.22964950657192906, -0.06641406076801389]]], [[[2.6298819696342797, 1.5664497456988826, 0.8090514216897828], [2.5591861827009685, 0.601652040805188, -0.21696262409691425]], [[-1.2749560376261158, 