{"noise_params": [0.0, 0.05, 0.1, 0.15000000000000002, 0.2, 0.25, 0.30000000000000004, 0.35000000000000003, 0.4, 0.45, 0.5, 0.55, 0.6000000000000001, 0.65, 0.7000000000000001, 0.75, 0.8, 0.8500000000000001, 0.9, 0.9500000000000001, 1.0], "max_scores": [2.8138852230258786, 2.7374342735991073, NaN, 2.524163031690032, 2.427898113016512, 2.4076907736422912, 2.2279708477521494, 2.159424798553432, NaN, 2.085395189233107, NaN, 1.963830525114446, 1.9715180956441132, 1.9730273999604633, 1.9824412789720482, 1.9967245198491819, 1.9901712794525506, 1.937683488366494, 1.9955037646709113, 1.9583034346854724, 1.997096778548035], "opt_settings": [[[[[-2.701102088588527, 1.4075856387761823, 2.5487739557542275, -1.3349124689727663, 3.0267794450909467, -0.7036572513341027, 0.4088193946477817, 0.8418467229638985, -3.0666696018217587, 2.0400056091835674, 1.8632008250264032, 2.4952851541324685, 1.999501059855838, -2.029108080709349, -1.3354899929841826]]], [[[-2.3604980478648265, -1.5330751824661184, 1.3351382222434252], [-1.1122684408887553, -2.204722167902539, -1.670401571493918]], [[1.4907853343107553, 1.2319576334713858, -1.9112949013613936], [-0.3403113199600733, 1.3271121515934492, -0.37621836493477767]]]], [[[[0.39412226458771227, 0.025056386739472247, 0.11197405705042027, -2.661845044619295, -0.7133019601645679, -1.600656589315623, -0.15678575783254123, -0.7642000848163162, -2.171231453536165, -0.8243604013607448, 2.0028271262077557, -0.05181794612312569, -0.7580679628770716, -2.7461059846704616, 2.0279005180937797]]], [[[2.0832680067726654, -0.6607997915692759, -0.602788664920844], [1.679911306548998, 1.1208082058094393, -2.9632841910699206]], [[-1.2905819075523608, -1.5379999204885901, -2.570917835306359], [-0.15152137009583141, -1.8098304232016222, -1.9002809299096388]]]], [[], []], [[[[0.6664079270942131, 1.5331473914654765, 2.2477284917070173, 0.6685045941293889, -0.4065258084809986, -1.3460242677856327, 2.0608475343412205, -3.037605159946547, 0.11361113991896901, -2.8844571201971285, 1.499092837865678, 1.4030444703945777, 1.2095942429885624, 2.486219773910294, 2.856644222138709]]], [[[1.5123224924996157, -2.1178072930749465, -2.093001224614869], [2.3438013106686366, 2.166894811785204, 1.8560300358226556]], [[0.978312874024835, 0.1738264070291118, -0.6974056416525509], [1.9641464992080016, 1.2456242449516273, -2.8343576449554213]]]], [[[[1.351541836128394, 2.932985582273292, 0.5286583465806145, 2.340100406964232, 1.7717156748278207, 2.255142555030957, -2.1237159045870255, 1.6626910973069131, 0.9662021589573918, 2.2537236941170753, 0.05026024745933282, 2.9840180055541117, 0.46845763603043544, -0.9355575771094639, 0.9896778053979945]]], [[[0.8242037639597624, -0.16809241292017735, -1.3716710111662478], [1.6554808175659015, -1.6117833508501447, 1.7957010509750004]], [[-2.968865490055993, -1.888946911276195, -0.966961931245919], [2.6551448156738835, -2.8874353209512496, -1.2171806510085046]]]], [[[[-2.862354031793705, -0.2821164659404438, 1.1591737262638742, 2.526785266146328, -1.882275428434129, -0.6136110509462441, -1.2896264421822325, -0.017926776664021045, -2.7602348749810215, -2.808971441288576, -3.101856895132739, -0.6914741077472474, -1.5082247077266926, -2.3395967265684345, 1.7409648598658853]]], [[[-1.5514363923771497, 1.995140858982474, -2.523426041635571], [-1.7330046891269708, -0.47258239936934976, 2.5761544102678258]], [[-2.967980585443136, -2.5298611676541567, 2.706357945328052], [-1.3269730749946942, -2.162046226436182, 2.5007913609844152]]]], [[[[-1.6125859080356473, -0.6028316166439949, 0.8901824919687583, -0.5260929831855765, 2.9681069967807847, 2.4141118316233228, -3.087244399573653, 1.5574665912880654, 1.598472666714176, 1.7585281871040273, -3.3674711317060653, -2.1985314399094, 2.7761764483490845, 1.2324213708164187, 2.5460117252259353]]], [[[-2.2055782284861363, 2.461735524685125, -2.9257756381056446], [2.9155104052829945, 0.1834040376816866, -0.8516463337552951]], [[-2.8277672617976966, 0.7926617632591119, 2.8510548273192553], [0.036762893208780054, 2.012390196013328, 1.5879196108728566]]]], [[[[1.6969990961147927, 1.4897953431554987, -1.2381259898476737, -2.384275139135112, -0.009844447042330243, -2.295175371604724, 0.9218982298434626, 2.624200634614462, 1.3621732208102657, -0.11830191005924054, -0.05820446964036893, -0.8361536440054554, 3.33545670624467, -0.6713418227757206, -2.652637121669623]]], [[[-0.5012542040886745, -1.580599444097388, 0.07922647043404618], [1.284923255469465, 1.2027073160339365, 1.7327361574418854]], [[-2.082692851474329, 0.0083622582649246, -1.279996664217809], [3.2347425426074574, 2.454704123511012, 1.6746508954040724]]]], [[], []], [[[[-2.1237407714375416, 3.0458365940245984, 3.148937417518198, 1.133287566160142, -0.2400421977847062, -1.019355829900514, -0.18875407444189274, -1.4558898749432159, 0.9747654120462991, 2.0503239909612847, 1.7858315254109776, -1.6734907514024082, -3.087217256996329, 2.4058429597988886, 1.4647811071952457]]], [[[1.8954754741260633, -1.6982351241346112, -2.0209782207899982], [-0.41501167643775083, 2.8093874736125106, 1.3230417444155895]], [[0.8301563101049559, -1.6696945238074845, 2.5060697730968444], [1.7696809108486329, 0.9710629454177935, 0.7761369266915596]]]], [[], []], [[[[-1.0319615615036404, -1.4226014165349226, -3.1808976230560875, 0.8260463978192688, 2.3699235450669747, 2.2983645750426422, -2.300717384847534, 2.395444381441534, 1.8536118238407777, 1.6889203879535042, -0.018378369402923467, 0.8079701976881712, -1.569393646295178, 3.396661867395508, 2.9601970099034944]]], [[[1.019027525869693, -0.8916853471416054, -0.06404886578993853], [-0.2796887680760723, 0.8028084525081514, 1.0574480702998645]], [[0.44814364302581444, -0.6048575944430731, -2.43040493503442], [1.931810421598598, 1.900846175453156, -0.3428756797865633]]]], [[[[0.8568732533176991, 2.466135988142339, 1.9659219164787851, 2.8623835053897215, 0.5929313194179625, -2.0835476247980496, 1.7495431045917234, -2.3923074991565927, 0.6965222263941456, -2.2916923210515945, -0.5446091089818306, 0.3338793379383953, 2.0854366367911767, 1.5118856268699619, 1.2831904821757085]]], [[[2.767082664959323, -1.7912365719258252, 1.9815146328101214], [2.7781208185991924, 0.3866413999625439, 0.14724679401771423]], [[0.09493615595352342, 1.5902915940764202, 2.713130126091384], [1.0346975988790355, -0.6061215012627738, -2.60064089031976]]]], [[[[2.5895157178440393, -0.8947175140570968, -0.8493628207169059, 2.034670816945655, 2.0022141030749214, 2.236889098234004, -1.9937321794098282, -2.978509645475017, -1.4439316769095119, 3.507721210157424, 1.7116342111938423, 0.9626596142170618, 0.18339140135170925, -2.020317273576549, -1.1850599002123572]]], [[[-2.1753763046668175, 2.2003498405414192, 2.96511652470455], [-0.4187542496150398, -1.6013575818989794, -1.5765504752674113]], [[-2.66346040340135, -0.7740433766744776, -1.303458356217658], [-0.872845905316469, 0.5456295012894251, 3.1341148473068277]]]], [[[[-1.287918644986181, -1.0481154142726987, 1.559051924246589, 0.9937739267988535, -1.7166569157003158, -0.7418615056738493, 0.9693623204167372, 1.2732547747343272, 0.6643953224757273, -2.364910638955008, 2.082196848981463, 1.5020831078065209, 1.0990489434397182, 3.364110923894493, 3.085114685905205]]], [[[1.338779974772661, -0.49428951475809296, -2.3826613780622683], [-2.7733749894633735, 0.9338618599760805, 2.0969383452604085]], [[-0.5738518284567193, 1.751780108780156, -2.323352200657131], [-1.0512814704153046, 2.62719891142904, -1.4698357271230267]]]], [[[[2.5258111736902062, 0.12426282457016768, 3.0444835065483256, 3.1091147422313914, 2.311014605764781, -1.1600372685315217, -0.5718643528898433, -2.020792661489494, 1.4583513588767927, 0.5550299918930351, 2.0210101385379153, 2.294304702333942, -0.7243506584077426, 1.6871650632225172, 2.100213019460602]]], [[[2.471012482524367, -2.5110649810615158, 0.31576616563591964], [1.82562147669678, -1.8356420126719861, 1.2439948597989972]], [[0.9302517945785083, -3.1041881034984447, 