{"noise_params": [0.0, 0.05, 0.1, 0.15000000000000002, 0.2, 0.25, 0.30000000000000004, 0.35000000000000003, 0.4, 0.45, 0.5, 0.55, 0.6000000000000001, 0.65, 0.7000000000000001, 0.75, 0.8, 0.8500000000000001, 0.9, 0.9500000000000001, 1.0], "max_scores": [2.8241034581207503, 2.723929200917498, 2.6223096199338953, 2.5235817040723747, 2.4559246457518342, 2.3315532416695595, 2.2429745560696053, 2.1832453105338163, 2.094656680565196, 2.006090988073881, 1.995733782851439, 1.9785458855536036, 1.999531928085096, 1.9163539804082004, 1.9959570622020517, 1.9420564861471745, 1.998304309584938, 1.946912068903925, 1.9870155825699014, 1.9380313725439118, 1.9999930288954835], "opt_settings": [[[[[-2.9986572551821573, -0.19845801746400252, 1.3716663982216724, 1.53187850838553, -2.2010959633073375, -2.6634538111146946, 0.5089918033974389, -0.002693170809158797, -2.2824195400519676, 2.243290123398978, 1.2681624555278703, -0.6209710402370439, 0.8890877210560422, 1.5564149079274172, -0.3576647528007083]]], [[[0.5345053474004963, -0.6740487917300307, 1.1711935662801425], [0.26302318782794953, -2.1838476545084857, 2.9042122671019985]], [[-0.38354978637020815, -1.9811993178427603, 1.9255464091656407], [1.1400322389014999, 0.7647578070397406, -0.9323081163538491]]]], [[[[-0.3658799701156094, 0.20950689587701968, 2.1279790364910602, 2.9592429124833854, -0.8691780162036388, 3.2174645064874636, -0.5066498987207892, 2.386561859693169, 0.6573496168398274, -2.8752143608048923, -2.7731935220236217, -1.5712228594326152, -0.8221020192575283, -2.906910616457114, 0.406836715990685]]], [[[-0.5296600699145642, 0.4618245681827765, -0.36680524279537075], [0.9135082349682129, -0.4494850948957499, -1.810762286192853]], [[2.1188304899248753, -3.110490243577492, -1.2941093353095439], [-0.6501203952197295, 0.7949552790541998, 0.13495272976073908]]]], [[[[0.0344112895609123, 2.2573373377573938, -1.333882037344566, 0.5398089884957478, -2.378055889305686, 2.2058049826266193, 3.029228514134816, 3.0463512626293676, -1.3900657125533131, 1.9243582684952933, 0.6697966639518705, 2.6537923670709587, 0.18846462080906787, -0.9718520741055316, -3.164626812064858]]], [[[-1.237396517215163, 2.082059611842869, -1.2312743942687325], [-0.02864435396407554, -1.7342933688239963, -2.652420617104581]], [[-3.1777793213780545, 1.4076379124008338, 2.725934289805931], [2.835412202387045, 0.03067725642362608, 2.6500062598949397]]]], [[[[-1.9287438940535178, -1.7221686034014718, 2.4099306258544253, 2.7037832198521863, 2.4096990871482924, -1.6545422301050499, 0.49628604289826656, -0.29269709779375286, 1.5426833641143303, 2.5842703265890634, 3.4647048299396523, -1.7759460122924395, -1.6485373014310034, 0.3256173874765303, -1.4686073602419443]]], [[[2.2358392844572483, -1.6002975166917535, 1.366945207705581], [2.930396722113555, -2.815704757280236, -3.102463398241924]], [[2.323816579653055, 0.11659708453960169, -3.007309280842521], [-1.0719326567652203, 1.7531059163221476, -1.5295820383347265]]]], [[[[-1.5113366927996972, 0.7364677908900485, -3.1371493895788483, 1.1114592225056517, 2.1902300123429677, 0.39052062947511984, 0.3184237635086751, 1.9657272593215875, -2.561525452489691, -0.6887138510517982, 3.0138414115335754, -0.23429233571382024, 1.2356499012665596, -1.2102071544335073, 1.0868961099958487]]], [[[0.9802413053044776, -0.49546408479331966, -0.1610220371007571], [-0.9553311267093586, -0.6210202370001044, 1.7130962518158057]], [[0.1431732983136459, 1.5595137550200882, 0.8539456171491202], [-2.2306315837302737, 0.4801261821072768, -2.5079165654562416]]]], [[[[2.485467371813639, 2.4498340210271525, 3.2079557877876477, -3.084059472573737, 2.500321873708242, 0.8051053040567347, 3.0970564530680913, -0.4055147563603318, 1.7006545337189103, 3.0474770923193146, -1.5748553458962997, 0.6688230158149367, 1.6116516814656472, -0.41936855500155146, 3.352572782860624]]], [[[0.5288683288666797, 3.117091280916994, -1.8534992920446796], [1.5506719323715303, -2.3745237964832877, 1.1215902631430321]], [[-0.2663085580918612, -2.217106972466738, 0.9007171312839821], [2.652878319747022, -2.339029951395096, 2.888310226713302]]]], [[[[-0.8941774602244308, -1.4489030586955332, 2.7844051067835145, -1.634164003173385, -0.6589927098846338, 3.1188600454831574, 1.8901159518857495, -1.3800474301822232, -1.6004910860100383, 1.1195475421878842, 2.5285494175075414, 2.031159379203163, -1.1345249514261595, 2.0455823978129746, -1.9097043530923996]]], [[[1.0283978536329104, -1.2433557176711043, -0.846611416969488], [-1.350999721093647, 0.3381932583135486, -0.6015214655360763]], [[-1.1334588732225561, 2.762173886883126, -0.7162363405074026], [-1.230255337438284, -2.8382758995332775, -1.5546640716758722]]]], [[[[-3.067356790929234, -0.7507240735835932, -2.9110520639522717, 1.9441819889236394, 2.0326037183661376, -1.8524501807680702, -1.8351785717944786, 1.9323194743968266, 2.6828175314133165, 2.9876749222874226, 0.06765903378706432, -2.2400846707907203, -0.41625466479634504, 1.6668924947238235, 0.3552205528810634]]], [[[-1.7980243515972503, -0.3995833467820563, -0.7523267391582342], [-0.09259815206188306, 1.9979364904861439, 1.3107362555954083]], [[2.0796214890719513, 2.03437970020266, -1.2389789478861253], [-2.0004236588146482, -0.3844225999971052, -2.346512251741566]]]], [[[[-0.3891713396295168, 1.9610715543736155, -1.0094333242550035, -3.0111307810902392, -0.1555681107880587, -2.211289667767905, 1.739769620719439, -1.5734527348313112, 0.9245539190804719, -2.283023564651256, -1.2138299979340266, 2.1214975304970136, 0.31586108892046694, 2.554034743681947, -2.6062356434894354]]], [[[-2.6733657370795902, -0.9364358967334253, -1.0167551452544394], [0.9047719807430901, 2.9265076257991636, 2.2322940781179623]], [[-0.9493478491896485, -0.5954862120536792, -0.160186232021148], [2.589584560270634, -1.6475582353346303, -2.0572662110917843]]]], [[[[2.598261120581542, 3.3007941245053987, -0.37916272677891616, 1.1707236391277078, -1.760949275680162, 1.3842447561015285, 0.14631336001185133, -2.4967226349447764, -1.1322908462351566, 1.4122445732855438, -0.879187594540404, -0.18710436283710088, 0.5329442839970272, 1.4770775989703626, 1.9354368743526917]]], [[[-2.3413062811225394, 1.403554645326156, -0.24949677303746443], [2.6306957064207013, 0.027041453055346415, 1.9353498202762633]], [[-0.02123733278790519, 0.2882948280153696, -3.0067057361288017], [0.1838665066239088, -0.07936987122062905, 0.8676552621880127]]]], [[[[-1.1744466667649183, 1.2167032097062953, -2.448084741601696, 0.39046890929599803, -1.72276346084678, -1.8799087566950399, -1.77770939947793, -0.4437903623382211, -2.4842304527222288, 2.51290078185207, 1.1228388569534726, 2.154481750358065, -1.5046707872116114, 2.3639963790948793, 2.652797351991695]]], [[[-1.303105729137015, -0.9453864180082926, -0.9085109204365076], [-1.699452479019202, -2.2069437090211745, 1.8866027951399094]], [[2.3027037697171133, -0.5458513894813456, -1.5359752554291197], [-1.8220293231936506, 0.10307872443471292, -0.36380477270373385]]]], [[[[-2.447114919140277, -3.2103025824024334, 1.2252323091671382, 2.9630234407596676, 1.550135988593368, -2.172570622314567, -2.6437013920282313, -0.26118378204692166, -0.07867577369782254, 0.8689694898222778, 0.3613121531968652, -1.3912987965085886, -0.26444123720073787, -1.3324058713779354, -1.8460749637612996]]], [[[1.4072891288601215, 1.592784206383398, 2.541528355696916], [-1.1538088218150224, 2.5397066976971794, -0.46889138672059527]], [[0.5936523533026763, 0.5389305452760275, 1.9625426015177512], [-1.8240226092255958, 0.7788622660214769, 0.38471118971990936]]]], [[[[-1.213504931661093, -2.022023661662065, 0.2654095498146223, -1.412773267940393, -1.605627451678482, -1.2192164565674957, -2.8224088464648824, -0.043817765440055105, 0.6643888419679882, -0.5860869201316498, 2.6509722939379476, -0.5970940497002504, 2.3766747990573327, -2.429637322252434, -0.45358119194460267]]], [[[1.6525881716786375, -0.527187175164074, 0.7433292572167445], [-1.1987180821055756, -1.3427593090357817, 