{"noise_params": [0.0, 0.05, 0.1, 0.15000000000000002, 0.2, 0.25, 0.30000000000000004, 0.35000000000000003, 0.4, 0.45, 0.5, 0.55, 0.6000000000000001, 0.65, 0.7000000000000001, 0.75, 0.8, 0.8500000000000001, 0.9, 0.9500000000000001, 1.0], "max_scores": [2.828422852075721, 2.724890877684085, 2.66120490494079, 2.6003212944537335, 2.5118282619519885, 2.3428019955600705, 2.346525308126954, 2.1639266618800623, 2.1754709510108565, 2.0695420449009343, 1.994649166667197, 1.9316135269347217, 1.993207854574485, 1.96368163270726, 1.960679509184529, 1.995152000839457, 1.9734292718486086, 1.997656149800931, 1.9949373922017437, 1.98345478290838, 1.9921139295404666], "opt_settings": [[[[[-0.6823941651133187, 0.9760766331818552, 2.104700789357926, -0.7566662046140376, -2.6933606064589704, 1.085322539843855, 2.7626477627721036, 0.4548799603021882, -1.2063088294344533, 2.126127368056822, -2.2500771078838593, 2.132036525078414, -2.949042371974614, 1.0071739086968425, -2.554327044117748]]], [[[-1.2211635713026687, -2.400295869603837, -3.0525677084553955], [0.4291595262085299, 2.502364967165972, -2.773827082420996]], [[-2.9482884451734037, -2.8355963884279265, 0.782422557444391], [-0.24806020984594124, -1.2526789902258741, 2.5080092299452117]]]], [[[[-1.5402455993224546, 0.7365247851020907, 0.1258010807050509, -1.5053447953916097, -3.5119028262456427, 2.0923428675413565, -1.1635639764564576, 0.18212717279453683, -0.01538471744918414, 1.8168979192495374, 2.4278065871934635, 0.7774817028558865, 1.5624716138773462, 0.6908438969719786, -0.26516909287938945]]], [[[2.5318261097744283, 2.1836617721393443, -2.9771102857713667], [0.9764646114768378, 1.265485498083063, -1.1874313703237993]], [[-1.966196553219738, 1.0259069347132326, 0.9844239399330856], [-1.6454401040174131, 2.518083945170223, 2.435951457934565]]]], [[[[1.5214489544131418, -0.30419275634241466, 3.023491263938963, 0.38423936330564573, 0.6751843925182265, -0.27912184942662044, -2.7276046148386692, -2.145171093945388, 0.1523985267368887, 1.798037344650633, 1.55245292919992, 2.1731272246055564, 1.4587530868920278, -3.139449556391727, 1.586793938016672]]], [[[1.6031789274307913, 1.751648445912515, -1.599879774692257], [-1.994937782411288, 0.780316557142455, -0.9284613379108992]], [[1.763970896006841, 0.6266006460690645, -2.3212481452463285], [0.8856872227933418, 1.103724713518328, 1.2093375100546542]]]], [[[[-0.3000965787039662, -2.154341504989684, -0.9308909996660484, 0.4194911533014612, -1.5708460651595513, -1.5545014557838228, -1.957897935596592, 2.299690621692258, 0.8575509753740369, 2.022004010610364, 0.5690163377845782, -0.2424044530074397, 2.3562888207021255, -0.7104748428586514, -0.6319847850798774]]], [[[-1.20708299144093, 0.8332146096677064, 0.2942290609409133], [-0.029713479112006037, 1.9384081187714528, 0.45986298672606635]], [[-2.078773804385623, 1.344806144158092, -2.5335275782526745], [-0.47449644588039264, 1.1012850780766945, 1.7310280268512042]]]], [[[[2.943649656525632, 2.1292563571650107, 1.5037171868311652, -0.6660916024960188, 0.9453071397725251, -3.2432370983950753, -0.9079282149567878, -1.273467979591166, -0.1327281992578585, -0.7761120437890605, -2.370544000524968, -2.320101449632696, -0.740470369090703, -0.7408194217902676, 2.2896012630164977]]], [[[2.267497856728222, -0.25863750153979614, -0.6881694576621094], [2.821834373515147, 3.1630217755995007, 2.6476207868338166]], [[0.709068006171427, -2.100801839552832, 2.979199853760349], [-3.0118580514827964, 1.815995553719653, -1.989782591836842]]]], [[[[2.735754165049774, -0.4173469606336868, 0.40400335193016845, -2.024878674310231, -0.539218914897718, 1.243628063688431, -1.3749198187319929, 1.6183987094517018, 2.982756259347608, 2.1292741726714426, 2.4565952768147135, -2.6427616879654434, 1.217613580020925, 1.0401543884590736, 2.6483053136439647]]], [[[2.3557648860469302, 2.3152561352549297, -1.2396988491773164], [-1.6562919911084422, 0.002111836302841133, -2.690824901765201]], [[-1.8476060545809925, 1.0340117745685156, 2.772161884715576], [0.9802829603607648, 3.243550993996316, 2.4413489845927794]]]], [[[[-2.0215317900743934, -2.8595253005067125, -1.6323781715217784, -0.07743933558568583, -0.9556377349938965, 2.776661200883333, -3.1018607353305767, -1.6156283729461594, -1.1594175580853991, -1.5135493507066538, -2.233172245841265, 1.409263170412505, -2.62490600981798, -2.0017615020004262, -1.4541947233590282]]], [[[-0.7680537008233916, -0.9738564408163184, -3.0304796339522055], [-3.0409809519626845, 1.9986288602109288, 2.534675508258137]], [[-1.4767377047736205, -2.07386070935363, -2.604029578217287], [-2.7057902457612077, 0.8047269895227672, 3.0525540422833553]]]], [[[[1.0737251795658624, 2.9089721507171133, -1.6781255207089234, -0.3469529451155259, 0.5317135587381672, 2.737448257961563, -0.25650869211270144, 1.3113111408920646, 0.6340104075857881, -0.036623187276415475, 2.100255787617744, 0.24156037424305157, -0.29851046515072094, -1.4889244819003795, -2.3529126078680007]]], [[[-0.7690815666946216, -2.269260409656116, 2.264255277882774], [-1.009802005566707, -0.5103839546282023, -0.4341627488488462]], [[2.891983814970162, -2.619481012225544, -1.3072362569043632], [-3.5153945161947826, 1.2233891375379415, 2.106268838121042]]]], [[[[2.884388690145477, 0.6223253457396621, 1.2197712598383843, -1.8530912402470134, -1.341150764066739, -0.6588970537588479, 2.309442684336358, 1.4169699328648258, -2.56553944035096, 2.572484959585377, -0.9980094532283238, -3.0565635521277055, -2.847159800435559, -0.44325111748433127, 0.02004009624438477]]], [[[-1.4997782827037385, -1.9135182658282297, -1.6559156691481633], [-2.51716721305957, -2.932416572883369, -0.38647990882128225]], [[-0.4801305348396826, 1.5027603889110466, -2.440373969853061], [-1.492023029638918, -2.2900695404349936, -1.7131507063551894]]]], [[[[1.4333047619048696, 2.8685279745454833, 3.0488214698036775, 2.317158790548355, 2.1614919158092296, -0.2525129472912801, -1.5059482141400382, 1.0548168184995985, 2.0083159635897623, -1.9545357722281405, -3.0592518940579856, -0.4506564707313552, -0.20023183203406508, -0.7299739186422324, -2.0525108536159657]]], [[[2.576879857677229, 1.7265124735466573, -0.9645476036430214], [-2.2588708902409382, -0.8561835971492838, -3.0309294370506517]], [[2.2300228561982967, 0.5482977672982534, -0.19665434743953367], [0.6760730493896645, -1.3622252312740548, 2.6369832202965195]]]], [[[[2.092650610229804, 0.09533696015328326, -0.35204596562380475, 0.3220527678234316, -1.929118532044083, -2.3805496775941677, 0.42448469188183036, 3.0929112555221887, -0.8056117728470373, -1.5524887948396824, 3.427304289831619, 2.935156688893331, -2.2463421538540436, 2.9992143842174093, -0.6525517095464696]]], [[[0.18659138964897687, -1.4491421708411334, 2.0107608533229175], [2.4029393394567826, -0.5643069765753592, -2.058125123949793]], [[2.6443278440550735, -3.3091699341325342, 0.7291762987902422], [-1.9509443675818858, -3.677980757454958, -1.8435428847548483]]]], [[[[-0.6769647847283743, 2.6436094652231477, -2.8490455572267637, -1.3915468563577635, -2.111463102915062, 0.7450908668032555, -1.126331717984022, -1.058481595880327, 1.4136405917589097, -0.05639981266884817, -0.1949732982603126, 2.1228779695895312, 2.6696006633534637, -2.9901787757176437, 2.6281115715194847]]], [[[3.0784700494908894, 2.568944765053611, 2.2046304817664506], [-2.7568742541022453, 0.646229886244272, -1.4334634016044805]], [[-3.441902476718101, 1.3526630718587416, -2.6195499818912373], [0.8033986953610271, 1.10952008655653, -2.637228840510611]]]], [[[[0.14950601234046695, -3.165295569710284, 1.1977506649342147, 2.1125988396409476, 3.5099754830626857, 3.291344270685277, 1.7119131896386428, -1.853010720554302, 1.8978032888893848, 1.9776329631220564, -2.6080735833047264, -2.3942096035799887, 2.92985558738312, -1.7194233140411477, 0.48904974617902697]]], [[[-1.1929896503460578, 1.6609614982648961, -0.5783756388889971], [-1.6745673214197039, -1.7438720752062884, 0.5537853045600496]], [[2.5581352708146627, 2.9712885750976517,