{"noise_params": [0.0, 0.05, 0.1, 0.15000000000000002, 0.2, 0.25, 0.30000000000000004, 0.35000000000000003, 0.4, 0.45, 0.5, 0.55, 0.6000000000000001, 0.65, 0.7000000000000001, 0.75, 0.8, 0.8500000000000001, 0.9, 0.9500000000000001, 1.0], "max_scores": [2.827485148532942, 2.7374927676728884, 2.655874047225779, NaN, 2.453161080879374, 2.3354798724754042, NaN, 2.169801612871865, 2.11117643600986, 2.0916577598846575, NaN, 1.9090103642033314, 1.9915535168803984, 1.9584403084118702, 1.9873868621762378, 1.9646757051535448, 1.9682904439680553, 1.9820864900732622, 1.9958016154163474, 1.9837775558818282, 1.9954715534757497], "opt_settings": [[[[[-0.39440800089063627, -0.6548730796692075, 3.0851762658441086, 1.4867550109557373, -3.2533703696342293, -2.4544363982813424, 2.649081671767396, 0.8571304157848567, 0.11156050818287697, -1.1924044290838816, -2.8142156071107496, -0.8110775111229663, -2.4577126612526166, -2.6347001310972695, -0.8567871494027083]]], [[[2.44695600452424, 0.5461847524836809, 2.914380927311093], [1.3215274126742398, -0.000660227964515564, 1.668992514624196]], [[-0.9481798961008346, -0.6481823371603215, -0.36810001391648894], [-2.9698627085719718, 0.14313742054955617, 2.665138308315332]]]], [[[[-2.2773089279975043, 1.8928827032952724, 3.3634643895055993, 2.4080636489767526, 2.899157293762691, 1.5545885997554194, -2.1764787192465636, -0.771142396357934, -2.313830202553123, 0.5689004313734963, 0.37763495119883894, 2.959151573958135, 0.24153884730428657, 0.2497556086801926, -2.5907175986237836]]], [[[-0.6554327648853472, 2.627438612445622, 1.4788682996987426], [1.7443348666371712, 2.1909347598865865, 1.180781305917578]], [[2.317057179070503, 1.355005211960305, 2.408624943272856], [-2.504869621856789, -2.5106183672845863, -1.1626584104741686]]]], [[[[-0.31693391591853115, 2.0498129088948693, -1.2894356998892353, 2.0594694308632104, -0.13416901625256092, 1.4951041619279746, -1.1718799983899828, 0.12950480912669382, -2.5839586514564115, 2.0767574603251298, -2.4886678041079646, -1.090895444923274, -0.7906218275061948, 2.977852260507465, -1.3331688549749274]]], [[[-2.8438268786004435, -0.03878849829184866, 1.9036899850498443], [-0.5631177843692762, -2.3715012016876416, -1.6867406097866773]], [[1.6034215138066978, 0.8840263767925634, -0.23129029179072225], [2.2239358887409937, -1.3236276885325797, 1.864460407315777]]]], [[], []], [[[[0.6133881766225312, 2.743420382010777, 1.7665504760520179, -1.544975713359988, -2.8899665635094025, -2.2423627908113026, -1.5402933709834143, 0.6740283424563784, -2.9217374334865323, -2.7287427596231026, -0.32844454715528126, -2.503160418454194, 2.537717482050592, -0.33374526355129913, -0.4368733509857526]]], [[[-0.8222997059188962, 0.9350104709388088, -0.8670990431139693], [2.389765525231869, 0.2217501008763527, 2.017594214956463]], [[2.010333480944135, -2.49988569919185, 0.3484060641141129], [-0.5926079846340385, -1.659991034422848, -1.1251090999731712]]]], [[[[-1.8815831157461456, 2.99104723058883, 0.17943769140605825, 0.24950531070557475, -2.258678995138264, 0.20112984863050226, 3.190917981246173, -2.5713029975008665, 1.5849802581876773, -2.8412105740340086, 2.5814839203664715, 2.4599845137199297, -1.4875576662981778, 0.6092191312501035, 2.250101447720653]]], [[[-0.2346113602545981, 1.2978796697127513, 2.8720816882701543], [-0.31591041272192577, 0.130394793445013, 1.249314575850022]], [[0.19787039057497097, 0.04824671003650473, 2.5281063188526245], [0.17198043264369467, -1.7212260259571561, -1.7567892808094367]]]], [[], []], [[[[-0.7121507355043311, 1.4691764561490177, 0.4448757218136442, 1.7202306254805477, -1.9323766998250198, -2.8337095155608454, 0.6800270548555104, -2.879944059592988, 1.5001953733058995, -1.342869260387503, 1.8954593866371845, 0.4373900364034119, -3.344683880784701, -2.7112869466547163, -1.8692693448091062]]], [[[-3.2850195911824365, 1.0651674983660555, -2.486238726659944], [-0.9254464323933466, -1.8176877835127359, 3.0380235598500684]], [[-0.34655335570698814, 1.77723223489427, 2.2737171246179804], [-0.7805044860913735, 0.5214260437733537, 0.38839836886949675]]]], [[[[-1.8376021711911885, 0.15945942259370344, -1.250814262868658, -3.0083970380753247, -0.7010517771831613, -1.8589403637642747, 1.765394297800194, 3.2393646795884834, 0.7951051313221097, -0.2802533087521644, 1.925797493775195, -0.37206434110239495, 2.8654532913209825, 2.68701723519093, 1.6513608059677458]]], [[[-2.2944647178256448, -1.7950013357554317, -0.3049216786175059], [0.8025418888291411, -2.7294649019333734, 2.730431563125536]], [[0.5412121455242204, 0.9576200759993367, 1.9447955158617258], [2.954762031614502, 0.4136675993784475, 2.8046689729632783]]]], [[[[2.4201442974237377, 0.08476651296270599, -2.4342386075855393, 0.8547014322288595, 3.0167598322721783, 0.13945713266196852, -0.4890689409737499, -1.4788623349718921, -2.6176734919645623, 0.38547168390361797, -1.678020067672989, 1.7249020011066174, 2.903436687156701, 2.686908669417989, 3.000024894497163]]], [[[0.7908988542611023, -1.4511959227000328, -0.7896814063883131], [0.44472358468191425, 2.9020468551332668, 2.5130259027658264]], [[2.5168893421646783, -1.1659612412432365, 2.0384998584048217], [1.1510090944248066, 1.364252469752218, 2.549917926811534]]]], [[], []], [[[[1.5409226888034733, 1.7656743167864424, -1.3425901142860883, -1.2382349027244954, -0.915834672060145, 1.8812000883478348, -2.6138793268818947, 2.4740321523563016, 2.550853539614056, 0.962510912289235, 1.3612720119547994, -1.3325713571169386, -0.8116841769941334, -1.8650925415979853, 1.8291090775577552]]], [[[1.9848729483834273, 1.2328458187188618, 1.1503378720342639], [2.5773851341231055, 0.2906925395996043, 2.733999524747028]], [[0.66101289554858, -1.4822198387863714, 1.0825657421741592], [-0.3861698149193845, -1.939443370880323, -1.1104659319537502]]]], [[[[-2.1306838415040295, 0.8242918891939663, 1.7947753735056247, -0.40502754436366495, 0.11844418397946485, 2.1109628221028127, 1.6386353320561522, 0.9230524143691404, -0.8756739029691409, 2.440765693420272, -2.9759605243363874, 1.3953087658277112, -0.4817006093984465, -1.7571644181057111, -1.2673461750598902]]], [[[-1.2967616960862842, -1.530013972743362, -2.1862026882440677], [-2.2911052492192985, 1.948665446589618, -0.4312129861195597]], [[-1.5628544977824002, -0.7584744138103834, 3.0776352338638215], [1.4443891619063558, -2.7135329002240387, -1.2432773946957127]]]], [[[[0.8123547603137155, 0.7842368187512073, -1.071527146507137, -2.3082376445977473, 3.008786645106219, -2.9057691703434414, -1.3068534818938768, 0.49970993849743595, 1.0428380021663224, -1.8730763317143053, -2.1998380824030024, -3.3185081625310024, -2.415108435334864, -0.499134506908094, 1.9182803206189794]]], [[[-2.7583180284243856, -0.5469381082880753, 0.8835927264229442], [-1.928410956980222, -1.7286756058111485, -2.37952381269415]], [[-1.4821829293277242, 1.2613258230276758, 2.224208307100872], [1.4446246834691066, 0.31800829396541164, 2.441948139713314]]]], [[[[-0.4106951501705794, -1.173054987788649, 0.9649203907651909, 1.9126264178806127, 1.0974784762330638, -1.9864669121349865, -2.596776587109605, -1.287239651863675, 2.0721691628473367, 0.39913470890536806, 2.826112917456633, -0.4136795142559581, 0.3672247746846775, -1.8256863418843807, -1.570238167753037]]], [[[1.2147159975167885, 0.10395172714991191, -2.721491322875636], [0.9163256487535717, -0.5808739997423671, 1.4430467737429868]], [[-2.8743959228086857, -0.8005087007236866, -2.354059164817015], [-1.9318987880523497, -2.4817179816080537, -0.1546831683946972]]]], [[[[-0.00274054616652087, -0.45543131327572284, 1.9736915563556339, 1.5874505866680357, -2.2673739165335762, -2.7517395744384925, 2.614532979013321, -2.890437936679453, 0.1904747684700331, 2.386317553707428, 0.8887187615298184, 1.3660547687981734, -1.997484973670958, -0.6170368367581179, 0.6556084564147138]]], [[[-2.1088343059522696, 2.35268488085269, -1.7480543591731283], [1.0785336567514683, 0.19617620593159357, 1.7946597383271525]], [[-1.0909619182390629, 