{"noise_params": [0.0, 0.05, 0.1, 0.15000000000000002, 0.2, 0.25, 0.30000000000000004, 0.35000000000000003, 0.4, 0.45, 0.5, 0.55, 0.6000000000000001, 0.65, 0.7000000000000001, 0.75, 0.8, 0.8500000000000001, 0.9, 0.9500000000000001, 1.0], "max_scores": [2.8284256933840917, 2.7256461735898245, 2.626232386757091, 2.5453264099454875, 2.4274248668442313, NaN, 2.3329673689343604, 2.1671789766037604, 2.187619736291632, 2.083281751110692, 1.9997869219620679, 1.9849620471960916, 1.9836996367922677, 1.990312999664055, 1.9745159698595036, 1.9948498082031552, 1.976895787835317, 1.9844746977335488, 1.9894743435552669, 1.991336241993278, 1.9937488139408166], "opt_settings": [[[[[0.16134828880944413, 1.8352153322097844, -0.9852705244030632, -2.0758874528376197, -1.0522686944341069, -0.0795884125597299, -1.4559260185852658, -0.04792507172857067, 2.312178793319438, -2.4414654698088283, -0.06595989830002853, 1.7637287888134723, -1.733831502968564, 0.014108531502709371, 0.318816704203906]]], [[[-0.7906420144898488, -2.0834637558608655, -1.1428215621750277], [0.03805557602949354, -0.2436144714553208, -0.1470881805717621]], [[1.4349246253373875, 0.4315507575260776, 1.6635793202797018], [-2.9659108434821086, 1.1835210956154234, 1.0234641754899965]]]], [[[[0.5541789021515516, -0.5829875809342222, -0.8145390248152534, -2.3139253442691876, -2.259380453165995, -1.6050348070239255, 1.4769429496272393, 0.6843786400017682, -2.0758298212498008, -0.8589312073492656, 2.3946176475107825, -2.0190177320747837, -2.433805032093366, 2.221000637141244, -0.3788969378973702]]], [[[0.5331331089128418, 0.9283835414968006, -0.7795061182752501], [-2.48194296246837, 0.023297424369195033, -2.468741175776773]], [[-0.537567934428749, 0.4298340737276748, 1.7068841848584642], [0.11781219681782323, 0.14809342762369454, -2.576923994673307]]]], [[[[0.0392920888387713, 3.0624305704487558, -2.7035110928407295, 1.7603341107631274, -2.990867669083255, -2.444707815309475, -2.250931073603525, -1.6945035577712675, -0.3489508742615034, 2.4091517251934738, -0.5850936808675142, -2.168019318310524, 1.1898688339936991, -1.3825966851285305, -0.2781122840679279]]], [[[3.060378703656479, -0.12356941500564114, 0.4113025882341588], [2.880408538048535, -1.7329134673967295, 2.6746292260385314]], [[1.0526197434387408, -0.4169962484229003, 2.8073370096270445], [-2.7378177124606937, -0.3864314394320802, -2.6722666683470244]]]], [[[[-1.799241093860073, 1.8257658250528799, -2.1711496361576073, 0.7205773853137672, 1.97041327556188, 1.3266715664875683, -2.3539211003594165, -2.4283720575264094, 1.685608084686313, 3.2452414742328717, 2.8585746089753257, 2.8605727801308674, -0.8267001973623623, -2.444674288946451, 1.8096016594101034]]], [[[-1.1553310956181313, 1.7180976985323688, 1.7404328482167237], [-2.2292590693283465, 0.8253243911141601, -0.8543555667009279]], [[-1.3664207256001584, 0.2560978712669267, -0.2804153401956899], [-0.2221327003875281, -3.343887183440511, 0.38277657006150667]]]], [[[[-1.3058477912339557, -1.4361319865447526, -0.42278598033130527, -0.32767369671948965, -2.279407122735553, -1.7863144126900354, 2.034181982809374, -0.6148461327248247, -0.29958648756546236, 2.5445638906677974, 1.9219925383254794, 1.8770817225083336, 3.939957699945405, 0.7414964147903149, 1.776848795407166]]], [[[-1.8939369804374069, 2.9157207319067404, 0.24069924656186098], [-0.06083115478893383, -1.9703169176954227, -1.4025937005035944]], [[1.0665874364842887, 0.08761132979284472, 0.5083755382241897], [1.8812644629428523, 1.1939025265747036, 3.060108175412611]]]], [[], []], [[[[3.0840270864598227, 1.0396605203772291, -1.3774000020921824, 2.5997832515725237, -2.7653937617543116, -1.1446769288556504, 1.7704102004480542, 1.2553345258768054, -1.074975588149454, -0.3672970314913803, 0.710706618765559, 1.8935685058888951, -2.4228203186559485, 0.4095508080869583, 1.0724479463564385]]], [[[3.3136548417095186, -1.8533055278001938, -0.06620499877692504], [2.071478432317431, -1.2561664204363057, 2.0208631376190223]], [[-0.39255372670845207, -1.36438735490225, 0.39104225941067666], [-1.8021904690890416, -0.6027745635320116, -2.1171907316079404]]]], [[[[-0.657421575761433, -1.9024501863795757, -0.8669441212610534, -0.5668947326011127, 0.06720030346834624, -2.219983098823801, 0.25383323128643914, -1.2320950222142293, 3.218422209573341, 2.2007579502183456, -2.466480392618131, 2.146308361730187, 1.6212304773940094, -2.717936544998902, -1.2291506630705]]], [[[-2.0398454321803436, -2.2048940881222263, -2.7372262181944524], [1.0811348298544252, -2.073005728860822, 2.514282668951668]], [[0.21152396773832927, 0.5266498184757294, 0.931264065123095], [-2.59201784640616, -2.5220792886841394, 2.8482627529943727]]]], [[[[-1.3373427376079376, 2.800589258775307, -2.090945322631474, 1.7567245160891425, 0.8848699983697198, 1.0053270975336266, -1.4537380598095726, 2.9244447830771705, -0.23807287392933182, -2.3111590106150506, 1.6109318452209194, 0.8748118782541633, 2.515406931997548, 2.5198448406443914, 1.7246590638862342]]], [[[1.5933646986758614, 0.7201081679370596, 1.4532267661375862], [-0.8684681257027391, -2.3937959333348227, 3.077379459479811]], [[0.32557251391425673, -1.2634251916976469, -2.750319689482258], [1.5265093611359544, -1.3982089449647899, 2.307498423104324]]]], [[[[-2.133947581236493, -0.5540090559476247, -3.038664591427298, -0.891297688190012, 0.28119564360819205, -1.133848726815044, 2.412618354961462, -2.308777030970902, -2.0978284587958513, -2.951290739523253, 0.08108331176155933, 2.8877806388368685, 1.1908333062113934, -1.4072067936396024, 0.44824447998099287]]], [[[-1.4786035804414739, -1.0017462581179404, 3.091547290959949], [-0.28602312365200505, -2.5228994164082503, 2.370473532943837]], [[2.836934134186872, 2.1856152064975514, -0.1376286236986548], [0.83560182687784, 1.3563388462000694, 2.9858412551700484]]]], [[[[-0.03203275013510606, 1.50174396249176, -1.7633414027866505, 3.198006634115757, 2.387313323152086, 2.265970017568784, -2.5986904536303848, -1.9727476479248014, 3.30286702262768, 1.6586483057869885, -1.6064018348241227, 0.205286054572421, 0.4675097318231944, -0.8673654232712872, 2.9189654899317987]]], [[[3.040000782643554, 2.9330862332722694, -2.696757740665607], [-0.07173221985769383, 2.4272209597166894, 0.3396276813043219]], [[1.3791424905599847, -0.7969793461517798, -0.6706558981844735], [-0.2533747414159661, -2.018591160907678, -0.8329562386912035]]]], [[[[-1.6667271707150382, 1.900165274413632, 1.4535684660384576, 1.6516215769759568, -1.6288462300494901, 1.0700960657988132, 2.117831346221096, -3.069383731156471, 3.0452632363505363, 1.5053612955542188, 1.8738088866149694, 0.16295245766542504, 0.13222168184266175, -0.08533933876068606, -2.6325618358916265]]], [[[0.29699628952075013, -0.4485803545088193, -2.8017462484714013], [-3.099922911773577, -3.2582580138389288, -1.0516928619358241]], [[3.01180828208269, 3.02385293450721, 0.5281794090924108], [2.50456785335196, 1.8904714856694622, -0.9450851528763411]]]], [[[[1.3479829833819736, -2.470525888768473, -0.8904873397087774, -0.28256327580011203, 0.04492811638338286, -3.2343042366515564, 0.5093611057250326, -0.2082995060119386, -1.5738644759471974, -0.676467481514324, 0.7098335003039362, -0.3375610318144382, -0.8173186861754299, -1.7298494077562063, 2.811749095958476]]], [[[-2.6461128462691854, -3.266756414809162, -1.3204515904950194], [-0.6768720442745612, -1.2078794505981536, 2.3709348083624997]], [[1.9977876398533996, -2.1080429583594595, 1.3602125303258772], [-1.4601426634355705, 2.787608371648666, -0.5429938248351256]]]], [[[[-1.8641305036689013, -0.11330388075736288, -1.849542302943839, -1.11064728301789, 0.9376868325741896, -0.7747050983775775, 0.05561763891618156, -1.0783388185987135, -2.1622188400975237, 1.307557658520884, -1.698533746255849, 2.309314718644038, -2.336754815208532, -3.4152192882920627, 1.6660004323402133]]], [[[-2.725689788225391, 2.855216091083517, 2.2208784623337694], [-3.127662549513881, 2.0310921626563734, -1.3888181481866493]], [[-0.49895299037939567, 