{
  "datetime": "2021-12-08T04:27:26Z",
  "opt_score": 1.8383333333333334,
  "opt_settings": [
    [
      [
        []
      ]
    ],
    [
      [
        [
          -2.8870202439641974
        ],
        [
          -1.5875154780499763
        ]
      ],
      [
        [
          -1.5169510315579302
        ],
        [
          -3.085522539540473
        ]
      ]
    ]
  ],
  "scores": [
    1.2893333333333334,
    1.8383333333333334,
    2.087,
    2.087666666666667,
    2.083666666666667,
    2.2353333333333336,
    2.2716666666666665,
    2.1,
    2.4043333333333337,
    2.234,
    2.143666666666667,
    2.404,
    2.1656666666666666,
    2.0660000000000003,
    2.0673333333333335,
    2.1656666666666666,
    2.177
  ],
  "samples": [
    0,
    1,
    2,
    3,
    4,
    5,
    6,
    7,
    8,
    9,
    10,
    11,
    12,
    13,
    14,
    15,
    16
  ],
  "settings_history": [
    [
      [
        [
          []
        ]
      ],
      [
        [
          [
            -2.991973577297531
          ],
          [
            -1.7243188113833097
          ]
        ],
        [
          [
            -1.3688160315579303
          ],
          [
            -2.9795942062071394
          ]
        ]
      ]
    ],
    [
      [
        [
          []
        ]
      ],
      [
        [
          [
            -2.8870202439641974
          ],
          [
            -1.5875154780499763
          ]
        ],
        [
          [
            -1.5169510315579302
          ],
          [
            -3.085522539540473
          ]
        ]
      ]
    ],
    [
      [
        [
          []
        ]
      ],
      [
        [
          [
            -2.797861910630864
          ],
          [
            -1.469952144716643
          ]
        ],
        [
          [
            -1.633322698224597
          ],
          [
            -3.175785872873806
          ]
        ]
      ]
    ],
    [
      [
        [
          []
        ]
      ],
      [
        [
          [
            -2.736263577297531
          ],
          [
            -1.3826788113833097
          ]
        ],
        [
          [
            -1.7116260315579304
          ],
          [
            -3.2403092062071392
          ]
        ]
      ]
    ],
    [
      [
        [
          []
        ]
      ],
      [
        [
          [
            -2.697631910630864
          ],
          [
            -1.3163354780499763
          ]
        ],
        [
          [
            -1.7683060315579304
          ],
          [
            -3.2859392062071393
          ]
        ]
      ]
    ],
    [
      [
        [
          []
        ]
      ],
      [
        [
          [
            -2.6711552439641975
          ],
          [
            -1.2632088113833095
          ]
        ],
        [
          [
            -1.8018460315579303
          ],
          [
            -3.323400872873806
          ]
        ]
      ]
    ],
    [
      [
        [
          []
        ]
      ],
      [
        [
          [
            -2.6556202439641976
          ],
          [
            -1.2232121447166429
          ]
        ],
        [
          [
            -1.8266110315579303
          ],
          [
            -3.348425872873806
          ]
        ]
      ]
    ],
    [
      [
        [
          []
        ]
      ],
      [
        [
          [
            -2.644158577297531
          ],
          [
            -1.1939188113833095
          ]
        ],
        [
          [
            -1.8446810315579303
          ],
          [
            -3.3700275395404726
          ]
        ]
      ]
    ],
    [
      [
        [
          []
        ]
      ],
      [
        [
          [
            -2.6333902439641976
          ],
          [
            -1.1664238113833094
          ]
        ],
        [
          [
            -1.8621660315579303
          ],
          [
            -3.3879242062071393
          ]
        ]
      ]
    ],
    [
      [
        [
          []
        ]
      ],
      [
        [
          [
            -2.6235752439641975
          ],
          [
            -1.1456238113833095
          ]
        ],
        [
          [
            -1.8718510315579302
          ],
          [
            -3.4030692062071393
          ]
        ]
      ]
    ],
    [
      [
        [
          []
        ]
      ],
      [
        [
          [
            -2.623943577297531
          ],
          [
            -1.1322121447166429
          ]
        ],
        [
          [
            -1.8749493648912636
          ],
          [
            -3.4084425395404727
          ]
        ]
      ]
    ],
    [
      [
        [
          []
        ]
      ],
      [
        [
          [
            -2.627821910630864
          ],
          [
            -1.1209888113833095
          ]
        ],
        [
          [
            -1.8780043648912637
          ],
          [
            -3.4145742062071394
          ]
        ]
      ]
    ],
    [
      [
        [
          []
        ]
      ],
      [
        [
          [
            -2.6281685772975307
          ],
          [
            -1.1132971447166429
          ]
        ],
        [
          [
            -1.880517698224597
          ],
          [
            -3.4205975395404726
          ]
        ]
      ]
    ],
    [
      [
        [
          []
        ]
      ],
      [
        [
          [
            -2.626651910630864
          ],
          [
            -1.1061688113833095
          ]
        ],
        [
          [
            -1.8856093648912637
          ],
          [
            -3.424259206207139
          ]
        ]
      ]
    ],
    [
      [
        [
          []
        ]
      ],
      [
        [
          [
            -2.6274752439641973
          ],
          [
            -1.1016838113833094
          ]
        ],
        [
          [
            -1.8848076982245972
          ],
          [
            -3.4202725395404725
          ]
        ]
      ]
    ],
    [
      [
        [
          []
        ]
      ],
      [
        [
          [
            -2.627280243964197
          ],
          [
            -1.0966138113833095
          ]
        ],
        [
          [
            -1.8863026982245972
          ],
          [
            -3.424844206207139
          ]
        ]
      ]
    ],
    [
      [
        [
          []
        ]
      ],
      [
        [
          [
            -2.631006910630864
          ],
          [
            -1.0929088113833094
          ]
        ],
        [
          [
            -1.8846993648912638
          ],
          [
            -3.421810872873806
          ]
        ]
      ]
    ]
  ],
  "step_times": [
    300.19544100761414,
    300.19544100761414,
    300.0430500507355,
    320.13485527038574,
    290.052973985672,
    1200.0175449848175,
    1420.1624388694763,
    520.559229850769,
    260.0389049053192,
    309.94381284713745,
    549.4416739940643,
    290.164183139801,
    330.28791189193726,
    270.06568813323975,
    270.1794972419739,
    219.29469513893127,
    329.88638520240784
  ],
  "step_size": 0.13,
  "theoretical_score": 2.1976666666666667
}