{
  "datetime": "2021-12-10T11:31:31Z",
  "opt_score": -2.142333333333333,
  "opt_settings": [
    [
      [
        []
      ]
    ],
    [
      [
        [
          2.5456196457257727
        ],
        [
          1.7814810407480803
        ]
      ],
      [
        [
          -0.5671218020259895
        ],
        [
          0.4315994400725228
        ]
      ]
    ]
  ],
  "scores": [
    -2.236666666666667,
    -2.142333333333333,
    -2.027,
    -1.8436666666666666,
    -1.4933333333333332,
    -0.9956666666666666,
    -0.315,
    0.3663333333333333,
    0.9863333333333334,
    1.3926666666666667,
    1.7546666666666664,
    2.037333333333333,
    2.1486666666666667,
    2.246666666666667,
    2.2496666666666667,
    2.345666666666667,
    2.316333333333333
  ],
  "samples": [
    0,
    1,
    2,
    3,
    4,
    5,
    6,
    7,
    8,
    9,
    10,
    11,
    12,
    13,
    14,
    15,
    16
  ],
  "settings_history": [
    [
      [
        [
          []
        ]
      ],
      [
        [
          [
            2.6197596457257726
          ],
          [
            1.7533610407480804
          ]
        ],
        [
          [
            -0.6270618020259895
          ],
          [
            0.4452394400725228
          ]
        ]
      ]
    ],
    [
      [
        [
          []
        ]
      ],
      [
        [
          [
            2.5456196457257727
          ],
          [
            1.7814810407480803
          ]
        ],
        [
          [
            -0.5671218020259895
          ],
          [
            0.4315994400725228
          ]
        ]
      ]
    ],
    [
      [
        [
          []
        ]
      ],
      [
        [
          [
            2.4538796457257726
          ],
          [
            1.8112410407480803
          ]
        ],
        [
          [
            -0.4880618020259895
          ],
          [
            0.4198194400725228
          ]
        ]
      ]
    ],
    [
      [
        [
          []
        ]
      ],
      [
        [
          [
            2.3622396457257726
          ],
          [
            1.8369410407480804
          ]
        ],
        [
          [
            -0.3879818020259895
          ],
          [
            0.4112594400725228
          ]
        ]
      ]
    ],
    [
      [
        [
          []
        ]
      ],
      [
        [
          [
            2.2266196457257728
          ],
          [
            1.8586210407480803
          ]
        ],
        [
          [
            -0.2620418020259895
          ],
          [
            0.4052794400725228
          ]
        ]
      ]
    ],
    [
      [
        [
          []
        ]
      ],
      [
        [
          [
            2.061859645725773
          ],
          [
            1.8722610407480804
          ]
        ],
        [
          [
            -0.10716180202598949
          ],
          [
            0.4039594400725228
          ]
        ]
      ]
    ],
    [
      [
        [
          []
        ]
      ],
      [
        [
          [
            1.8702796457257729
          ],
          [
            1.8797410407480803
          ]
        ],
        [
          [
            0.07445819797401051
          ],
          [
            0.4044994400725228
          ]
        ]
      ]
    ],
    [
      [
        [
          []
        ]
      ],
      [
        [
          [
            1.6654196457257728
          ],
          [
            1.8800210407480804
          ]
        ],
        [
          [
            0.2762381979740105
          ],
          [
            0.4050594400725228
          ]
        ]
      ]
    ],
    [
      [
        [
          []
        ]
      ],
      [
        [
          [
            1.468719645725773
          ],
          [
            1.8807410407480805
          ]
        ],
        [
          [
            0.4815181979740105
          ],
          [
            0.3972794400725228
          ]
        ]
      ]
    ],
    [
      [
        [
          []
        ]
      ],
      [
        [
          [
            1.379559645725773
          ],
          [
            1.8816810407480804
          ]
        ],
        [
          [
            0.6664581979740105
          ],
          [
            0.3831794400725228
          ]
        ]
      ]
    ],
    [
      [
        [
          []
        ]
      ],
      [
        [
          [
            1.2279996457257731
          ],
          [
            1.8894410407480804
          ]
        ],
        [
          [
            0.8274781979740105
          ],
          [
            0.3662194400725228
          ]
        ]
      ]
    ],
    [
      [
        [
          []
        ]
      ],
      [
        [
          [
            1.111799645725773
          ],
          [
            1.9032010407480804
          ]
        ],
        [
          [
            0.9584981979740104
          ],
          [
            0.3388194400725228
          ]
        ]
      ]
    ],
    [
      [
        [
          []
        ]
      ],
      [
        [
          [
            1.026559645725773
          ],
          [
            1.9267610407480804
          ]
        ],
        [
          [
            1.0564181979740104
          ],
          [
            0.3052594400725228
          ]
        ]
      ]
    ],
    [
      [
        [
          []
        ]
      ],
      [
        [
          [
            0.9637396457257731
          ],
          [
            1.9552810407480803
          ]
        ],
        [
          [
            1.1265181979740104
          ],
          [
            0.2708194400725228
          ]
        ]
      ]
    ],
    [
      [
        [
          []
        ]
      ],
      [
        [
          [
            0.9171196457257731
          ],
          [
            1.9867810407480804
          ]
        ],
        [
          [
            1.1863981979740104
          ],
          [
            0.2331394400725228
          ]
        ]
      ]
    ],
    [
      [
        [
          []
        ]
      ],
      [
        [
          [
            0.8809396457257731
          ],
          [
            2.0201610407480803
          ]
        ],
        [
          [
            1.2300981979740104
          ],
          [
            0.19363944007252282
          ]
        ]
      ]
    ],
    [
      [
        [
          []
        ]
      ],
      [
        [
          [
            0.8539596457257731
          ],
          [
            2.0505210407480803
          ]
        ],
        [
          [
            1.2645581979740104
          ],
          [
            0.15781944007252283
          ]
        ]
      ]
    ]
  ],
  "step_times": [
    159.89927911758423,
    159.89927911758423,
    150.0762701034546,
    150.07399702072144,
    419.856858253479,
    410.46347975730896,
    159.709792137146,
    170.05269694328308,
    379.87684416770935,
    150.13061809539795,
    159.41757678985596,
    160.40769004821777,
    150.08972811698914,
    160.72973895072937,
    159.61668419837952,
    149.36770009994507,
    159.91812992095947
  ],
  "step_size": 0.12,
  "theoretical_score": 2.4553333333333334
}