{
  "datetime": "2021-12-09T16:52:26Z",
  "opt_score": 1.5939999999999999,
  "opt_settings": [
    [
      [
        []
      ]
    ],
    [
      [
        [
          -0.291329247903559
        ],
        [
          2.086751579042078
        ]
      ],
      [
        [
          0.686900406048024
        ],
        [
          -1.4856360795863097
        ]
      ]
    ]
  ],
  "scores": [
    1.206,
    1.5939999999999999,
    1.9859999999999998,
    2.1229999999999998,
    2.1896666666666667,
    2.2953333333333337,
    2.2936666666666667,
    2.2896666666666667,
    2.3013333333333335,
    2.360666666666667,
    2.3153333333333332,
    2.351,
    2.299,
    2.396,
    2.3529999999999998,
    2.341666666666667,
    2.2796666666666665
  ],
  "samples": [
    0,
    1,
    2,
    3,
    4,
    5,
    6,
    7,
    8,
    9,
    10,
    11,
    12,
    13,
    14,
    15,
    16
  ],
  "settings_history": [
    [
      [
        [
          []
        ]
      ],
      [
        [
          [
            -0.28262924790355903
          ],
          [
            2.2517315790420778
          ]
        ],
        [
          [
            0.6739404060480241
          ],
          [
            -1.6419760795863096
          ]
        ]
      ]
    ],
    [
      [
        [
          []
        ]
      ],
      [
        [
          [
            -0.291329247903559
          ],
          [
            2.086751579042078
          ]
        ],
        [
          [
            0.686900406048024
          ],
          [
            -1.4856360795863097
          ]
        ]
      ]
    ],
    [
      [
        [
          []
        ]
      ],
      [
        [
          [
            -0.300749247903559
          ],
          [
            1.948271579042078
          ]
        ],
        [
          [
            0.700200406048024
          ],
          [
            -1.3559960795863097
          ]
        ]
      ]
    ],
    [
      [
        [
          []
        ]
      ],
      [
        [
          [
            -0.301469247903559
          ],
          [
            1.835551579042078
          ]
        ],
        [
          [
            0.710940406048024
          ],
          [
            -1.2516560795863096
          ]
        ]
      ]
    ],
    [
      [
        [
          []
        ]
      ],
      [
        [
          [
            -0.296609247903559
          ],
          [
            1.750131579042078
          ]
        ],
        [
          [
            0.718160406048024
          ],
          [
            -1.1780360795863096
          ]
        ]
      ]
    ],
    [
      [
        [
          []
        ]
      ],
      [
        [
          [
            -0.29050924790355903
          ],
          [
            1.684651579042078
          ]
        ],
        [
          [
            0.718700406048024
          ],
          [
            -1.1239960795863095
          ]
        ]
      ]
    ],
    [
      [
        [
          []
        ]
      ],
      [
        [
          [
            -0.280669247903559
          ],
          [
            1.6370515790420779
          ]
        ],
        [
          [
            0.714800406048024
          ],
          [
            -1.0821560795863094
          ]
        ]
      ]
    ],
    [
      [
        [
          []
        ]
      ],
      [
        [
          [
            -0.26896924790355903
          ],
          [
            1.598191579042078
          ]
        ],
        [
          [
            0.7094404060480239
          ],
          [
            -1.0487560795863093
          ]
        ]
      ]
    ],
    [
      [
        [
          []
        ]
      ],
      [
        [
          [
            -0.25832924790355904
          ],
          [
            1.574511579042078
          ]
        ],
        [
          [
            0.704020406048024
          ],
          [
            -1.0310360795863094
          ]
        ]
      ]
    ],
    [
      [
        [
          []
        ]
      ],
      [
        [
          [
            -0.24648924790355906
          ],
          [
            1.551351579042078
          ]
        ],
        [
          [
            0.6951204060480239
          ],
          [
            -1.0112160795863094
          ]
        ]
      ]
    ],
    [
      [
        [
          []
        ]
      ],
      [
        [
          [
            -0.23454924790355905
          ],
          [
            1.530211579042078
          ]
        ],
        [
          [
            0.686840406048024
          ],
          [
            -0.9957960795863094
          ]
        ]
      ]
    ],
    [
      [
        [
          []
        ]
      ],
      [
        [
          [
            -0.22396924790355904
          ],
          [
            1.513011579042078
          ]
        ],
        [
          [
            0.682160406048024
          ],
          [
            -0.9866360795863095
          ]
        ]
      ]
    ],
    [
      [
        [
          []
        ]
      ],
      [
        [
          [
            -0.21548924790355906
          ],
          [
            1.500651579042078
          ]
        ],
        [
          [
            0.6759004060480239
          ],
          [
            -0.9766160795863095
          ]
        ]
      ]
    ],
    [
      [
        [
          []
        ]
      ],
      [
        [
          [
            -0.20902924790355906
          ],
          [
            1.487531579042078
          ]
        ],
        [
          [
            0.6684604060480239
          ],
          [
            -0.9712160795863095
          ]
        ]
      ]
    ],
    [
      [
        [
          []
        ]
      ],
      [
        [
          [
            -0.20166924790355906
          ],
          [
            1.478191579042078
          ]
        ],
        [
          [
            0.6647804060480239
          ],
          [
            -0.9658760795863095
          ]
        ]
      ]
    ],
    [
      [
        [
          []
        ]
      ],
      [
        [
          [
            -0.19810924790355905
          ],
          [
            1.4698915790420781
          ]
        ],
        [
          [
            0.659600406048024
          ],
          [
            -0.9591160795863095
          ]
        ]
      ]
    ],
    [
      [
        [
          []
        ]
      ],
      [
        [
          [
            -0.19304924790355907
          ],
          [
            1.4641715790420782
          ]
        ],
        [
          [
            0.657620406048024
          ],
          [
            -0.9577760795863095
          ]
        ]
      ]
    ]
  ],
  "step_times": [
    200.65966320037842,
    200.65966320037842,
    170.4605360031128,
    150.21184587478638,
    190.0024859905243,
    150.2507302761078,
    180.2521300315857,
    159.58821606636047,
    189.37558794021606,
    170.04501223564148,
    149.64788818359375,
    139.50865626335144,
    203.48110818862915,
    151.23018312454224,
    160.39916896820068,
    149.67822170257568,
    150.19157600402832
  ],
  "step_size": 0.12,
  "theoretical_score": 2.3173333333333335
}