{
  "datetime": "2021-12-09T04:13:12Z",
  "opt_score": 1.3183333333333334,
  "opt_settings": [
    [
      [
        []
      ]
    ],
    [
      [
        [
          1.655544504350054
        ],
        [
          2.3920878089416875
        ]
      ],
      [
        [
          2.445164736868003
        ],
        [
          -1.2414024473197742
        ]
      ]
    ]
  ],
  "scores": [
    1.1323333333333334,
    1.3183333333333334,
    1.407,
    1.4473333333333334,
    1.5606666666666666,
    1.6223333333333332,
    1.6686666666666667,
    1.6123333333333334,
    1.6433333333333335,
    1.5646666666666667,
    1.6893333333333334,
    1.814,
    1.7766666666666668,
    1.6576666666666666,
    1.6946666666666665,
    1.8186666666666667,
    1.8506666666666667
  ],
  "samples": [
    0,
    1,
    2,
    3,
    4,
    5,
    6,
    7,
    8,
    9,
    10,
    11,
    12,
    13,
    14,
    15,
    16
  ],
  "settings_history": [
    [
      [
        [
          []
        ]
      ],
      [
        [
          [
            1.6026528376833875
          ],
          [
            2.4308628089416873
          ]
        ],
        [
          [
            2.5292230702013363
          ],
          [
            -1.312829113986441
          ]
        ]
      ]
    ],
    [
      [
        [
          []
        ]
      ],
      [
        [
          [
            1.655544504350054
          ],
          [
            2.3920878089416875
          ]
        ],
        [
          [
            2.445164736868003
          ],
          [
            -1.2414024473197742
          ]
        ]
      ]
    ],
    [
      [
        [
          []
        ]
      ],
      [
        [
          [
            1.6983345043500542
          ],
          [
            2.355439475608354
          ]
        ],
        [
          [
            2.3706030702013363
          ],
          [
            -1.1752741139864409
          ]
        ]
      ]
    ],
    [
      [
        [
          []
        ]
      ],
      [
        [
          [
            1.7323611710167208
          ],
          [
            2.3248228089416876
          ]
        ],
        [
          [
            2.314264736868003
          ],
          [
            -1.1150307806531075
          ]
        ]
      ]
    ],
    [
      [
        [
          []
        ]
      ],
      [
        [
          [
            1.7611995043500541
          ],
          [
            2.2993761422750207
          ]
        ],
        [
          [
            2.2626014035346698
          ],
          [
            -1.0608557806531074
          ]
        ]
      ]
    ],
    [
      [
        [
          []
        ]
      ],
      [
        [
          [
            1.7810178376833874
          ],
          [
            2.2774861422750208
          ]
        ],
        [
          [
            2.21953640353467
          ],
          [
            -1.0081657806531075
          ]
        ]
      ]
    ],
    [
      [
        [
          []
        ]
      ],
      [
        [
          [
            1.7934111710167207
          ],
          [
            2.2611328089416873
          ]
        ],
        [
          [
            2.1836580702013366
          ],
          [
            -0.9604441139864408
          ]
        ]
      ]
    ],
    [
      [
        [
          []
        ]
      ],
      [
        [
          [
            1.796839504350054
          ],
          [
            2.252241142275021
          ]
        ],
        [
          [
            2.1590730702013365
          ],
          [
            -0.9234107806531074
          ]
        ]
      ]
    ],
    [
      [
        [
          []
        ]
      ],
      [
        [
          [
            1.797279504350054
          ],
          [
            2.242854475608354
          ]
        ],
        [
          [
            2.1358080702013367
          ],
          [
            -0.8823257806531074
          ]
        ]
      ]
    ],
    [
      [
        [
          []
        ]
      ],
      [
        [
          [
            1.792054504350054
          ],
          [
            2.2360528089416873
          ]
        ],
        [
          [
            2.117144736868003
          ],
          [
            -0.8453291139864407
          ]
        ]
      ]
    ],
    [
      [
        [
          []
        ]
      ],
      [
        [
          [
            1.7785978376833873
          ],
          [
            2.2334678089416875
          ]
        ],
        [
          [
            2.0979680702013366
          ],
          [
            -0.810312447319774
          ]
        ]
      ]
    ],
    [
      [
        [
          []
        ]
      ],
      [
        [
          [
            1.7649211710167207
          ],
          [
            2.228646142275021
          ]
        ],
        [
          [
            2.0808447368680034
          ],
          [
            -0.7709141139864407
          ]
        ]
      ]
    ],
    [
      [
        [
          []
        ]
      ],
      [
        [
          [
            1.7426645043500542
          ],
          [
            2.228811142275021
          ]
        ],
        [
          [
            2.06234640353467
          ],
          [
            -0.7295541139864408
          ]
        ]
      ]
    ],
    [
      [
        [
          []
        ]
      ],
      [
        [
          [
            1.7186478376833876
          ],
          [
            2.2338528089416876
          ]
        ],
        [
          [
            2.04925640353467
          ],
          [
            -0.6876807806531074
          ]
        ]
      ]
    ],
    [
      [
        [
          []
        ]
      ],
      [
        [
          [
            1.6918445043500543
          ],
          [
            2.2400311422750208
          ]
        ],
        [
          [
            2.0371380702013364
          ],
          [
            -0.6486124473197741
          ]
        ]
      ]
    ],
    [
      [
        [
          []
        ]
      ],
      [
        [
          [
            1.6585328376833877
          ],
          [
            2.2470161422750206
          ]
        ],
        [
          [
            2.0210964035346697
          ],
          [
            -0.6053457806531074
          ]
        ]
      ]
    ],
    [
      [
        [
          []
        ]
      ],
      [
        [
          [
            1.625221171016721
          ],
          [
            2.2542211422750205
          ]
        ],
        [
          [
            2.0065764035346696
          ],
          [
            -0.5607957806531074
          ]
        ]
      ]
    ]
  ],
  "step_times": [
    319.7167990207672,
    319.7167990207672,
    310.0212290287018,
    319.9855921268463,
    280.4778962135315,
    730.0905721187592,
    1370.1278522014618,
    590.1496109962463,
    390.9953169822693,
    400.8420469760895,
    280.3278708457947,
    190.7250440120697,
    220.6081578731537,
    169.60847902297974,
    390.14083313941956,
    409.1737222671509,
    459.7737681865692
  ],
  "step_size": 0.11,
  "theoretical_score": 2.3726666666666665
}