{
  "datetime": "2021-12-10T20:54:25Z",
  "opt_score": -1.7206666666666668,
  "opt_settings": [
    [
      [
        []
      ]
    ],
    [
      [
        [
          0.9571018626281003
        ],
        [
          -0.24216466387202645
        ]
      ],
      [
        [
          -2.707589242992166
        ],
        [
          -0.02860154484065318
        ]
      ]
    ]
  ],
  "scores": [
    -1.8633333333333333,
    -1.7206666666666668,
    -1.5503333333333333,
    -1.331,
    -1.033,
    -0.6173333333333335,
    -0.12833333333333327,
    0.43099999999999994,
    0.8523333333333334,
    1.1676666666666669,
    1.3559999999999999,
    1.536,
    1.5806666666666667,
    1.6403333333333334,
    1.6563333333333334,
    1.6433333333333333,
    1.6663333333333332
  ],
  "samples": [
    0,
    1,
    2,
    3,
    4,
    5,
    6,
    7,
    8,
    9,
    10,
    11,
    12,
    13,
    14,
    15,
    16
  ],
  "settings_history": [
    [
      [
        [
          []
        ]
      ],
      [
        [
          [
            0.9907218626281002
          ],
          [
            -0.18094466387202646
          ]
        ],
        [
          [
            -2.710149242992166
          ],
          [
            -0.12344154484065317
          ]
        ]
      ]
    ],
    [
      [
        [
          []
        ]
      ],
      [
        [
          [
            0.9571018626281003
          ],
          [
            -0.24216466387202645
          ]
        ],
        [
          [
            -2.707589242992166
          ],
          [
            -0.02860154484065318
          ]
        ]
      ]
    ],
    [
      [
        [
          []
        ]
      ],
      [
        [
          [
            0.9208218626281003
          ],
          [
            -0.3242846638720265
          ]
        ],
        [
          [
            -2.694249242992166
          ],
          [
            0.07229845515934681
          ]
        ]
      ]
    ],
    [
      [
        [
          []
        ]
      ],
      [
        [
          [
            0.8925818626281002
          ],
          [
            -0.43266466387202646
          ]
        ],
        [
          [
            -2.6701492429921663
          ],
          [
            0.1826384551593468
          ]
        ]
      ]
    ],
    [
      [
        [
          []
        ]
      ],
      [
        [
          [
            0.8725418626281003
          ],
          [
            -0.5689246638720264
          ]
        ],
        [
          [
            -2.630669242992166
          ],
          [
            0.30455845515934676
          ]
        ]
      ]
    ],
    [
      [
        [
          []
        ]
      ],
      [
        [
          [
            0.8595618626281003
          ],
          [
            -0.7330646638720264
          ]
        ],
        [
          [
            -2.575949242992166
          ],
          [
            0.43465845515934676
          ]
        ]
      ]
    ],
    [
      [
        [
          []
        ]
      ],
      [
        [
          [
            0.8517018626281003
          ],
          [
            -0.9214846638720264
          ]
        ],
        [
          [
            -2.508049242992166
          ],
          [
            0.5640984551593468
          ]
        ]
      ]
    ],
    [
      [
        [
          []
        ]
      ],
      [
        [
          [
            0.8500418626281003
          ],
          [
            -1.1215046638720265
          ]
        ],
        [
          [
            -2.428049242992166
          ],
          [
            0.6852784551593467
          ]
        ]
      ]
    ],
    [
      [
        [
          []
        ]
      ],
      [
        [
          [
            0.8515418626281004
          ],
          [
            -1.3129246638720264
          ]
        ],
        [
          [
            -2.342569242992166
          ],
          [
            0.7974184551593467
          ]
        ]
      ]
    ],
    [
      [
        [
          []
        ]
      ],
      [
        [
          [
            0.8511418626281004
          ],
          [
            -1.4831446638720265
          ]
        ],
        [
          [
            -2.259189242992166
          ],
          [
            0.8882384551593467
          ]
        ]
      ]
    ],
    [
      [
        [
          []
        ]
      ],
      [
        [
          [
            0.8568418626281005
          ],
          [
            -1.6186846638720265
          ]
        ],
        [
          [
            -2.186169242992166
          ],
          [
            0.9601984551593468
          ]
        ]
      ]
    ],
    [
      [
        [
          []
        ]
      ],
      [
        [
          [
            0.8588218626281005
          ],
          [
            -1.7249646638720264
          ]
        ],
        [
          [
            -2.121989242992166
          ],
          [
            1.0015184551593468
          ]
        ]
      ]
    ],
    [
      [
        [
          []
        ]
      ],
      [
        [
          [
            0.8592618626281004
          ],
          [
            -1.7994446638720265
          ]
        ],
        [
          [
            -2.067909242992166
          ],
          [
            1.0242784551593467
          ]
        ]
      ]
    ],
    [
      [
        [
          []
        ]
      ],
      [
        [
          [
            0.8592818626281005
          ],
          [
            -1.8534246638720264
          ]
        ],
        [
          [
            -2.0214292429921663
          ],
          [
            1.0368984551593468
          ]
        ]
      ]
    ],
    [
      [
        [
          []
        ]
      ],
      [
        [
          [
            0.8552418626281004
          ],
          [
            -1.8949046638720264
          ]
        ],
        [
          [
            -1.9809692429921664
          ],
          [
            1.0418584551593468
          ]
        ]
      ]
    ],
    [
      [
        [
          []
        ]
      ],
      [
        [
          [
            0.8476618626281004
          ],
          [
            -1.9216246638720265
          ]
        ],
        [
          [
            -1.9426492429921665
          ],
          [
            1.0406384551593468
          ]
        ]
      ]
    ],
    [
      [
        [
          []
        ]
      ],
      [
        [
          [
            0.8374618626281004
          ],
          [
            -1.9423246638720264
          ]
        ],
        [
          [
            -1.9031092429921665
          ],
          [
            1.0339984551593469
          ]
        ]
      ]
    ]
  ],
  "step_times": [
    210.3281750679016,
    210.3281750679016,
    289.6273148059845,
    229.8728311061859,
    229.85063076019287,
    219.17882895469666,
    220.2255368232727,
    200.2994041442871,
    149.8514940738678,
    170.47986006736755,
    179.7159481048584,
    240.09016799926758,
    199.33864903450012,
    229.62109208106995,
    180.09901881217957,
    180.23344373703003,
    170.02772092819214
  ],
  "step_size": 0.12,
  "theoretical_score": 2.3256666666666668
}