{
  "datetime": "2021-12-10T04:50:47Z",
  "opt_score": 1.03,
  "opt_settings": [
    [
      [
        []
      ]
    ],
    [
      [
        [
          1.8149862381638635
        ],
        [
          -0.6650804272883486
        ]
      ],
      [
        [
          -2.616008325296955
        ],
        [
          2.096339363248822
        ]
      ]
    ]
  ],
  "scores": [
    0.742,
    1.03,
    1.27,
    1.5613333333333335,
    1.6909999999999998,
    1.8923333333333334,
    1.9383333333333335,
    2.169,
    2.1836666666666664,
    2.2906666666666666,
    2.3396666666666666,
    2.3106666666666666,
    2.357,
    2.3353333333333333,
    2.368333333333333,
    2.396333333333333,
    2.3853333333333335
  ],
  "samples": [
    0,
    1,
    2,
    3,
    4,
    5,
    6,
    7,
    8,
    9,
    10,
    11,
    12,
    13,
    14,
    15,
    16
  ],
  "settings_history": [
    [
      [
        [
          []
        ]
      ],
      [
        [
          [
            1.6766462381638636
          ],
          [
            -0.5336804272883486
          ]
        ],
        [
          [
            -2.613408325296955
          ],
          [
            2.088959363248822
          ]
        ]
      ]
    ],
    [
      [
        [
          []
        ]
      ],
      [
        [
          [
            1.8149862381638635
          ],
          [
            -0.6650804272883486
          ]
        ],
        [
          [
            -2.616008325296955
          ],
          [
            2.096339363248822
          ]
        ]
      ]
    ],
    [
      [
        [
          []
        ]
      ],
      [
        [
          [
            1.9454862381638636
          ],
          [
            -0.7976004272883486
          ]
        ],
        [
          [
            -2.619228325296955
          ],
          [
            2.104179363248822
          ]
        ]
      ]
    ],
    [
      [
        [
          []
        ]
      ],
      [
        [
          [
            2.0686062381638637
          ],
          [
            -0.9186604272883485
          ]
        ],
        [
          [
            -2.6192883252969548
          ],
          [
            2.111859363248822
          ]
        ]
      ]
    ],
    [
      [
        [
          []
        ]
      ],
      [
        [
          [
            2.1782262381638637
          ],
          [
            -1.0262404272883485
          ]
        ],
        [
          [
            -2.618888325296955
          ],
          [
            2.121439363248822
          ]
        ]
      ]
    ],
    [
      [
        [
          []
        ]
      ],
      [
        [
          [
            2.2782662381638636
          ],
          [
            -1.1239404272883484
          ]
        ],
        [
          [
            -2.6202083252969546
          ],
          [
            2.1255193632488223
          ]
        ]
      ]
    ],
    [
      [
        [
          []
        ]
      ],
      [
        [
          [
            2.365266238163864
          ],
          [
            -1.2116204272883484
          ]
        ],
        [
          [
            -2.6198083252969546
          ],
          [
            2.1283593632488222
          ]
        ]
      ]
    ],
    [
      [
        [
          []
        ]
      ],
      [
        [
          [
            2.443786238163864
          ],
          [
            -1.2894404272883484
          ]
        ],
        [
          [
            -2.6197483252969547
          ],
          [
            2.1295193632488223
          ]
        ]
      ]
    ],
    [
      [
        [
          []
        ]
      ],
      [
        [
          [
            2.516526238163864
          ],
          [
            -1.3565404272883483
          ]
        ],
        [
          [
            -2.6193283252969546
          ],
          [
            2.1291993632488224
          ]
        ]
      ]
    ],
    [
      [
        [
          []
        ]
      ],
      [
        [
          [
            2.575986238163864
          ],
          [
            -1.4151804272883484
          ]
        ],
        [
          [
            -2.617528325296955
          ],
          [
            2.1281593632488223
          ]
        ]
      ]
    ],
    [
      [
        [
          []
        ]
      ],
      [
        [
          [
            2.627086238163864
          ],
          [
            -1.4685604272883483
          ]
        ],
        [
          [
            -2.610208325296955
          ],
          [
            2.1335793632488222
          ]
        ]
      ]
    ],
    [
      [
        [
          []
        ]
      ],
      [
        [
          [
            2.672706238163864
          ],
          [
            -1.5127804272883483
          ]
        ],
        [
          [
            -2.6053883252969547
          ],
          [
            2.135199363248822
          ]
        ]
      ]
    ],
    [
      [
        [
          []
        ]
      ],
      [
        [
          [
            2.709706238163864
          ],
          [
            -1.5516804272883482
          ]
        ],
        [
          [
            -2.6008283252969546
          ],
          [
            2.136479363248822
          ]
        ]
      ]
    ],
    [
      [
        [
          []
        ]
      ],
      [
        [
          [
            2.7426262381638637
          ],
          [
            -1.5843204272883482
          ]
        ],
        [
          [
            -2.5998683252969546
          ],
          [
            2.136319363248822
          ]
        ]
      ]
    ],
    [
      [
        [
          []
        ]
      ],
      [
        [
          [
            2.7708862381638637
          ],
          [
            -1.6150604272883482
          ]
        ],
        [
          [
            -2.5980683252969548
          ],
          [
            2.139139363248822
          ]
        ]
      ]
    ],
    [
      [
        [
          []
        ]
      ],
      [
        [
          [
            2.794286238163864
          ],
          [
            -1.6383004272883481
          ]
        ],
        [
          [
            -2.595028325296955
          ],
          [
            2.1409393632488216
          ]
        ]
      ]
    ],
    [
      [
        [
          []
        ]
      ],
      [
        [
          [
            2.815806238163864
          ],
          [
            -1.6640404272883482
          ]
        ],
        [
          [
            -2.5916083252969546
          ],
          [
            2.1416593632488214
          ]
        ]
      ]
    ]
  ],
  "step_times": [
    359.9372570514679,
    359.9372570514679,
    2360.8747839927673,
    280.0955150127411,
    159.78779697418213,
    400.4076166152954,
    380.0031907558441,
    160.02187967300415,
    169.66880989074707,
    149.99850702285767,
    449.6963782310486,
    390.0773651599884,
    170.4694583415985,
    470.1341860294342,
    469.76882791519165,
    400.02333903312683,
    150.00273203849792
  ],
  "step_size": 0.12,
  "theoretical_score": 2.4116666666666666
}