{
  "datetime": "2021-12-08T15:38:10Z",
  "opt_score": -0.43866666666666654,
  "opt_settings": [
    [
      [
        []
      ]
    ],
    [
      [
        [
          2.010355704819024
        ],
        [
          1.203198848464941
        ]
      ],
      [
        [
          -2.514132264710824
        ],
        [
          -2.2809476465062266
        ]
      ]
    ]
  ],
  "scores": [
    -0.8836666666666666,
    -0.43866666666666654,
    0.1303333333333333,
    0.8126666666666666,
    1.341,
    1.752,
    1.9673333333333334,
    2.1786666666666665,
    2.2046666666666663,
    2.268,
    2.3276666666666666,
    2.347,
    2.3873333333333333,
    2.3693333333333335,
    2.4203333333333332,
    2.39,
    2.4083333333333337
  ],
  "samples": [
    0,
    1,
    2,
    3,
    4,
    5,
    6,
    7,
    8,
    9,
    10,
    11,
    12,
    13,
    14,
    15,
    16
  ],
  "settings_history": [
    [
      [
        [
          []
        ]
      ],
      [
        [
          [
            1.8362757048190241
          ],
          [
            1.186058848464941
          ]
        ],
        [
          [
            -2.384792264710824
          ],
          [
            -2.2248876465062266
          ]
        ]
      ]
    ],
    [
      [
        [
          []
        ]
      ],
      [
        [
          [
            2.010355704819024
          ],
          [
            1.203198848464941
          ]
        ],
        [
          [
            -2.514132264710824
          ],
          [
            -2.2809476465062266
          ]
        ]
      ]
    ],
    [
      [
        [
          []
        ]
      ],
      [
        [
          [
            2.207555704819024
          ],
          [
            1.222798848464941
          ]
        ],
        [
          [
            -2.668292264710824
          ],
          [
            -2.3377276465062264
          ]
        ]
      ]
    ],
    [
      [
        [
          []
        ]
      ],
      [
        [
          [
            2.4104557048190243
          ],
          [
            1.249958848464941
          ]
        ],
        [
          [
            -2.837732264710824
          ],
          [
            -2.3980676465062265
          ]
        ]
      ]
    ],
    [
      [
        [
          []
        ]
      ],
      [
        [
          [
            2.602395704819024
          ],
          [
            1.282598848464941
          ]
        ],
        [
          [
            -3.0097522647108237
          ],
          [
            -2.4531676465062264
          ]
        ]
      ]
    ],
    [
      [
        [
          []
        ]
      ],
      [
        [
          [
            2.765255704819024
          ],
          [
            1.3192788484649411
          ]
        ],
        [
          [
            -3.170912264710824
          ],
          [
            -2.4940276465062263
          ]
        ]
      ]
    ],
    [
      [
        [
          []
        ]
      ],
      [
        [
          [
            2.8907157048190237
          ],
          [
            1.351298848464941
          ]
        ],
        [
          [
            -3.306372264710824
          ],
          [
            -2.520107646506226
          ]
        ]
      ]
    ],
    [
      [
        [
          []
        ]
      ],
      [
        [
          [
            2.9788357048190237
          ],
          [
            1.384398848464941
          ]
        ],
        [
          [
            -3.421372264710824
          ],
          [
            -2.531087646506226
          ]
        ]
      ]
    ],
    [
      [
        [
          []
        ]
      ],
      [
        [
          [
            3.0436957048190236
          ],
          [
            1.4129188484649409
          ]
        ],
        [
          [
            -3.514792264710824
          ],
          [
            -2.5315276465062264
          ]
        ]
      ]
    ],
    [
      [
        [
          []
        ]
      ],
      [
        [
          [
            3.0875357048190235
          ],
          [
            1.4384588484649408
          ]
        ],
        [
          [
            -3.586532264710824
          ],
          [
            -2.5260476465062265
          ]
        ]
      ]
    ],
    [
      [
        [
          []
        ]
      ],
      [
        [
          [
            3.1182357048190235
          ],
          [
            1.4600188484649408
          ]
        ],
        [
          [
            -3.649452264710824
          ],
          [
            -2.5184476465062264
          ]
        ]
      ]
    ],
    [
      [
        [
          []
        ]
      ],
      [
        [
          [
            3.1336357048190235
          ],
          [
            1.4786788484649407
          ]
        ],
        [
          [
            -3.694752264710824
          ],
          [
            -2.5072276465062266
          ]
        ]
      ]
    ],
    [
      [
        [
          []
        ]
      ],
      [
        [
          [
            3.1457957048190237
          ],
          [
            1.4972788484649406
          ]
        ],
        [
          [
            -3.7341522647108243
          ],
          [
            -2.4987476465062266
          ]
        ]
      ]
    ],
    [
      [
        [
          []
        ]
      ],
      [
        [
          [
            3.1529557048190235
          ],
          [
            1.5089388484649406
          ]
        ],
        [
          [
            -3.7690722647108243
          ],
          [
            -2.4864476465062264
          ]
        ]
      ]
    ],
    [
      [
        [
          []
        ]
      ],
      [
        [
          [
            3.1573957048190238
          ],
          [
            1.5184188484649406
          ]
        ],
        [
          [
            -3.795352264710824
          ],
          [
            -2.4720676465062263
          ]
        ]
      ]
    ],
    [
      [
        [
          []
        ]
      ],
      [
        [
          [
            3.1562157048190236
          ],
          [
            1.5260388484649405
          ]
        ],
        [
          [
            -3.817972264710824
          ],
          [
            -2.457807646506226
          ]
        ]
      ]
    ],
    [
      [
        [
          []
        ]
      ],
      [
        [
          [
            3.1566957048190236
          ],
          [
            1.5318788484649406
          ]
        ],
        [
          [
            -3.834232264710824
          ],
          [
            -2.446127646506226
          ]
        ]
      ]
    ]
  ],
  "step_times": [
    799.795264005661,
    799.795264005661,
    849.9014439582825,
    10500.739474058151,
    189.75197887420654,
    199.737144947052,
    190.46281719207764,
    180.0876281261444,
    199.25332927703857,
    180.95889401435852,
    180.0993149280548,
    220.13549900054932,
    219.94991397857666,
    410.4911370277405,
    189.87062788009644,
    230.19204831123352,
    239.9006736278534
  ],
  "step_size": 0.12,
  "theoretical_score": 2.3803333333333336
}