{
  "datetime": "2021-12-09T15:33:13Z",
  "opt_score": -1.9006666666666665,
  "opt_settings": [
    [
      [
        []
      ]
    ],
    [
      [
        [
          -0.8928302553272267
        ],
        [
          0.5508131300407066
        ]
      ],
      [
        [
          -2.804274196123151
        ],
        [
          2.197683135864221
        ]
      ]
    ]
  ],
  "scores": [
    -2.018,
    -1.9006666666666665,
    -1.5936666666666666,
    -1.157,
    -0.6266666666666666,
    0.02200000000000002,
    0.5429999999999999,
    1.1156666666666666,
    1.5016666666666665,
    1.8493333333333333,
    2.042666666666667,
    2.1313333333333335,
    2.254,
    2.294,
    2.3040000000000003,
    2.3453333333333335,
    2.2546666666666666
  ],
  "samples": [
    0,
    1,
    2,
    3,
    4,
    5,
    6,
    7,
    8,
    9,
    10,
    11,
    12,
    13,
    14,
    15,
    16
  ],
  "settings_history": [
    [
      [
        [
          []
        ]
      ],
      [
        [
          [
            -0.8200702553272268
          ],
          [
            0.6146331300407066
          ]
        ],
        [
          [
            -2.864554196123151
          ],
          [
            2.118103135864221
          ]
        ]
      ]
    ],
    [
      [
        [
          []
        ]
      ],
      [
        [
          [
            -0.8928302553272267
          ],
          [
            0.5508131300407066
          ]
        ],
        [
          [
            -2.804274196123151
          ],
          [
            2.197683135864221
          ]
        ]
      ]
    ],
    [
      [
        [
          []
        ]
      ],
      [
        [
          [
            -0.9871902553272267
          ],
          [
            0.47467313004070666
          ]
        ],
        [
          [
            -2.727354196123151
          ],
          [
            2.2905431358642208
          ]
        ]
      ]
    ],
    [
      [
        [
          []
        ]
      ],
      [
        [
          [
            -1.1063502553272266
          ],
          [
            0.38185313004070665
          ]
        ],
        [
          [
            -2.630694196123151
          ],
          [
            2.403903135864221
          ]
        ]
      ]
    ],
    [
      [
        [
          []
        ]
      ],
      [
        [
          [
            -1.2510702553272266
          ],
          [
            0.28285313004070667
          ]
        ],
        [
          [
            -2.515154196123151
          ],
          [
            2.533383135864221
          ]
        ]
      ]
    ],
    [
      [
        [
          []
        ]
      ],
      [
        [
          [
            -1.4121302553272266
          ],
          [
            0.17281313004070667
          ]
        ],
        [
          [
            -2.389834196123151
          ],
          [
            2.667263135864221
          ]
        ]
      ]
    ],
    [
      [
        [
          []
        ]
      ],
      [
        [
          [
            -1.5791302553272266
          ],
          [
            0.06309313004070666
          ]
        ],
        [
          [
            -2.253154196123151
          ],
          [
            2.7222831358642208
          ]
        ]
      ]
    ],
    [
      [
        [
          []
        ]
      ],
      [
        [
          [
            -1.7352502553272267
          ],
          [
            -0.04690686995929334
          ]
        ],
        [
          [
            -2.118374196123151
          ],
          [
            2.8582631358642208
          ]
        ]
      ]
    ],
    [
      [
        [
          []
        ]
      ],
      [
        [
          [
            -1.8702902553272267
          ],
          [
            -0.14852686995929335
          ]
        ],
        [
          [
            -1.994914196123151
          ],
          [
            2.9793031358642206
          ]
        ]
      ]
    ],
    [
      [
        [
          []
        ]
      ],
      [
        [
          [
            -1.9804902553272268
          ],
          [
            -0.24094686995929337
          ]
        ],
        [
          [
            -1.892934196123151
          ],
          [
            3.0778631358642206
          ]
        ]
      ]
    ],
    [
      [
        [
          []
        ]
      ],
      [
        [
          [
            -2.0666502553272266
          ],
          [
            -0.3197868699592934
          ]
        ],
        [
          [
            -1.802854196123151
          ],
          [
            3.1471231358642204
          ]
        ]
      ]
    ],
    [
      [
        [
          []
        ]
      ],
      [
        [
          [
            -2.1297102553272267
          ],
          [
            -0.3839668699592934
          ]
        ],
        [
          [
            -1.729614196123151
          ],
          [
            3.1974231358642204
          ]
        ]
      ]
    ],
    [
      [
        [
          []
        ]
      ],
      [
        [
          [
            -2.1727502553272267
          ],
          [
            -0.4400268699592934
          ]
        ],
        [
          [
            -1.626294196123151
          ],
          [
            3.2369631358642206
          ]
        ]
      ]
    ],
    [
      [
        [
          []
        ]
      ],
      [
        [
          [
            -2.2022502553272267
          ],
          [
            -0.4851468699592934
          ]
        ],
        [
          [
            -1.587054196123151
          ],
          [
            3.2617431358642204
          ]
        ]
      ]
    ],
    [
      [
        [
          []
        ]
      ],
      [
        [
          [
            -2.2202102553272267
          ],
          [
            -0.5215468699592933
          ]
        ],
        [
          [
            -1.5561941961231511
          ],
          [
            3.2751831358642205
          ]
        ]
      ]
    ],
    [
      [
        [
          []
        ]
      ],
      [
        [
          [
            -2.281850255327227
          ],
          [
            -0.5449868699592934
          ]
        ],
        [
          [
            -1.5327741961231511
          ],
          [
            3.2806831358642206
          ]
        ]
      ]
    ],
    [
      [
        [
          []
        ]
      ],
      [
        [
          [
            -2.280490255327227
          ],
          [
            -0.5663068699592934
          ]
        ],
        [
          [
            -1.517574196123151
          ],
          [
            3.2828431358642205
          ]
        ]
      ]
    ]
  ],
  "step_times": [
    219.79624009132385,
    219.79624009132385,
    150.01752305030823,
    169.74608612060547,
    150.0006079673767,
    170.0675630569458,
    169.82670497894287,
    239.6760549545288,
    249.86662077903748,
    269.9562909603119,
    200.38925886154175,
    170.18800806999207,
    200.28877472877502,
    200.24902606010437,
    200.49998998641968,
    179.62965202331543,
    210.01489996910095
  ],
  "step_size": 0.12,
  "theoretical_score": 2.3376666666666663
}