{
  "datetime": "2021-12-10T14:50:33Z",
  "opt_score": -1.2086666666666668,
  "opt_settings": [
    [
      [
        []
      ]
    ],
    [
      [
        [
          -2.768431150302808
        ],
        [
          2.1755801693810453
        ]
      ],
      [
        [
          -0.4289490886679231
        ],
        [
          -0.4245166568559024
        ]
      ]
    ]
  ],
  "scores": [
    -1.4933333333333332,
    -1.2086666666666668,
    -0.8646666666666667,
    -0.359,
    0.15766666666666662,
    0.673,
    1.0873333333333335,
    1.3723333333333332,
    1.576,
    1.6966666666666668,
    1.758,
    1.7823333333333333,
    1.8066666666666666,
    1.8226666666666667,
    1.8676666666666666,
    1.8176666666666668,
    1.8823333333333334
  ],
  "samples": [
    0,
    1,
    2,
    3,
    4,
    5,
    6,
    7,
    8,
    9,
    10,
    11,
    12,
    13,
    14,
    15,
    16
  ],
  "settings_history": [
    [
      [
        [
          []
        ]
      ],
      [
        [
          [
            -2.895071150302808
          ],
          [
            2.1659601693810453
          ]
        ],
        [
          [
            -0.42176908866792306
          ],
          [
            -0.3057766568559024
          ]
        ]
      ]
    ],
    [
      [
        [
          []
        ]
      ],
      [
        [
          [
            -2.768431150302808
          ],
          [
            2.1755801693810453
          ]
        ],
        [
          [
            -0.4289490886679231
          ],
          [
            -0.4245166568559024
          ]
        ]
      ]
    ],
    [
      [
        [
          []
        ]
      ],
      [
        [
          [
            -2.612491150302808
          ],
          [
            2.1757201693810453
          ]
        ],
        [
          [
            -0.45184908866792306
          ],
          [
            -0.5555566568559024
          ]
        ]
      ]
    ],
    [
      [
        [
          []
        ]
      ],
      [
        [
          [
            -2.4290311503028077
          ],
          [
            2.1648201693810454
          ]
        ],
        [
          [
            -0.48592908866792306
          ],
          [
            -0.6925566568559024
          ]
        ]
      ]
    ],
    [
      [
        [
          []
        ]
      ],
      [
        [
          [
            -2.2234911503028076
          ],
          [
            2.1465201693810454
          ]
        ],
        [
          [
            -0.532549088667923
          ],
          [
            -0.8260766568559024
          ]
        ]
      ]
    ],
    [
      [
        [
          []
        ]
      ],
      [
        [
          [
            -2.0130511503028075
          ],
          [
            2.1185201693810454
          ]
        ],
        [
          [
            -0.5918890886679231
          ],
          [
            -0.9472566568559023
          ]
        ]
      ]
    ],
    [
      [
        [
          []
        ]
      ],
      [
        [
          [
            -1.8164111503028075
          ],
          [
            2.0808801693810453
          ]
        ],
        [
          [
            -0.6516090886679231
          ],
          [
            -1.0481366568559023
          ]
        ]
      ]
    ],
    [
      [
        [
          []
        ]
      ],
      [
        [
          [
            -1.6471111503028075
          ],
          [
            2.0394201693810454
          ]
        ],
        [
          [
            -0.708389088667923
          ],
          [
            -1.1233366568559022
          ]
        ]
      ]
    ],
    [
      [
        [
          []
        ]
      ],
      [
        [
          [
            -1.5126311503028076
          ],
          [
            1.9950801693810454
          ]
        ],
        [
          [
            -0.750769088667923
          ],
          [
            -1.1750366568559023
          ]
        ]
      ]
    ],
    [
      [
        [
          []
        ]
      ],
      [
        [
          [
            -1.4072111503028075
          ],
          [
            1.9512801693810453
          ]
        ],
        [
          [
            -0.7811290886679231
          ],
          [
            -1.2061566568559023
          ]
        ]
      ]
    ],
    [
      [
        [
          []
        ]
      ],
      [
        [
          [
            -1.3260911503028074
          ],
          [
            1.9100001693810453
          ]
        ],
        [
          [
            -0.8001090886679231
          ],
          [
            -1.2244966568559024
          ]
        ]
      ]
    ],
    [
      [
        [
          []
        ]
      ],
      [
        [
          [
            -1.2682511503028073
          ],
          [
            1.8658201693810454
          ]
        ],
        [
          [
            -0.8070090886679231
          ],
          [
            -1.2323166568559023
          ]
        ]
      ]
    ],
    [
      [
        [
          []
        ]
      ],
      [
        [
          [
            -1.2205711503028074
          ],
          [
            1.8213001693810456
          ]
        ],
        [
          [
            -0.804749088667923
          ],
          [
            -1.2422366568559022
          ]
        ]
      ]
    ],
    [
      [
        [
          []
        ]
      ],
      [
        [
          [
            -1.1824111503028074
          ],
          [
            1.7785401693810456
          ]
        ],
        [
          [
            -0.7938890886679231
          ],
          [
            -1.2508966568559021
          ]
        ]
      ]
    ],
    [
      [
        [
          []
        ]
      ],
      [
        [
          [
            -1.1501111503028074
          ],
          [
            1.7313001693810457
          ]
        ],
        [
          [
            -0.7764090886679231
          ],
          [
            -1.253196656855902
          ]
        ]
      ]
    ],
    [
      [
        [
          []
        ]
      ],
      [
        [
          [
            -1.1265711503028075
          ],
          [
            1.6860801693810457
          ]
        ],
        [
          [
            -0.7510490886679231
          ],
          [
            -1.259896656855902
          ]
        ]
      ]
    ],
    [
      [
        [
          []
        ]
      ],
      [
        [
          [
            -1.1065911503028074
          ],
          [
            1.6371201693810455
          ]
        ],
        [
          [
            -0.7197890886679231
          ],
          [
            -1.266456656855902
          ]
        ]
      ]
    ]
  ],
  "step_times": [
    210.1078131198883,
    210.1078131198883,
    230.07759308815002,
    159.4151668548584,
    210.03281593322754,
    209.82745885849,
    209.72529482841492,
    279.9036169052124,
    239.4983570575714,
    229.8386631011963,
    269.8483159542084,
    230.38618421554565,
    149.8621199131012,
    209.9973886013031,
    310.0950388908386,
    240.73748803138733,
    209.91741275787354
  ],
  "step_size": 0.12,
  "theoretical_score": 2.4566666666666666
}