{
  "datetime": "2021-12-10T17:45:55Z",
  "opt_score": 1.6196666666666668,
  "opt_settings": [
    [
      [
        []
      ]
    ],
    [
      [
        [
          1.3476350380656268
        ],
        [
          1.0969960503326281
        ]
      ],
      [
        [
          1.1613562145489864
        ],
        [
          0.7026347226941213
        ]
      ]
    ]
  ],
  "scores": [
    1.4813333333333336,
    1.6196666666666668,
    1.6723333333333332,
    1.6983333333333328,
    1.7469999999999999,
    1.790333333333333,
    1.845666666666667,
    1.8436666666666666,
    1.8206666666666664,
    1.8806666666666665,
    1.9030000000000005,
    1.944,
    1.9543333333333333,
    2.0890000000000004,
    1.9679999999999997,
    2.0516666666666667,
    2.2006666666666668
  ],
  "samples": [
    0,
    1,
    2,
    3,
    4,
    5,
    6,
    7,
    8,
    9,
    10,
    11,
    12,
    13,
    14,
    15,
    16
  ],
  "settings_history": [
    [
      [
        [
          []
        ]
      ],
      [
        [
          [
            1.4505750380656268
          ],
          [
            1.044996050332628
          ]
        ],
        [
          [
            1.1424162145489865
          ],
          [
            0.6697747226941213
          ]
        ]
      ]
    ],
    [
      [
        [
          []
        ]
      ],
      [
        [
          [
            1.3476350380656268
          ],
          [
            1.0969960503326281
          ]
        ],
        [
          [
            1.1613562145489864
          ],
          [
            0.7026347226941213
          ]
        ]
      ]
    ],
    [
      [
        [
          []
        ]
      ],
      [
        [
          [
            1.2700750380656267
          ],
          [
            1.1414360503326282
          ]
        ],
        [
          [
            1.1735162145489864
          ],
          [
            0.7255747226941213
          ]
        ]
      ]
    ],
    [
      [
        [
          []
        ]
      ],
      [
        [
          [
            1.2107950380656267
          ],
          [
            1.1886560503326282
          ]
        ],
        [
          [
            1.1789562145489865
          ],
          [
            0.7391547226941213
          ]
        ]
      ]
    ],
    [
      [
        [
          []
        ]
      ],
      [
        [
          [
            1.1652350380656267
          ],
          [
            1.2320560503326283
          ]
        ],
        [
          [
            1.1825562145489865
          ],
          [
            0.7429747226941213
          ]
        ]
      ]
    ],
    [
      [
        [
          []
        ]
      ],
      [
        [
          [
            1.1312950380656266
          ],
          [
            1.2738960503326284
          ]
        ],
        [
          [
            1.1806162145489865
          ],
          [
            0.7354747226941214
          ]
        ]
      ]
    ],
    [
      [
        [
          []
        ]
      ],
      [
        [
          [
            1.0997150380656266
          ],
          [
            1.3172960503326285
          ]
        ],
        [
          [
            1.1842362145489864
          ],
          [
            0.7232147226941213
          ]
        ]
      ]
    ],
    [
      [
        [
          []
        ]
      ],
      [
        [
          [
            1.0715750380656266
          ],
          [
            1.3622360503326285
          ]
        ],
        [
          [
            1.1884562145489863
          ],
          [
            0.7040747226941213
          ]
        ]
      ]
    ],
    [
      [
        [
          []
        ]
      ],
      [
        [
          [
            1.0497550380656266
          ],
          [
            1.4092360503326284
          ]
        ],
        [
          [
            1.1952562145489862
          ],
          [
            0.6763947226941213
          ]
        ]
      ]
    ],
    [
      [
        [
          []
        ]
      ],
      [
        [
          [
            1.0292950380656267
          ],
          [
            1.4586760503326284
          ]
        ],
        [
          [
            1.2037562145489862
          ],
          [
            0.6448347226941212
          ]
        ]
      ]
    ],
    [
      [
        [
          []
        ]
      ],
      [
        [
          [
            1.0132550380656267
          ],
          [
            1.5086960503326283
          ]
        ],
        [
          [
            1.2114562145489862
          ],
          [
            0.6101947226941212
          ]
        ]
      ]
    ],
    [
      [
        [
          []
        ]
      ],
      [
        [
          [
            0.9979950380656266
          ],
          [
            1.5597760503326283
          ]
        ],
        [
          [
            1.2172162145489862
          ],
          [
            0.5696747226941212
          ]
        ]
      ]
    ],
    [
      [
        [
          []
        ]
      ],
      [
        [
          [
            0.9822350380656266
          ],
          [
            1.6132360503326284
          ]
        ],
        [
          [
            1.2252562145489863
          ],
          [
            0.5250147226941212
          ]
        ]
      ]
    ],
    [
      [
        [
          []
        ]
      ],
      [
        [
          [
            0.9689550380656267
          ],
          [
            1.6629760503326283
          ]
        ],
        [
          [
            1.2338762145489863
          ],
          [
            0.4824547226941212
          ]
        ]
      ]
    ],
    [
      [
        [
          []
        ]
      ],
      [
        [
          [
            0.9525350380656267
          ],
          [
            1.7181960503326283
          ]
        ],
        [
          [
            1.2436362145489863
          ],
          [
            0.4354347226941212
          ]
        ]
      ]
    ],
    [
      [
        [
          []
        ]
      ],
      [
        [
          [
            0.9377150380656267
          ],
          [
            1.7711760503326284
          ]
        ],
        [
          [
            1.2573162145489862
          ],
          [
            0.3882747226941212
          ]
        ]
      ]
    ],
    [
      [
        [
          []
        ]
      ],
      [
        [
          [
            0.9214150380656267
          ],
          [
            1.8264960503326284
          ]
        ],
        [
          [
            1.2708762145489862
          ],
          [
            0.3416347226941212
          ]
        ]
      ]
    ]
  ],
  "step_times": [
    238.76942896842957,
    238.76942896842957,
    219.70718097686768,
    270.2207770347595,
    190.00987911224365,
    270.01997900009155,
    249.70178079605103,
    270.17042994499207,
    269.99032187461853,
    279.87057399749756,
    270.18963098526,
    260.0627980232239,
    239.55361914634705,
    270.1973979473114,
    179.5892791748047,
    170.02989792823792,
    220.43511605262756
  ],
  "step_size": 0.12,
  "theoretical_score": 2.4223333333333334
}