{
  "datetime": "2021-12-09T01:25:09Z",
  "opt_score": 1.2006666666666668,
  "opt_settings": [
    [
      [
        []
      ]
    ],
    [
      [
        [
          2.2364099925795236
        ],
        [
          -0.07066904389680756
        ]
      ],
      [
        [
          0.1847319487024383
        ],
        [
          -2.565184253917607
        ]
      ]
    ]
  ],
  "scores": [
    0.848,
    1.2006666666666668,
    1.5143333333333335,
    1.7003333333333335,
    1.8896666666666668,
    2.0003333333333333,
    2.065,
    2.0763333333333334,
    2.1176666666666666,
    2.224666666666667,
    2.2053333333333334,
    2.2623333333333333,
    2.3153333333333332,
    2.3913333333333333,
    2.3463333333333334,
    2.3529999999999998,
    2.4210000000000003
  ],
  "samples": [
    0,
    1,
    2,
    3,
    4,
    5,
    6,
    7,
    8,
    9,
    10,
    11,
    12,
    13,
    14,
    15,
    16
  ],
  "settings_history": [
    [
      [
        [
          []
        ]
      ],
      [
        [
          [
            2.2250616592461903
          ],
          [
            -0.17610404389680756
          ]
        ],
        [
          [
            0.13198694870243832
          ],
          [
            -2.39453758725094
          ]
        ]
      ]
    ],
    [
      [
        [
          []
        ]
      ],
      [
        [
          [
            2.2364099925795236
          ],
          [
            -0.07066904389680756
          ]
        ],
        [
          [
            0.1847319487024383
          ],
          [
            -2.565184253917607
          ]
        ]
      ]
    ],
    [
      [
        [
          []
        ]
      ],
      [
        [
          [
            2.2448616592461903
          ],
          [
            0.01410428943652578
          ]
        ],
        [
          [
            0.24350861536910498
          ],
          [
            -2.7193675872509404
          ]
        ]
      ]
    ],
    [
      [
        [
          []
        ]
      ],
      [
        [
          [
            2.2494816592461904
          ],
          [
            0.07728095610319245
          ]
        ],
        [
          [
            0.309453615369105
          ],
          [
            -2.8516792539176072
          ]
        ]
      ]
    ],
    [
      [
        [
          []
        ]
      ],
      [
        [
          [
            2.2479416592461905
          ],
          [
            0.12080428943652578
          ]
        ],
        [
          [
            0.37451861536910497
          ],
          [
            -2.962265920584274
          ]
        ]
      ]
    ],
    [
      [
        [
          []
        ]
      ],
      [
        [
          [
            2.2398199925795237
          ],
          [
            0.15083428943652577
          ]
        ],
        [
          [
            0.4382269487024383
          ],
          [
            -3.051457587250941
          ]
        ]
      ]
    ],
    [
      [
        [
          []
        ]
      ],
      [
        [
          [
            2.226124992579524
          ],
          [
            0.17305428943652576
          ]
        ],
        [
          [
            0.5010002820357716
          ],
          [
            -3.050815920584274
          ]
        ]
      ]
    ],
    [
      [
        [
          []
        ]
      ],
      [
        [
          [
            2.210944992579524
          ],
          [
            0.20082928943652578
          ]
        ],
        [
          [
            0.5608219487024383
          ],
          [
            -3.1264409205842743
          ]
        ]
      ]
    ],
    [
      [
        [
          []
        ]
      ],
      [
        [
          [
            2.193308325912857
          ],
          [
            0.21919928943652578
          ]
        ],
        [
          [
            0.6216702820357716
          ],
          [
            -3.1865009205842743
          ]
        ]
      ]
    ],
    [
      [
        [
          []
        ]
      ],
      [
        [
          [
            2.1758366592461904
          ],
          [
            0.23839428943652577
          ]
        ],
        [
          [
            0.6785219487024382
          ],
          [
            -3.236807587250941
          ]
        ]
      ]
    ],
    [
      [
        [
          []
        ]
      ],
      [
        [
          [
            2.1562749925795237
          ],
          [
            0.2543626227698591
          ]
        ],
        [
          [
            0.7312302820357716
          ],
          [
            -3.2823292539176077
          ]
        ]
      ]
    ],
    [
      [
        [
          []
        ]
      ],
      [
        [
          [
            2.1373916592461906
          ],
          [
            0.2655092894365258
          ]
        ],
        [
          [
            0.7770819487024382
          ],
          [
            -3.317492587250941
          ]
        ]
      ]
    ],
    [
      [
        [
          []
        ]
      ],
      [
        [
          [
            2.116674992579524
          ],
          [
            0.27850762276985913
          ]
        ],
        [
          [
            0.8206419487024382
          ],
          [
            -3.3522342539176075
          ]
        ]
      ]
    ],
    [
      [
        [
          []
        ]
      ],
      [
        [
          [
            2.097864992579524
          ],
          [
            0.2915792894365258
          ]
        ],
        [
          [
            0.8567219487024382
          ],
          [
            -3.380632587250941
          ]
        ]
      ]
    ],
    [
      [
        [
          []
        ]
      ],
      [
        [
          [
            2.0114416592461906
          ],
          [
            0.3000676227698591
          ]
        ],
        [
          [
            0.8913352820357715
          ],
          [
            -3.405052587250941
          ]
        ]
      ]
    ],
    [
      [
        [
          []
        ]
      ],
      [
        [
          [
            2.0024216592461905
          ],
          [
            0.3062642894365258
          ]
        ],
        [
          [
            0.9194769487024381
          ],
          [
            -3.425732587250941
          ]
        ]
      ]
    ],
    [
      [
        [
          []
        ]
      ],
      [
        [
          [
            1.9911466592461906
          ],
          [
            0.3123876227698591
          ]
        ],
        [
          [
            0.9489202820357715
          ],
          [
            -3.446669253917608
          ]
        ]
      ]
    ]
  ],
  "step_times": [
    389.8474371433258,
    389.8474371433258,
    170.23626899719238,
    160.06396293640137,
    390.0309569835663,
    139.93208408355713,
    429.8129460811615,
    390.16812205314636,
    380.56908106803894,
    280.31024289131165,
    320.2949538230896,
    389.46790885925293,
    320.1647219657898,
    319.9787428379059,
    310.2268760204315,
    335.92786502838135,
    290.03415989875793
  ],
  "step_size": 0.11,
  "theoretical_score": 2.5026666666666664
}